territory_id,name,region,type,in_panel,lat,lon
1,Майкоп,Республика Адыгея,городской округ,True,44.6419,40.0346
2,Адыгейск,Республика Адыгея,городской округ,True,44.8713,39.2149
3,Гиагинский,Республика Адыгея,муниципальный район,True,44.8343,40.1959
4,Кошехабльский,Республика Адыгея,муниципальный район,True,44.7729,40.5757
5,Красногвардейский,Республика Адыгея,муниципальный район,True,45.0753,39.712
6,Майкопский,Республика Адыгея,муниципальный район,True,44.2934,40.2416
7,Тахтамукайский,Республика Адыгея,муниципальный район,True,44.9443,38.9128
8,Теучежский,Республика Адыгея,муниципальный район,True,44.913,39.3393
9,Шовгеновский,Республика Адыгея,муниципальный район,True,45.0278,40.1623
10,Горно-Алтайск,Республика Алтай,городской округ,True,51.9364,85.9697
11,Кош-Агачский,Республика Алтай,муниципальный район,True,49.8052,88.1067
12,Майминский,Республика Алтай,муниципальный район,True,51.8579,85.9683
13,Онгудайский,Республика Алтай,муниципальный район,True,50.7007,86.4078
14,Турочакский,Республика Алтай,муниципальный район,True,51.9781,87.529
15,Улаганский,Республика Алтай,муниципальный район,True,50.8328,88.3425
16,Усть-Канский,Республика Алтай,муниципальный район,True,50.8852,84.917
17,Усть-Коксинский,Республика Алтай,муниципальный район,True,50.1038,85.8392
18,Чемальский,Республика Алтай,муниципальный район,True,51.3216,86.2919
19,Чойский,Республика Алтай,муниципальный район,True,51.6308,86.6862
20,Шебалинский,Республика Алтай,муниципальный район,True,51.3391,85.4558
21,Уфа,Республика Башкортостан,городской округ,True,54.7592,56.0513
22,Агидель,Республика Башкортостан,городской округ,True,55.8665,53.9688
23,Кумертау,Республика Башкортостан,городской округ,True,52.8118,55.8443
25,Нефтекамск,Республика Башкортостан,городской округ,True,56.2592,54.5015
26,Октябрьский,Республика Башкортостан,городской округ,True,54.5083,53.478
27,Салават,Республика Башкортостан,городской округ,True,53.3721,55.9156
28,Сибай,Республика Башкортостан,городской округ,True,52.7196,58.6762
29,Стерлитамак,Республика Башкортостан,городской округ,True,53.6301,55.9438
30,Абзелиловский,Республика Башкортостан,муниципальный район,True,53.3416,58.5606
31,Альшеевский,Республика Башкортостан,муниципальный район,True,53.9315,54.8279
32,Архангельский,Республика Башкортостан,муниципальный район,True,54.5088,56.9653
33,Аскинский,Республика Башкортостан,муниципальный район,True,56.0641,56.561
34,Аургазинский,Республика Башкортостан,муниципальный район,True,54.0336,55.8125
35,Баймакский,Республика Башкортостан,муниципальный район,True,52.6163,58.2431
36,Бакалинский,Республика Башкортостан,муниципальный район,True,55.1385,53.7821
37,Балтачевский,Республика Башкортостан,муниципальный район,True,55.9474,56.0147
38,Белебеевский,Республика Башкортостан,муниципальный район,True,54.123,54.18
39,Белокатайский,Республика Башкортостан,муниципальный район,True,55.7092,58.9377
40,Белорецкий,Республика Башкортостан,муниципальный район,True,53.9927,57.4646
41,Бижбулякский,Республика Башкортостан,муниципальный район,True,53.6416,54.2319
42,Бирский,Республика Башкортостан,муниципальный район,True,55.3526,55.5116
43,Благоварский,Республика Башкортостан,муниципальный район,True,54.7306,54.9827
44,Благовещенский,Республика Башкортостан,муниципальный район,True,55.1975,56.2569
45,Буздякский,Республика Башкортостан,муниципальный район,True,54.6127,54.4774
46,Бураевский,Республика Башкортостан,муниципальный район,True,55.7855,55.394
47,Бурзянский,Республика Башкортостан,муниципальный район,True,53.2351,57.4377
48,Гафурийский,Республика Башкортостан,муниципальный район,True,53.9882,56.6227
49,Давлекановский,Республика Башкортостан,муниципальный район,True,54.2444,55.081
50,Дуванский,Республика Башкортостан,муниципальный район,True,55.6353,57.7067
51,Дюртюлинский,Республика Башкортостан,муниципальный район,True,55.489,54.8302
52,Ермекеевский,Республика Башкортостан,муниципальный район,True,54.0435,53.7082
53,Зианчуринский,Республика Башкортостан,муниципальный район,True,51.9579,56.8707
54,Зилаирский,Республика Башкортостан,муниципальный район,True,52.4383,57.3341
55,Иглинский,Республика Башкортостан,муниципальный район,True,54.7737,56.6603
56,Илишевский,Республика Башкортостан,муниципальный район,True,55.5039,54.3043
57,Ишимбайский,Республика Башкортостан,муниципальный район,True,53.5183,56.4931
58,Калтасинский,Республика Башкортостан,муниципальный район,True,55.9492,54.6947
59,Караидельский,Республика Башкортостан,муниципальный район,True,55.7807,56.949
60,Кармаскалинский,Республика Башкортостан,муниципальный район,True,54.3859,56.259
61,Кигинский,Республика Башкортостан,муниципальный район,True,55.4698,58.7159
62,Краснокамский,Республика Башкортостан,муниципальный район,True,55.8826,54.2495
63,Кугарчинский,Республика Башкортостан,муниципальный район,True,52.7336,56.7347
64,Куюргазинский,Республика Башкортостан,муниципальный район,False,52.7115,55.5967
65,Кушнаренковский,Республика Башкортостан,муниципальный район,True,55.0632,55.2972
66,Мелеузовский,Республика Башкортостан,муниципальный район,True,53.0109,55.9852
67,Мечетлинский,Республика Башкортостан,муниципальный район,True,55.9567,58.3979
68,Мишкинский,Республика Башкортостан,муниципальный район,True,55.6004,56.007
69,Миякинский,Республика Башкортостан,муниципальный район,True,53.6511,54.8259
70,Нуримановский,Республика Башкортостан,муниципальный район,True,55.3274,56.8779
71,Салаватский,Республика Башкортостан,муниципальный район,True,55.2616,58.2458
72,Стерлибашевский,Республика Башкортостан,муниципальный район,True,53.4004,55.3449
73,Стерлитамакский,Республика Башкортостан,муниципальный район,True,53.7306,55.7796
74,Татышлинский,Республика Башкортостан,муниципальный район,True,56.2251,55.7174
75,Туймазинский,Республика Башкортостан,муниципальный район,True,54.5078,53.8182
76,Уфимский,Республика Башкортостан,муниципальный район,True,54.7096,55.6976
77,Учалинский,Республика Башкортостан,муниципальный район,True,54.3581,59.2436
78,Федоровский,Республика Башкортостан,муниципальный район,True,53.0945,55.2451
79,Хайбуллинский,Республика Башкортостан,муниципальный район,True,52.0253,58.1996
80,Чекмагушевский,Республика Башкортостан,муниципальный район,True,55.1106,54.6216
81,Чишминский,Республика Башкортостан,муниципальный район,True,54.4996,55.355
82,Шаранский,Республика Башкортостан,муниципальный район,True,54.87,54.0207
83,Янаульский,Республика Башкортостан,муниципальный район,True,56.2162,54.8856
85,Северобайкальск,Республика Бурятия,городской округ,False,55.6242,109.286
86,Баргузинский,Республика Бурятия,муниципальный район,False,53.6042,109.5613
87,Баунтовский,Республика Бурятия,муниципальный район,False,54.35,113.4208
88,Бичурский,Республика Бурятия,муниципальный район,False,50.6651,107.6416
89,Джидинский,Республика Бурятия,муниципальный район,False,50.7989,105.239
90,Еравнинский,Республика Бурятия,муниципальный район,False,52.8079,112.3141
91,Заиграевский,Республика Бурятия,муниципальный район,False,51.907,108.2093
92,Закаменский,Республика Бурятия,муниципальный район,False,50.7558,103.2204
93,Иволгинский,Республика Бурятия,муниципальный район,False,51.7158,107.0649
94,Кабанский,Республика Бурятия,муниципальный район,False,51.9359,106.4294
95,Кижингинский,Республика Бурятия,муниципальный район,False,51.7825,110.1436
96,Курумканский,Республика Бурятия,муниципальный район,False,54.7015,111.0442
97,Кяхтинский,Республика Бурятия,муниципальный район,False,50.4214,106.5874
98,Муйский,Республика Бурятия,муниципальный район,False,56.2994,114.3641
99,Мухоршибирский,Республика Бурятия,муниципальный район,False,51.0966,107.7534
100,Окинский,Республика Бурятия,муниципальный район,False,52.5457,100.1749
101,Прибайкальский,Республика Бурятия,муниципальный район,False,52.6981,108.0941
102,Северо-Байкальский,Республика Бурятия,муниципальный район,False,55.6042,110.3186
103,Селенгинский,Республика Бурятия,муниципальный район,False,51.1173,106.2155
104,Тарбагатайский,Республика Бурятия,муниципальный район,False,51.4687,107.6385
105,Тункинский,Республика Бурятия,муниципальный район,False,51.5379,102.1842
106,Хоринский,Республика Бурятия,муниципальный район,False,52.4703,109.6441
107,Махачкала,Республика Дагестан,городской округ,False,42.9845,47.4209
108,Буйнакск,Республика Дагестан,городской округ,False,42.8221,47.1131
109,Дагестанские Огни,Республика Дагестан,городской округ,False,42.1129,48.1982
111,Избербаш,Республика Дагестан,городской округ,False,42.5614,47.8813
113,Кизилюрт,Республика Дагестан,городской округ,False,43.2015,46.8429
114,Кизляр,Республика Дагестан,городской округ,False,43.8754,46.688
116,Южно-Сухокумск,Республика Дагестан,городской округ,False,44.6518,45.6462
121,Бабаюртовский,Республика Дагестан,муниципальный район,False,43.6406,47.1885
140,Кумторкалинский,Республика Дагестан,муниципальный район,False,43.155,47.2848
142,Новолакский,Республика Дагестан,муниципальный район,False,43.1789,46.4895
143,Ногайский,Республика Дагестан,муниципальный район,False,44.5774,46.1943
145,Сергокалинский,Республика Дагестан,муниципальный район,False,42.3461,47.6329
158,Магас,Республика Ингушетия,городской округ,False,43.1711,44.814
160,Назрань,Республика Ингушетия,городской округ,False,43.2503,44.7479
167,Нальчик,Кабардино-Балкарская Республика,городской округ,True,43.4814,43.5903
168,Баксан,Кабардино-Балкарская Республика,городской округ,True,43.7465,43.5717
169,Прохладный,Кабардино-Балкарская Республика,городской округ,True,43.7564,44.031
172,Лескенский,Кабардино-Балкарская Республика,муниципальный район,False,43.3342,43.9573
173,Майский,Кабардино-Балкарская Республика,муниципальный район,True,43.5548,44.0337
174,Прохладненский,Кабардино-Балкарская Республика,муниципальный район,False,43.7975,43.9798
176,Терский,Кабардино-Балкарская Республика,муниципальный район,False,43.5334,44.2962
177,Урванский,Кабардино-Балкарская Республика,муниципальный район,False,43.5337,43.8569
178,Чегемский,Кабардино-Балкарская Республика,муниципальный район,False,43.4837,43.4494
179,Эльбрусский,Кабардино-Балкарская Республика,муниципальный район,False,43.3976,42.8098
181,Городовиковский,Республика Калмыкия,муниципальный район,True,46.1269,41.9547
183,Кетченеровский,Республика Калмыкия,муниципальный район,False,47.1054,45.0106
184,Лаганский,Республика Калмыкия,муниципальный район,True,45.1697,47.1207
185,Малодербетовский,Республика Калмыкия,муниципальный район,True,47.9856,44.9222
186,Октябрьский,Республика Калмыкия,муниципальный район,False,47.5845,45.4906
187,Приютненский,Республика Калмыкия,муниципальный район,False,46.0936,43.4782
188,Сарпинский,Республика Калмыкия,муниципальный район,True,47.6994,44.3987
189,Целинный,Республика Калмыкия,муниципальный район,False,46.5758,44.4531
190,Черноземельский,Республика Калмыкия,муниципальный район,False,45.4646,46.0464
191,Юстинский,Республика Калмыкия,муниципальный район,True,47.0193,46.2549
192,Яшалтинский,Республика Калмыкия,муниципальный район,False,46.2898,42.3577
193,Яшкульский,Республика Калмыкия,муниципальный район,False,46.3194,45.6049
194,Черкесский,Карачаево-Черкесская Республика,городской округ,True,44.2289,42.0623
195,Карачаевский,Карачаево-Черкесская Республика,городской округ,True,43.6812,41.9388
196,Абазинский,Карачаево-Черкесская Республика,муниципальный район,True,44.0503,41.8854
197,Адыге-Хабльский,Карачаево-Черкесская Республика,муниципальный район,False,44.3823,41.7843
198,Зеленчукский,Карачаево-Черкесская Республика,муниципальный район,True,43.6637,41.4134
200,Малокарачаевский,Карачаево-Черкесская Республика,муниципальный район,False,43.8318,42.4707
201,Ногайский,Карачаево-Черкесская Республика,муниципальный район,True,44.3782,41.8874
202,Прикубанский,Карачаево-Черкесская Республика,муниципальный район,False,44.2232,42.2119
203,Урупский,Карачаево-Черкесская Республика,муниципальный район,True,43.7712,41.003
204,Усть-Джегутинский,Карачаево-Черкесская Республика,муниципальный район,True,43.9619,42.1357
205,Хабезский,Карачаево-Черкесская Республика,муниципальный район,True,44.1328,41.8118
206,Петрозаводский,Республика Карелия,городской округ,True,61.7917,34.3893
207,Костомукшский,Республика Карелия,городской округ,True,64.6791,30.4057
208,Беломорский,Республика Карелия,муниципальный округ,True,64.4972,35.1363
209,Калевальский,Республика Карелия,муниципальный район,True,65.1163,31.4482
210,Кемский,Республика Карелия,муниципальный район,True,65.3751,34.4559
211,Кондопожский,Республика Карелия,муниципальный район,True,62.4124,34.1168
212,Лахденпохский,Республика Карелия,муниципальный район,True,61.3417,30.3179
213,Лоухский,Республика Карелия,муниципальный район,True,65.9551,31.567
214,Медвежьегорский,Республика Карелия,муниципальный район,True,62.997,34.3755
215,Муезерский,Республика Карелия,муниципальный район,True,63.8245,31.8461
216,Олонецкий,Республика Карелия,муниципальный район,True,61.0784,32.865
217,Питкярантский,Республика Карелия,муниципальный округ,True,61.5059,31.444
218,Прионежский,Республика Карелия,муниципальный район,True,61.5104,34.7012
219,Пряжинский,Республика Карелия,муниципальный район,True,61.8023,33.4283
220,Пудожский,Республика Карелия,муниципальный район,True,61.9785,36.5986
221,Сегежский,Республика Карелия,муниципальный округ,True,63.6009,34.4323
222,Сортавальский,Республика Карелия,муниципальный район,True,61.5968,30.7934
223,Суоярвский,Республика Карелия,муниципальный округ,True,62.4133,32.1473
224,Сыктывкар,Республика Коми,городской округ,True,61.7263,50.8179
225,Воркута,Республика Коми,городской округ,True,67.3254,64.0159
226,Вуктыл,Республика Коми,муниципальный округ,True,63.8189,58.0161
227,Инта,Республика Коми,городской округ,True,66.1898,60.635
228,Усинск,Республика Коми,муниципальный округ,True,66.4623,56.7254
229,Ухта,Республика Коми,городской округ,True,63.4383,53.3231
230,Ижемский,Республика Коми,муниципальный район,True,65.3398,54.224
231,Княжпогостский,Республика Коми,муниципальный район,True,63.2661,51.2303
232,Койгородский,Республика Коми,муниципальный район,True,60.3586,50.9386
233,Корткеросский,Республика Коми,муниципальный район,True,61.8869,52.3218
234,Печора,Республика Коми,муниципальный район,True,64.9469,57.1504
235,Прилузский,Республика Коми,муниципальный район,True,60.1821,49.2458
236,Сосногорск,Республика Коми,муниципальный район,True,63.6611,55.0446
237,Сыктывдинский,Республика Коми,муниципальный район,True,61.4265,50.6397
238,Сысольский,Республика Коми,муниципальный район,True,61.0157,49.8796
239,Троицко-Печорский,Республика Коми,муниципальный район,True,62.5032,57.4732
240,Удорский,Республика Коми,муниципальный район,True,63.8977,48.6015
241,Усть-Вымский,Республика Коми,муниципальный район,True,62.2199,49.6636
242,Усть-Куломский,Республика Коми,муниципальный район,True,61.7113,54.0374
243,Усть-Цилемский,Республика Коми,муниципальный район,True,65.7291,51.8314
269,Йошкар-Ола,Республика Марий Эл,городской округ,True,56.6357,47.9194
270,Волжск,Республика Марий Эл,городской округ,True,55.8723,48.3565
271,Козьмодемьянск,Республика Марий Эл,городской округ,True,56.3244,46.5533
272,Волжский,Республика Марий Эл,муниципальный район,True,56.0487,48.5215
273,Горномарийский,Республика Марий Эл,муниципальный район,True,56.4284,46.6142
274,Звениговский,Республика Марий Эл,муниципальный район,True,56.2416,47.8361
275,Килемарский,Республика Марий Эл,муниципальный район,True,56.7158,46.9413
276,Куженерский,Республика Марий Эл,муниципальный район,True,56.752,49.0162
277,Мари-Турекский,Республика Марий Эл,муниципальный район,True,56.7842,49.8434
278,Медведевский,Республика Марий Эл,муниципальный район,True,56.5453,47.7041
279,Моркинский,Республика Марий Эл,муниципальный район,True,56.4429,48.91
280,Новоторъяльский,Республика Марий Эл,муниципальный район,True,57.0527,48.6528
281,Оршанский,Республика Марий Эл,муниципальный район,True,56.91,47.9565
282,Параньгинский,Республика Марий Эл,муниципальный район,True,56.6907,49.4509
283,Сернурский,Республика Марий Эл,муниципальный район,True,57.0077,49.0795
284,Советский,Республика Марий Эл,муниципальный район,True,56.742,48.4385
285,Юринский,Республика Марий Эл,муниципальный район,True,56.547,46.1154
286,Саранск,Республика Мордовия,городской округ,False,54.1282,45.2213
287,Ардатовский,Республика Мордовия,муниципальный район,True,54.8499,46.1028
288,Атюрьевский,Республика Мордовия,муниципальный район,True,54.3719,43.3247
289,Атяшевский,Республика Мордовия,муниципальный район,True,54.6252,46.0614
290,Большеберезниковский,Республика Мордовия,муниципальный район,True,54.199,45.9447
291,Большеигнатовский,Республика Мордовия,муниципальный район,False,54.9203,45.5608
292,Дубенский,Республика Мордовия,муниципальный район,True,54.3834,46.3758
293,Ельниковский,Республика Мордовия,муниципальный район,True,54.6371,43.7965
294,Зубово-Полянский,Республика Мордовия,муниципальный район,True,54.0286,42.6446
295,Инсарский,Республика Мордовия,муниципальный район,True,53.8099,44.4398
296,Ичалковский,Республика Мордовия,муниципальный район,True,54.693,45.3213
297,Кадошкинский,Республика Мордовия,муниципальный район,True,54.0707,44.3097
298,Ковылкинский,Республика Мордовия,муниципальный район,True,54.1015,43.9476
299,Кочкуровский,Республика Мордовия,муниципальный район,False,53.9809,45.4524
300,Краснослободский,Республика Мордовия,муниципальный район,True,54.3631,43.8068
301,Лямбирский,Республика Мордовия,муниципальный район,True,54.299,45.2769
302,Ромодановский,Республика Мордовия,муниципальный район,True,54.4506,45.3801
303,Рузаевский,Республика Мордовия,муниципальный район,True,54.0572,44.823
304,Старошайговский,Республика Мордовия,муниципальный район,True,54.3814,44.4573
305,Темниковский,Республика Мордовия,муниципальный район,True,54.6005,43.2111
306,Теньгушевский,Республика Мордовия,муниципальный район,True,54.6979,42.7163
307,Торбеевский,Республика Мордовия,муниципальный район,True,54.1481,43.1229
308,Чамзинский,Республика Мордовия,муниципальный район,True,54.4007,45.7283
309,Якутск,Республика Саха (Якутия),городской округ,True,62.1885,129.2234
310,Жатай,Республика Саха (Якутия),городской округ,False,62.1632,129.84
311,Абыйский,Республика Саха (Якутия),муниципальный район,False,68.466,145.3658
312,Алданский,Республика Саха (Якутия),муниципальный район,True,58.946,127.9917
313,Аллаиховский,Республика Саха (Якутия),муниципальный район,False,70.6608,146.5745
314,Амгинский,Республика Саха (Якутия),муниципальный район,True,60.5735,131.5386
315,Анабарский,Республика Саха (Якутия),муниципальный район,False,72.3423,113.8316
316,Булунский,Республика Саха (Якутия),муниципальный район,True,70.8279,127.6243
317,Верхневилюйский,Республика Саха (Якутия),муниципальный район,True,64.056,120.3355
318,Верхнеколымский,Республика Саха (Якутия),муниципальный район,True,65.5746,150.1708
319,Верхоянский,Республика Саха (Якутия),муниципальный район,True,66.9039,135.7322
320,Вилюйский,Республика Саха (Якутия),муниципальный район,True,64.4706,122.1443
321,Горный,Республика Саха (Якутия),муниципальный район,True,62.3571,125.7149
322,Жиганский,Республика Саха (Якутия),муниципальный район,False,67.1333,122.5108
323,Кобяйский,Республика Саха (Якутия),муниципальный район,True,64.6053,128.864
324,Нюрбинский,Республика Саха (Якутия),муниципальный район,True,64.4844,116.9966
325,Ленский,Республика Саха (Якутия),муниципальный район,True,60.4506,112.5519
326,Мегино-Кангаласский,Республика Саха (Якутия),муниципальный район,True,61.5901,130.443
327,Мирнинский,Республика Саха (Якутия),муниципальный район,True,63.8184,111.3053
328,Момский,Республика Саха (Якутия),муниципальный район,False,66.3922,144.3921
329,Намский,Республика Саха (Якутия),муниципальный район,True,62.9038,129.3934
330,Нерюнгринский,Республика Саха (Якутия),муниципальный район,True,56.7831,126.9942
331,Нижнеколымский,Республика Саха (Якутия),муниципальный район,True,69.59,157.3573
332,Оймяконский,Республика Саха (Якутия),муниципальный район,True,63.568,142.839
333,Олекминский,Республика Саха (Якутия),муниципальный район,True,59.7568,119.9776
334,Оленекский,Республика Саха (Якутия),муниципальный район,True,68.7614,113.2162
335,Среднеколымский,Республика Саха (Якутия),муниципальный район,True,67.8486,153.8023
336,Сунтарский,Республика Саха (Якутия),муниципальный район,True,62.3972,117.1825
337,Таттинский,Республика Саха (Якутия),муниципальный район,True,62.4617,134.0676
338,Томпонский,Республика Саха (Якутия),муниципальный район,True,64.072,136.3843
339,Усть-Алданский,Республика Саха (Якутия),муниципальный район,True,63.0352,131.2711
340,Усть-Майский,Республика Саха (Якутия),муниципальный район,True,60.7584,136.213
341,Усть-Янский,Республика Саха (Якутия),муниципальный район,True,70.8936,138.0592
342,Хангаласский,Республика Саха (Якутия),муниципальный район,True,61.1806,127.6166
343,Чурапчинский,Республика Саха (Якутия),муниципальный район,True,61.843,132.9277
344,Эвено-Бытантайский,Республика Саха (Якутия),муниципальный район,False,68.0072,129.3019
345,Владикавказ,Республика Северная Осетия — Алания,городской округ,True,42.9051,44.6231
346,Алагирский,Республика Северная Осетия — Алания,муниципальный район,True,42.8154,44.131
347,Ардонский,Республика Северная Осетия — Алания,муниципальный район,True,43.1715,44.3552
348,Дигорский,Республика Северная Осетия — Алания,муниципальный район,True,43.1055,44.0789
349,Ирафский,Республика Северная Осетия — Алания,муниципальный район,True,42.9656,43.7411
350,Кировский,Республика Северная Осетия — Алания,муниципальный район,False,43.3654,44.2848
351,Моздокский,Республика Северная Осетия — Алания,муниципальный район,True,43.7059,44.5956
352,Правобережный,Республика Северная Осетия — Алания,муниципальный район,True,43.2494,44.5154
353,Пригородный,Республика Северная Осетия — Алания,муниципальный район,False,42.8282,44.4719
354,Казань,Республика Татарстан,городской округ,True,55.8082,49.139
355,Набережные Челны,Республика Татарстан,городской округ,True,55.7033,52.3786
356,Агрызский,Республика Татарстан,муниципальный район,True,56.1031,52.9072
357,Азнакаевский,Республика Татарстан,муниципальный район,True,54.8807,53.009
358,Аксубаевский,Республика Татарстан,муниципальный район,True,54.8757,50.7815
359,Актанышский,Республика Татарстан,муниципальный район,True,55.6493,53.745
360,Алексеевский,Республика Татарстан,муниципальный район,True,55.1238,50.1251
361,Алькеевский,Республика Татарстан,муниципальный район,True,54.7968,49.9163
362,Альметьевский,Республика Татарстан,муниципальный район,True,54.9589,52.0921
363,Апастовский,Республика Татарстан,муниципальный район,True,55.2455,48.4503
364,Арский,Республика Татарстан,муниципальный район,True,56.2204,49.7813
365,Атнинский,Республика Татарстан,муниципальный район,True,56.2703,49.4147
366,Бавлинский,Республика Татарстан,муниципальный район,True,54.2687,53.2039
367,Балтасинский,Республика Татарстан,муниципальный район,True,56.423,50.2265
368,Бугульминский,Республика Татарстан,муниципальный район,True,54.5559,52.8382
369,Буинский,Республика Татарстан,муниципальный район,True,54.9608,48.1553
370,Верхнеуслонский,Республика Татарстан,муниципальный район,True,55.5864,48.7646
371,Высокогорский,Республика Татарстан,муниципальный район,True,56.0453,49.2396
372,Дрожжановский,Республика Татарстан,муниципальный район,True,54.6979,47.5733
373,Елабужский,Республика Татарстан,муниципальный район,True,55.7766,51.759
374,Заинский,Республика Татарстан,муниципальный район,True,55.2497,52.0548
375,Зеленодольский,Республика Татарстан,муниципальный район,True,55.7972,48.5781
376,Кайбицкий,Республика Татарстан,муниципальный район,True,55.4018,48.1742
377,Камско-Устьинский,Республика Татарстан,муниципальный район,True,55.2334,48.9887
378,Кукморский,Республика Татарстан,муниципальный район,True,56.1219,50.8467
379,Лаишевский,Республика Татарстан,муниципальный район,True,55.4795,49.3862
380,Лениногорский,Республика Татарстан,муниципальный район,True,54.5984,52.1949
381,Мамадышский,Республика Татарстан,муниципальный район,True,55.7168,51.1466
382,Менделеевский,Республика Татарстан,муниципальный район,True,55.9388,52.2853
383,Мензелинский,Республика Татарстан,муниципальный район,True,55.6291,53.1176
384,Муслюмовский,Республика Татарстан,муниципальный район,True,55.3191,53.2443
385,Нижнекамский,Республика Татарстан,муниципальный район,True,55.4367,51.6787
386,Новошешминский,Республика Татарстан,муниципальный район,True,55.1061,51.2765
387,Нурлатский,Республика Татарстан,муниципальный район,True,54.5625,50.5301
388,Пестречинский,Республика Татарстан,муниципальный район,True,55.762,49.7445
389,Рыбно-Слободский,Республика Татарстан,муниципальный район,False,55.5654,50.2915
390,Сабинский,Республика Татарстан,муниципальный район,True,56.0178,50.4546
391,Сармановский,Республика Татарстан,муниципальный район,True,55.239,52.6538
392,Спасский,Республика Татарстан,муниципальный район,True,54.9188,49.5809
393,Тетюшский,Республика Татарстан,муниципальный район,True,54.8328,48.6135
394,Тукаевский,Республика Татарстан,муниципальный район,False,55.667,52.5312
395,Тюлячинский,Республика Татарстан,муниципальный район,True,55.8558,50.2472
396,Черемшанский,Республика Татарстан,муниципальный район,True,54.7537,51.4953
397,Чистопольский,Республика Татарстан,муниципальный район,True,55.2883,50.6871
398,Ютазинский,Республика Татарстан,муниципальный район,True,54.6564,53.373
401,Бай-Тайгинский,Республика Тыва,муниципальный район,True,51.0825,89.6904
402,Барун-Хемчикский,Республика Тыва,муниципальный район,True,51.1546,90.4064
403,Дзун-Хемчикский,Республика Тыва,муниципальный район,True,51.2156,91.4337
404,Каа-Хемский,Республика Тыва,муниципальный район,True,51.3401,96.5702
405,Кызылский,Республика Тыва,муниципальный район,True,51.7425,93.7845
406,Монгун-Тайгинский,Республика Тыва,муниципальный район,False,50.2938,90.0008
408,Пий-Хемский,Республика Тыва,муниципальный район,True,52.2964,94.1125
409,Сут-Хольский,Республика Тыва,муниципальный район,False,51.758,91.0192
410,Тандинский,Республика Тыва,муниципальный район,True,51.1661,94.4288
413,Тоджинский,Республика Тыва,муниципальный район,True,52.6579,96.9743
414,Улуг-Хемский,Республика Тыва,муниципальный район,True,51.421,92.9722
415,Чаа-Хольский,Республика Тыва,муниципальный район,False,51.5048,92.2199
416,Чеди-Хольский,Республика Тыва,муниципальный район,True,51.1571,93.5673
417,Эрзинский,Республика Тыва,муниципальный район,False,50.156,95.7806
418,Ижевск,Удмуртская Республика,городской округ,True,56.8652,53.1564
419,Воткинск,Удмуртская Республика,городской округ,True,57.058,53.9927
420,Глазов,Удмуртская Республика,городской округ,True,58.1504,52.6467
421,Можга,Удмуртская Республика,городской округ,True,56.4529,52.2463
422,Сарапул,Удмуртская Республика,городской округ,True,56.4643,53.7873
423,Алнашский,Удмуртская Республика,муниципальный округ,True,56.1361,52.5281
424,Балезинский,Удмуртская Республика,муниципальный округ,True,58.1015,53.1324
425,Вавожский,Удмуртская Республика,муниципальный округ,True,56.7647,51.8123
426,Воткинский,Удмуртская Республика,муниципальный округ,False,56.9559,53.7449
428,Граховский,Удмуртская Республика,муниципальный округ,True,56.034,52.0075
429,Дебёсский,Удмуртская Республика,муниципальный округ,True,57.6746,53.8973
430,Завьяловский,Удмуртская Республика,муниципальный округ,True,56.7343,52.9796
431,Игринский,Удмуртская Республика,муниципальный округ,True,57.5306,53.16
432,Камбарский,Удмуртская Республика,муниципальный округ,True,56.4001,54.1984
433,Каракулинский,Удмуртская Республика,муниципальный округ,True,56.0302,53.5953
434,Кезский,Удмуртская Республика,муниципальный округ,True,57.99,53.6577
435,Кизнерский,Удмуртская Республика,муниципальный округ,True,56.4037,51.5539
436,Киясовский,Удмуртская Республика,муниципальный округ,True,56.2731,53.2212
437,Красногорский,Удмуртская Республика,муниципальный округ,True,57.661,52.3653
438,Малопургинский,Удмуртская Республика,муниципальный округ,True,56.529,52.888
439,Можгинский,Удмуртская Республика,муниципальный округ,False,56.5561,52.4686
440,Сарапульский,Удмуртская Республика,муниципальный округ,True,56.337,53.6664
441,Селтинский,Удмуртская Республика,муниципальный округ,True,57.3752,51.9821
442,Сюмсинский,Удмуртская Республика,муниципальный округ,True,57.1663,51.4084
443,Увинский,Удмуртская Республика,муниципальный округ,True,56.975,52.4291
444,Шарканский,Удмуртская Республика,муниципальный округ,True,57.3422,53.834
445,Юкаменский,Удмуртская Республика,муниципальный округ,True,57.8936,52.1647
446,Якшур-Бодьинский,Удмуртская Республика,муниципальный округ,True,57.204,52.9683
447,Ярский,Удмуртская Республика,муниципальный округ,True,58.2731,52.1104
448,Абакан,Республика Хакасия,городской округ,True,53.6794,91.3901
449,Абаза,Республика Хакасия,городской округ,True,52.646,90.131
450,Саяногорск,Республика Хакасия,городской округ,True,53.0862,91.4072
451,Сорск,Республика Хакасия,городской округ,True,54.0514,89.8639
452,Черногорск,Республика Хакасия,городской округ,True,53.8455,91.2688
453,Алтайский,Республика Хакасия,муниципальный район,True,53.432,91.4235
455,Бейский,Республика Хакасия,муниципальный район,True,52.9824,90.829
456,Боградский,Республика Хакасия,муниципальный район,True,54.4273,90.9618
457,Орджоникидзевский,Республика Хакасия,муниципальный район,True,54.9551,89.6308
458,Таштыпский,Республика Хакасия,муниципальный район,True,52.3064,89.6125
459,Усть-Абаканский,Республика Хакасия,муниципальный район,True,53.705,90.2797
460,Ширинский,Республика Хакасия,муниципальный район,True,54.4512,89.7386
461,Грозный,Чеченская Республика,городской округ,False,43.3415,45.6619
462,Аргун,Чеченская Республика,городской округ,False,43.2755,45.8418
466,Гудермесский,Чеченская Республика,муниципальный район,False,43.3688,46.2122
469,Надтеречный,Чеченская Республика,муниципальный район,False,43.5538,45.114
474,Урус-Мартановский,Чеченская Республика,муниципальный район,False,43.0138,45.4747
478,Чебоксары,Чувашская Республика,городской округ,True,56.148,47.2222
479,Алатырь,Чувашская Республика,городской округ,True,54.8457,46.5841
480,Канаш,Чувашская Республика,городской округ,True,55.5099,47.5023
481,Новочебоксарск,Чувашская Республика,городской округ,True,56.1036,47.508
482,Шумерля,Чувашская Республика,городской округ,True,55.5011,46.4083
483,Алатырский,Чувашская Республика,муниципальный округ,False,54.9321,46.8083
484,Аликовский,Чувашская Республика,муниципальный округ,True,55.7481,46.7227
485,Батыревский,Чувашская Республика,муниципальный округ,True,55.0356,47.4575
486,Вурнарский,Чувашская Республика,муниципальный округ,True,55.527,46.91
487,Ибресинский,Чувашская Республика,муниципальный округ,True,55.266,47.0281
489,Козловский,Чувашская Республика,муниципальный округ,True,55.8298,48.1128
490,Комсомольский,Чувашская Республика,муниципальный округ,True,55.2137,47.5018
491,Красноармейский,Чувашская Республика,муниципальный округ,True,55.7709,47.1285
492,Красночетайский,Чувашская Республика,муниципальный округ,True,55.685,46.2157
493,Мариинско-Посадский,Чувашская Республика,муниципальный округ,True,55.9917,47.7906
494,Моргаушский,Чувашская Республика,муниципальный округ,True,55.99,46.7507
495,Порецкий,Чувашская Республика,муниципальный округ,True,55.175,46.394
496,Урмарский,Чувашская Республика,муниципальный округ,True,55.6713,47.9528
497,Цивильский,Чувашская Республика,муниципальный округ,True,55.8571,47.5
498,Чебоксарский,Чувашская Республика,муниципальный округ,True,55.9886,47.0716
499,Шемуршинский,Чувашская Республика,муниципальный округ,True,54.7407,47.2459
500,Шумерлинский,Чувашская Республика,муниципальный округ,False,55.4752,46.5014
501,Ядринский,Чувашская Республика,муниципальный округ,True,55.9037,46.3798
502,Яльчикский,Чувашская Республика,муниципальный округ,True,55.1434,47.9516
503,Янтиковский,Чувашская Республика,муниципальный округ,True,55.5281,47.8071
504,Барнаул,Алтайский край,городской округ,True,53.298,83.6536
505,Алейск,Алтайский край,городской округ,True,52.498,82.772
506,Белокуриха,Алтайский край,городской округ,True,51.9657,85.0111
507,Бийск,Алтайский край,городской округ,True,52.5069,85.0895
508,Заринск,Алтайский край,городской округ,True,53.7174,84.9521
509,Новоалтайск,Алтайский край,городской округ,True,53.4216,83.9183
510,Рубцовск,Алтайский край,городской округ,True,51.5171,81.2019
511,Славгород,Алтайский край,муниципальный округ,True,53.0753,78.9374
512,Яровое,Алтайский край,городской округ,True,52.9044,78.5453
514,Алейский,Алтайский край,муниципальный район,False,52.4407,82.5325
515,Алтайский,Алтайский край,муниципальный район,True,51.8198,85.2838
516,Баевский,Алтайский край,муниципальный район,True,53.2894,80.679
517,Бийский,Алтайский край,муниципальный район,True,52.6011,85.7109
518,Благовещенский,Алтайский край,муниципальный район,True,52.9203,79.9581
519,Бурлинский,Алтайский край,муниципальный район,True,53.3441,78.4652
520,Быстроистокский,Алтайский край,муниципальный район,True,52.3409,84.51
521,Волчихинский,Алтайский край,муниципальный район,True,52.0704,80.5375
522,Егорьевский,Алтайский край,муниципальный район,True,51.7076,80.9342
523,Ельцовский,Алтайский край,муниципальный район,True,53.2207,86.2907
524,Завьяловский,Алтайский край,муниципальный район,True,52.9225,80.9863
525,Залесовский,Алтайский край,муниципальный округ,True,54.0689,84.5926
526,Заринский,Алтайский край,муниципальный район,False,53.8902,85.4333
527,Змеиногорский,Алтайский край,муниципальный район,True,51.1916,82.2624
528,Калманский,Алтайский край,муниципальный район,True,52.9968,83.4519
529,Каменский,Алтайский край,муниципальный район,True,53.6677,81.1582
530,Ключевский,Алтайский край,муниципальный район,True,52.2562,79.3794
531,Косихинский,Алтайский край,муниципальный район,True,53.3357,84.6678
532,Красногорский,Алтайский край,муниципальный район,True,52.33,86.2239
533,Краснощёковский,Алтайский край,муниципальный район,True,51.4909,82.8964
534,Крутихинский,Алтайский край,муниципальный район,True,54.046,80.9133
535,Кулундинский,Алтайский край,муниципальный район,True,52.5913,79.0685
536,Курьинский,Алтайский край,муниципальный район,True,51.4497,82.3718
537,Кытмановский,Алтайский край,муниципальный район,True,53.4729,85.3978
538,Локтевский,Алтайский край,муниципальный район,True,51.0359,81.481
539,Мамонтовский,Алтайский край,муниципальный район,True,52.7541,81.7765
540,Михайловский,Алтайский край,муниципальный район,True,51.8557,79.644
541,Новичихинский,Алтайский край,муниципальный район,True,52.1525,81.3284
542,Зональный,Алтайский край,муниципальный район,True,52.6662,84.8329
543,Павловский,Алтайский край,муниципальный район,True,53.2931,83.0161
544,Панкрушихинский,Алтайский край,муниципальный район,True,53.7901,80.3495
545,Первомайский,Алтайский край,муниципальный район,True,53.4548,84.2343
546,Петропавловский,Алтайский край,муниципальный район,True,52.1111,84.1091
547,Поспелихинский,Алтайский край,муниципальный район,True,51.8891,81.8369
548,Ребрихинский,Алтайский край,муниципальный район,True,53.0296,82.2983
549,Родинский,Алтайский край,муниципальный район,True,52.4884,80.2416
550,Романовский,Алтайский край,муниципальный район,True,52.5867,81.0818
552,Смоленский,Алтайский край,муниципальный район,True,52.1147,84.8493
553,Суетский,Алтайский край,муниципальный округ,True,53.2636,79.907
554,Советский,Алтайский край,муниципальный район,True,52.2573,85.5313
555,Солонешенский,Алтайский край,муниципальный район,True,51.6174,84.3712
556,Солтонский,Алтайский край,муниципальный район,True,52.7644,86.482
557,Шелаболихинский,Алтайский край,муниципальный район,True,53.564,82.7759
558,Табунский,Алтайский край,муниципальный район,True,52.8232,78.9264
559,Тальменский,Алтайский край,муниципальный район,True,53.7488,83.3642
560,Тогульский,Алтайский край,муниципальный район,True,53.5072,86.1187
561,Топчихинский,Алтайский край,муниципальный район,True,52.7598,83.2889
562,Третьяковский,Алтайский край,муниципальный район,True,50.9533,82.1487
563,Троицкий,Алтайский край,муниципальный район,True,52.8428,84.5443
564,Тюменцевский,Алтайский край,муниципальный район,True,53.2406,81.5176
565,Угловский,Алтайский край,муниципальный район,True,51.2549,80.1101
566,Усть-Калманский,Алтайский край,муниципальный район,True,51.9698,83.4213
567,Усть-Пристанский,Алтайский край,муниципальный район,True,52.3305,83.6977
568,Хабарский,Алтайский край,муниципальный район,True,53.5542,79.6802
569,Целинный,Алтайский край,муниципальный район,True,53.0099,85.7634
570,Чарышский,Алтайский край,муниципальный округ,True,51.2208,83.701
571,Шипуновский,Алтайский край,муниципальный район,True,52.1798,82.2536
572,Немецкий,Алтайский край,муниципальный район,True,53.3103,79.0594
573,Чита,Забайкальский край,городской округ,False,52.0443,113.4141
574,Петровск-Забайкальский,Забайкальский край,городской округ,True,51.309,108.8685
576,Акшинский,Забайкальский край,муниципальный район,False,50.2449,113.1884
577,Александрово-Заводский,Забайкальский край,муниципальный район,False,51.0042,117.8274
578,Балейский,Забайкальский край,муниципальный район,True,51.4867,116.8118
579,Борзинский,Забайкальский край,муниципальный район,True,50.4376,116.7474
580,Газимуро-Заводский,Забайкальский край,муниципальный округ,True,52.1545,119.7134
581,Забайкальский,Забайкальский край,муниципальный район,True,49.9492,117.1662
582,Каларский,Забайкальский край,муниципальный округ,True,56.7326,118.7547
583,Калганский,Забайкальский край,муниципальный округ,True,51.0226,118.8562
584,Карымский,Забайкальский край,муниципальный район,True,51.7738,114.6121
585,Краснокаменск и Краснокаменский,Забайкальский край,муниципальный район,True,50.017,118.1053
586,Красночикойский,Забайкальский край,муниципальный район,True,50.0858,109.4813
587,Кыринский,Забайкальский край,муниципальный район,True,49.6773,112.034
588,Могочинский,Забайкальский край,муниципальный округ,True,53.7087,120.1024
589,Нерчинский,Забайкальский край,муниципальный район,True,52.2282,116.2854
590,Нерчинско-Заводский,Забайкальский край,муниципальный район,False,51.779,119.7984
591,Оловяннинский,Забайкальский край,муниципальный район,True,50.9512,116.2092
592,Ононский,Забайкальский край,муниципальный округ,True,50.3764,115.2244
593,Петровск-Забайкальский,Забайкальский край,муниципальный район,True,50.9884,109.2575
594,Приаргунский,Забайкальский край,муниципальный округ,True,50.4062,118.7812
595,Сретенский,Забайкальский край,муниципальный район,True,52.6123,118.5555
597,Тунгокоченский,Забайкальский край,муниципальный район,False,54.0493,116.2654
598,Улётовский,Забайкальский край,муниципальный район,True,50.7295,111.7962
599,Хилокский,Забайкальский край,муниципальный район,True,51.4944,111.3473
600,Чернышевский,Забайкальский край,муниципальный район,True,52.9324,117.3003
601,Читинский,Забайкальский край,муниципальный район,True,52.1247,112.7726
602,Шелопугинский,Забайкальский край,муниципальный район,True,51.6444,117.6214
603,Шилкинский,Забайкальский край,муниципальный район,True,51.792,115.6066
604,Агинское,Забайкальский край,городской округ,True,51.1065,114.5329
605,Агинский,Забайкальский край,муниципальный район,True,50.9142,114.5294
606,Дульдургинский,Забайкальский край,муниципальный район,True,50.7702,113.3566
607,Могойтуйский,Забайкальский край,муниципальный район,True,51.1691,115.0942
608,Петропавловск-Камчатский,Камчатский край,городской округ,True,53.0402,158.7271
611,Быстринский,Камчатский край,муниципальный район,False,55.654,158.2487
612,Елизовский,Камчатский край,муниципальный район,True,53.3423,159.0628
613,Мильковский,Камчатский край,муниципальный округ,True,54.9727,158.9617
614,Соболевский,Камчатский край,муниципальный район,True,54.3837,156.2878
615,Усть-Большерецкий,Камчатский край,муниципальный район,True,52.3434,156.655
616,Усть-Камчатский,Камчатский край,муниципальный район,True,56.4127,161.6978
618,Карагинский,Камчатский край,муниципальный район,True,59.1711,162.7636
619,Олюторский,Камчатский край,муниципальный район,True,60.8259,169.6591
620,Пенжинский,Камчатский край,муниципальный район,False,62.824,165.448
621,Тигильский,Камчатский край,муниципальный район,True,57.595,158.8326
666,Красноярск,Красноярский край,городской округ,True,56.0152,92.8781
667,Ачинск,Красноярский край,городской округ,True,56.2669,90.4986
668,Боготол,Красноярский край,городской округ,True,56.2239,89.5052
669,Бородино,Красноярский край,городской округ,True,55.8998,94.9028
670,Дивногорск,Красноярский край,городской округ,True,55.8553,92.2591
671,Енисейск,Красноярский край,городской округ,True,58.4494,92.1762
674,Канск,Красноярский край,городской округ,True,56.2187,95.7163
675,Лесосибирск,Красноярский край,городской округ,True,58.2099,92.403
676,Минусинск,Красноярский край,городской округ,True,53.7169,91.6935
677,Назарово,Красноярский край,городской округ,True,56.0198,90.4164
678,Норильск,Красноярский край,городской округ,True,69.253,87.9782
679,Сосновоборск,Красноярский край,городской округ,True,56.1329,93.3641
680,Шарыпово,Красноярский край,городской округ,True,55.5239,89.1928
681,Кедровый,Красноярский край,городской округ,False,56.246,92.3047
683,Абанский,Красноярский край,муниципальный район,True,57.0189,96.5565
685,Балахтинский,Красноярский край,муниципальный район,True,55.2874,92.1683
686,Березовский,Красноярский край,муниципальный район,True,55.7597,92.9311
687,Бирилюсский,Красноярский край,муниципальный район,True,57.3063,90.4565
688,Боготольский,Красноярский край,муниципальный район,False,56.2568,89.8952
689,Богучанский,Красноярский край,муниципальный район,True,58.6077,97.0683
690,Большемуртинский,Красноярский край,муниципальный район,True,57.0165,92.9332
691,Большеулуйский,Красноярский край,муниципальный район,True,56.613,90.6107
692,Дзержинский,Красноярский край,муниципальный район,True,56.8286,95.0454
693,Емельяновский,Красноярский край,муниципальный район,True,56.3163,92.3661
694,Енисейский,Красноярский край,муниципальный район,True,59.622,89.4925
695,Ермаковский,Красноярский край,муниципальный район,True,52.6741,93.2122
696,Идринский,Красноярский край,муниципальный район,True,54.5531,92.5384
697,Иланский,Красноярский край,муниципальный район,True,56.0354,96.0922
698,Ирбейский,Красноярский край,муниципальный район,True,55.178,96.0353
699,Казачинский,Красноярский край,муниципальный район,True,57.5821,93.3075
700,Канский,Красноярский край,муниципальный район,False,56.2042,95.2302
701,Каратузский,Красноярский край,муниципальный район,True,53.3424,93.7398
702,Кежемский,Красноярский край,муниципальный район,True,58.6954,100.5646
703,Козульский,Красноярский край,муниципальный район,True,56.2483,91.3099
704,Краснотуранский,Красноярский край,муниципальный район,True,54.4076,91.5472
705,Курагинский,Красноярский край,муниципальный район,True,54.1192,94.0093
706,Манский,Красноярский край,муниципальный район,True,55.4024,93.5798
708,Мотыгинский,Красноярский край,муниципальный район,True,58.6704,94.3932
709,Назаровский,Красноярский край,муниципальный район,False,55.8087,90.4498
710,Нижнеингашский,Красноярский край,муниципальный район,True,56.3037,96.9533
711,Новоселовский,Красноярский край,муниципальный район,True,54.963,91.1301
712,Партизанский,Красноярский край,муниципальный район,True,55.0137,94.2022
713,Пировский,Красноярский край,муниципальный округ,True,57.5284,92.004
714,Рыбинский,Красноярский край,муниципальный район,True,55.9886,94.9039
715,Саянский,Красноярский край,муниципальный район,True,54.9057,94.9709
716,Северо-Енисейский,Красноярский край,муниципальный район,True,59.9289,93.1462
717,Сухобузимский,Красноярский край,муниципальный район,True,56.5408,93.7644
718,Таймырский Долгано-Ненецкий,Красноярский край,муниципальный район,True,74.1084,94.2681
719,Тасеевский,Красноярский край,муниципальный район,True,57.4102,94.9704
720,Туруханский,Красноярский край,муниципальный район,True,64.6323,87.8168
721,Тюхтетский,Красноярский край,муниципальный округ,True,57.079,89.1688
722,Ужурский,Красноярский край,муниципальный район,True,55.3539,90.0935
723,Уярский,Красноярский край,муниципальный район,True,55.8937,94.141
724,Шарыповский,Красноярский край,муниципальный округ,False,55.4591,88.9066
725,Шушенский,Красноярский край,муниципальный район,True,52.7494,91.8294
726,Эвенкийский,Красноярский край,муниципальный район,True,64.2646,100.2208
727,Пермский,Пермский край,городской округ,True,58.0645,56.3196
731,Лысьвенский,Пермский край,городской округ,True,57.8968,58.0679
734,Александровский,Пермский край,муниципальный округ,True,59.3473,57.6909
735,Бардымский,Пермский край,муниципальный округ,True,56.9062,55.6451
736,Березовский,Пермский край,муниципальный округ,True,57.6595,57.4544
737,Большесосновский,Пермский край,муниципальный округ,True,57.5939,54.5226
738,Верещагинский,Пермский край,городской округ,True,58.1352,54.3763
739,Горнозаводский,Пермский край,городской округ,True,58.572,58.6544
741,Добрянский,Пермский край,городской округ,True,58.6475,56.6359
742,Еловский,Пермский край,муниципальный округ,True,56.914,54.9042
743,Ильинский,Пермский край,городской округ,True,58.6569,55.8262
744,Карагайский,Пермский край,муниципальный округ,True,58.4489,54.9545
745,Кизел,Пермский край,городской округ,True,59.1055,58.0765
746,Кишертский,Пермский край,муниципальный округ,True,57.3402,57.7021
747,Красновишерский,Пермский край,городской округ,True,60.466,58.2315
748,Краснокамский,Пермский край,городской округ,True,58.1527,55.84
749,Куединский,Пермский край,муниципальный округ,True,56.5213,55.2234
751,Нытвенский,Пермский край,городской округ,True,58.0938,55.375
752,Октябрьский,Пермский край,городской округ,True,56.4836,56.9798
753,Ординский,Пермский край,муниципальный округ,True,57.0716,56.8714
754,Осинский,Пермский край,городской округ,True,57.2689,55.5095
755,Оханский,Пермский край,городской округ,True,57.6673,55.2799
756,Очерский,Пермский край,городской округ,True,57.9189,54.641
757,Пермский,Пермский край,муниципальный округ,True,57.7563,55.9595
758,Сивинский,Пермский край,муниципальный округ,True,58.4792,54.2345
760,Суксунский,Пермский край,городской округ,True,57.0947,57.4466
761,Уинский,Пермский край,муниципальный округ,True,56.8867,56.4133
763,Чайковский,Пермский край,городской округ,True,56.6942,54.3723
764,Частинский,Пермский край,муниципальный округ,True,57.2535,54.7521
765,Чердынский,Пермский край,городской округ,True,60.9163,56.837
766,Чернушинский,Пермский край,городской округ,True,56.5328,56.1559
767,Чусовской,Пермский край,городской округ,True,58.2902,57.3075
769,Гайнский,Пермский край,муниципальный округ,True,60.5522,53.499
770,Косинский,Пермский край,муниципальный округ,True,59.9029,55.1346
771,Кочевский,Пермский край,муниципальный округ,True,59.7274,54.152
773,Юрлинский,Пермский край,муниципальный округ,True,59.3199,53.8358
774,Юсьвинский,Пермский край,муниципальный округ,True,59.0532,55.7621
775,Владивостокский,Приморский край,городской округ,True,43.1919,132.0171
776,Арсеньевский,Приморский край,городской округ,True,44.1379,133.2745
777,Артемовский,Приморский край,городской округ,True,43.3925,132.2032
778,Большой Камень,Приморский край,городской округ,True,43.1098,132.3594
779,Дальнегорский,Приморский край,городской округ,True,44.8219,135.466
780,Дальнереченский,Приморский край,городской округ,True,45.8785,133.6462
781,Лесозаводский,Приморский край,городской округ,True,45.4415,133.6508
782,Находкинский,Приморский край,городской округ,True,42.8226,132.8615
783,Партизанский,Приморский край,городской округ,True,43.2698,133.0914
784,Спасск-Дальний,Приморский край,городской округ,True,44.5957,132.8303
785,Уссурийский,Приморский край,городской округ,True,43.7744,131.5323
787,Анучинский,Приморский край,муниципальный округ,True,43.9225,133.1078
788,Дальнереченский,Приморский край,муниципальный район,True,45.4549,134.4153
789,Кавалеровский,Приморский край,муниципальный округ,True,44.2195,135.025
790,Кировский,Приморский край,муниципальный район,True,45.06,133.5634
791,Красноармейский,Приморский край,муниципальный округ,True,45.8617,135.5077
792,Лазовский,Приморский край,муниципальный округ,True,43.0878,133.8763
793,Михайловский,Приморский край,муниципальный район,True,44.0178,132.2763
794,Надеждинский,Приморский край,муниципальный район,True,43.463,131.8349
795,Октябрьский,Приморский край,муниципальный округ,True,44.1189,131.5373
796,Ольгинский,Приморский край,муниципальный округ,True,43.7594,134.801
797,Партизанский,Приморский край,муниципальный округ,True,43.1881,133.404
798,Пограничный,Приморский край,муниципальный округ,True,44.5679,131.469
799,Пожарский,Приморский край,муниципальный округ,True,46.7835,135.5047
800,Спасский,Приморский край,муниципальный район,True,44.7236,133.0498
801,Тернейский,Приморский край,муниципальный округ,True,46.2524,137.759
802,Ханкайский,Приморский край,муниципальный округ,True,44.9586,131.8398
803,Хасанский,Приморский край,муниципальный округ,True,42.8485,131.1665
804,Хорольский,Приморский край,муниципальный округ,True,44.4137,132.0677
805,Черниговский,Приморский край,муниципальный округ,True,44.2404,132.6486
806,Чугуевский,Приморский край,муниципальный округ,True,44.4058,134.1975
807,Шкотовский,Приморский край,муниципальный округ,True,43.3192,132.5932
808,Яковлевский,Приморский край,муниципальный округ,True,44.4115,133.5509
809,Ставрополь,Ставропольский край,городской округ,True,45.0747,41.9331
810,Благодарненский,Ставропольский край,муниципальный округ,True,45.1108,43.5635
811,Георгиевский,Ставропольский край,муниципальный округ,True,44.2348,43.4463
812,Ессентуки,Ставропольский край,городской округ,True,44.0463,42.8731
813,Железноводск,Ставропольский край,городской округ,True,44.106,43.0707
814,Изобильненский,Ставропольский край,муниципальный округ,True,45.2803,41.5995
815,Ипатовский,Ставропольский край,муниципальный округ,True,45.7321,42.6161
817,Кировский,Ставропольский край,муниципальный округ,True,43.9974,43.7027
818,Лермонтов,Ставропольский край,городской округ,True,44.105,42.9848
819,Минераловодский,Ставропольский край,муниципальный округ,True,44.3342,43.0101
820,Невинномысск,Ставропольский край,городской округ,True,44.6442,41.9342
821,Нефтекумский,Ставропольский край,муниципальный округ,True,44.6294,45.1832
822,Новоалександровский,Ставропольский край,муниципальный округ,True,45.4596,41.1686
823,Петровский,Ставропольский край,муниципальный округ,True,45.301,42.7943
824,Пятигорск,Ставропольский край,городской округ,True,44.0373,43.0712
825,Советский,Ставропольский край,муниципальный округ,True,44.3431,43.8826
826,Александровский,Ставропольский край,муниципальный округ,True,44.657,42.9936
827,Андроповский,Ставропольский край,муниципальный округ,True,44.5886,42.5062
828,Апанасенковский,Ставропольский край,муниципальный округ,True,45.9084,43.4116
829,Арзгирский,Ставропольский край,муниципальный округ,True,45.327,44.2748
830,Будённовский,Ставропольский край,муниципальный округ,True,44.71,44.1763
831,Грачёвский,Ставропольский край,муниципальный округ,True,45.0774,42.4146
832,Кочубеевский,Ставропольский край,муниципальный округ,True,44.5366,41.8386
833,Красногвардейский,Ставропольский край,муниципальный округ,True,45.813,41.5221
834,Курский,Ставропольский край,муниципальный округ,True,44.0409,44.8501
835,Левокумский,Ставропольский край,муниципальный округ,True,44.9705,44.8817
836,Новоселицкий,Ставропольский край,муниципальный округ,True,44.763,43.458
838,Степновский,Ставропольский край,муниципальный округ,True,44.2265,44.5189
839,Труновский,Ставропольский край,муниципальный округ,True,45.5237,42.0213
840,Туркменский,Ставропольский край,муниципальный округ,True,45.4397,43.4631
841,Шпаковский,Ставропольский край,муниципальный округ,True,44.9297,41.9353
842,Хабаровск,Хабаровский край,городской округ,True,48.4769,135.0679
843,Комсомольск-на-Амуре,Хабаровский край,городской округ,True,50.5863,137.0051
844,Амурский,Хабаровский край,муниципальный район,True,49.6431,135.3096
846,Бикинский,Хабаровский край,муниципальный район,True,47.0124,134.2824
847,Ванинский,Хабаровский край,муниципальный район,True,49.8546,139.84
848,Верхнебуреинский,Хабаровский край,муниципальный район,True,50.8754,132.8463
849,Вяземский,Хабаровский край,муниципальный район,True,47.4194,134.977
850,Комсомольский,Хабаровский край,муниципальный район,False,50.5308,138.0413
851,Лазо,Хабаровский край,муниципальный район,True,47.8249,136.7468
852,Нанайский,Хабаровский край,муниципальный район,True,49.2006,136.7965
853,Николаевский,Хабаровский край,муниципальный район,True,53.3116,140.1958
854,Охотский,Хабаровский край,муниципальный округ,True,60.2741,141.8785
855,Полины Осипенко,Хабаровский край,муниципальный район,True,52.5398,136.6188
856,Советско-Гаванский,Хабаровский край,муниципальный район,True,48.4523,139.2918
857,Солнечный,Хабаровский край,муниципальный район,True,51.3633,136.3044
858,Тугуро-Чумиканский,Хабаровский край,муниципальный район,False,54.2719,135.3658
859,Ульчский,Хабаровский край,муниципальный район,True,51.9611,139.9487
860,Хабаровский,Хабаровский край,муниципальный район,True,49.9371,133.9817
862,Белогорск,Амурская область,городской округ,False,50.8978,128.4562
863,Зея,Амурская область,городской округ,False,53.7325,127.2368
864,Райчихинск,Амурская область,городской округ,False,49.7519,129.4532
865,Свободный,Амурская область,городской округ,False,51.3658,128.1028
866,Тында,Амурская область,городской округ,False,55.1815,124.752
867,Шимановск,Амурская область,городской округ,False,52.0052,127.6892
868,Прогресс,Амурская область,городской округ,False,49.7665,129.6839
870,Архаринский,Амурская область,муниципальный округ,True,49.549,130.7955
871,Белогорский,Амурская область,муниципальный округ,True,50.9253,128.1239
872,Благовещенский,Амурская область,муниципальный округ,True,50.7179,127.4723
873,Бурейский,Амурская область,муниципальный округ,True,50.058,130.1043
874,Завитинский,Амурская область,муниципальный округ,True,50.1786,129.5671
875,Зейский,Амурская область,муниципальный округ,True,54.5268,129.1231
876,Ивановский,Амурская область,муниципальный округ,True,50.4712,128.0911
877,Константиновский,Амурская область,муниципальный район,True,49.7701,128.1346
878,Магдагачинский,Амурская область,муниципальный район,True,53.2251,126.0339
879,Мазановский,Амурская область,муниципальный район,True,52.103,129.7436
880,Михайловский,Амурская область,муниципальный район,True,49.8109,128.7103
881,Октябрьский,Амурская область,муниципальный район,True,50.2818,128.8258
882,Ромненский,Амурская область,муниципальный округ,True,50.8374,130.0235
883,Свободненский,Амурская область,муниципальный район,True,51.4844,127.6029
884,Селемджинский,Амурская область,муниципальный район,True,52.949,131.7679
885,Серышевский,Амурская область,муниципальный округ,True,51.1037,128.7091
886,Сковородинский,Амурская область,муниципальный округ,True,53.91,123.1654
887,Тамбовский,Амурская область,муниципальный округ,False,50.024,128.0408
888,Тындинский,Амурская область,муниципальный округ,True,55.1377,124.2581
889,Шимановский,Амурская область,муниципальный округ,True,52.1851,127.0858
890,Архангельск,Архангельская область,городской округ,True,64.5605,40.5297
891,Коряжма,Архангельская область,городской округ,True,61.2855,47.1326
892,Котлас,Архангельская область,городской округ,True,61.2454,46.6823
895,Новодвинск,Архангельская область,городской округ,True,64.4102,40.7987
896,Северодвинск,Архангельская область,городской округ,True,64.4943,39.5515
897,Вельский,Архангельская область,муниципальный район,True,61.2526,41.9664
898,Верхнетоемский,Архангельская область,муниципальный округ,True,62.4681,45.7654
899,Вилегодский,Архангельская область,муниципальный округ,True,61.227,48.3337
900,Виноградовский,Архангельская область,муниципальный округ,True,62.9134,43.392
901,Каргопольский,Архангельская область,муниципальный округ,True,61.4902,38.6896
902,Коношский,Архангельская область,муниципальный район,True,61.0129,40.4216
903,Котласский,Архангельская область,муниципальный округ,True,61.5109,47.1925
904,Красноборский,Архангельская область,муниципальный округ,True,61.7546,46.1815
905,Ленский,Архангельская область,муниципальный район,True,61.9395,48.628
907,Мезенский,Архангельская область,муниципальный округ,True,65.9517,42.8639
908,Няндомский,Архангельская область,муниципальный округ,True,61.9129,40.4604
909,Онежский,Архангельская область,муниципальный район,True,63.6801,37.3316
910,Пинежский,Архангельская область,муниципальный округ,False,63.9717,44.2312
911,Плесецкий,Архангельская область,муниципальный округ,True,62.6047,39.6268
912,Приморский,Архангельская область,муниципальный округ,True,80.8727,54.8942
913,Устьянский,Архангельская область,муниципальный округ,True,61.3598,44.4475
914,Холмогорский,Архангельская область,муниципальный округ,True,63.9308,41.9233
915,Шенкурский,Архангельская область,муниципальный округ,True,62.0801,42.5466
916,Нарьян-Мар,Ненецкий автономный округ,городской округ,True,67.6372,53.0254
917,Заполярный,Ненецкий автономный округ,муниципальный район,True,67.6475,50.4871
918,Астрахань,Астраханская область,городской округ,True,46.3594,47.9856
920,Ахтубинский,Астраханская область,муниципальный район,True,48.2623,46.3961
921,Володарский,Астраханская область,муниципальный район,False,46.2354,48.7791
922,Енотаевский,Астраханская область,муниципальный район,True,47.0477,47.1097
923,Икрянинский,Астраханская область,муниципальный район,True,45.8396,47.7058
924,Камызякский,Астраханская область,муниципальный район,True,45.8796,48.1895
925,Красноярский,Астраханская область,муниципальный район,True,46.8782,48.3372
926,Лиманский,Астраханская область,муниципальный район,True,45.8724,47.1699
927,Наримановский,Астраханская область,муниципальный район,True,46.4625,47.3927
928,Приволжский,Астраханская область,муниципальный район,True,46.2987,48.1135
929,Харабалинский,Астраханская область,муниципальный район,True,47.4641,47.6521
930,Черноярский,Астраханская область,муниципальный район,True,48.1802,45.6965
986,Владимир,Владимирская область,городской округ,True,56.1121,40.4328
987,Гусь-Хрустальный,Владимирская область,городской округ,True,55.6177,40.65
988,Ковров,Владимирская область,городской округ,True,56.3491,41.3314
989,Муром,Владимирская область,городской округ,True,55.5501,42.0083
991,Александровский,Владимирская область,муниципальный район,True,56.4503,38.6442
992,Вязниковский,Владимирская область,муниципальный район,True,56.2476,42.0339
993,Гороховецкий,Владимирская область,муниципальный район,True,56.0711,42.4737
994,Гусь-Хрустальный,Владимирская область,муниципальный район,True,55.5494,40.6729
995,Камешковский,Владимирская область,муниципальный район,True,56.3009,40.9117
996,Киржачский,Владимирская область,муниципальный район,True,56.1553,38.8642
997,Ковровский,Владимирская область,муниципальный район,False,56.2912,41.4788
998,Кольчугинский,Владимирская область,муниципальный район,True,56.2872,39.408
999,Меленковский,Владимирская область,муниципальный район,True,55.3535,41.5974
1001,Петушинский,Владимирская область,муниципальный район,True,55.9921,39.4388
1002,Селивановский,Владимирская область,муниципальный район,True,55.8232,41.5946
1003,Собинский,Владимирская область,муниципальный район,True,56.0291,40.0079
1004,Судогодский,Владимирская область,муниципальный район,True,55.9723,40.9431
1005,Суздальский,Владимирская область,муниципальный район,True,56.3767,40.4927
1006,Юрьев-Польский,Владимирская область,муниципальный район,True,56.5182,39.6987
1007,Волгоград,Волгоградская область,городской округ,True,48.5887,44.4501
1008,Волжский,Волгоградская область,городской округ,True,48.8096,44.7642
1009,Камышин,Волгоградская область,городской округ,True,50.0891,45.3826
1010,Михайловка,Волгоградская область,городской округ,True,50.1867,43.3023
1011,Урюпинск,Волгоградская область,городской округ,True,50.7922,42.0129
1012,Фролово,Волгоградская область,городской округ,True,49.7717,43.6796
1013,Алексеевский,Волгоградская область,муниципальный район,True,50.2035,42.2278
1014,Быковский,Волгоградская область,муниципальный район,True,49.5052,45.3501
1015,Городищенский,Волгоградская область,муниципальный район,True,48.9098,44.2116
1016,Даниловский,Волгоградская область,муниципальный район,True,50.3793,44.0916
1017,Дубовский,Волгоградская область,муниципальный район,True,49.3629,44.8127
1018,Еланский,Волгоградская область,муниципальный район,True,50.8865,43.7372
1019,Жирновский,Волгоградская область,муниципальный район,True,50.9965,44.8616
1020,Иловлинский,Волгоградская область,муниципальный район,True,49.3147,44.0063
1021,Калачевский,Волгоградская область,муниципальный район,True,48.6899,43.6315
1022,Камышинский,Волгоградская область,муниципальный район,False,50.2391,45.3332
1023,Киквидзенский,Волгоградская область,муниципальный район,True,50.7465,43.1426
1024,Клетский,Волгоградская область,муниципальный район,True,49.1475,42.9843
1025,Котельниковский,Волгоградская область,муниципальный район,True,47.72,43.298
1026,Котовский,Волгоградская область,муниципальный район,True,50.3591,44.7628
1027,Кумылженский,Волгоградская область,муниципальный район,True,49.9069,42.4119
1028,Ленинский,Волгоградская область,муниципальный район,True,48.7841,45.355
1029,Нехаевский,Волгоградская область,муниципальный район,True,50.3861,41.6552
1030,Николаевский,Волгоградская область,муниципальный район,True,50.0474,45.9863
1031,Новоаннинский,Волгоградская область,муниципальный район,True,50.4986,42.7682
1032,Новониколаевский,Волгоградская область,муниципальный район,True,51.0105,42.6041
1033,Октябрьский,Волгоградская область,муниципальный район,True,48.0348,43.6803
1034,Ольховский,Волгоградская область,муниципальный район,True,49.7789,44.5245
1035,Палласовский,Волгоградская область,муниципальный район,True,49.2796,46.2435
1036,Руднянский,Волгоградская область,муниципальный район,True,50.7782,44.3279
1037,Светлоярский,Волгоградская область,муниципальный район,True,48.3832,44.6045
1038,Серафимовичский,Волгоградская область,муниципальный район,True,49.4961,42.7349
1039,Среднеахтубинский,Волгоградская область,муниципальный район,True,48.987,45.2053
1040,Старополтавский,Волгоградская область,муниципальный район,True,50.4727,46.4622
1041,Суровикинский,Волгоградская область,муниципальный район,True,48.6039,42.9342
1043,Фроловский,Волгоградская область,муниципальный район,False,49.9417,43.9544
1044,Чернышковский,Волгоградская область,муниципальный район,True,48.1626,42.51
1047,Бабаевский,Вологодская область,муниципальный округ,True,59.9199,36.0421
1048,Бабушкинский,Вологодская область,муниципальный округ,True,59.6172,43.6016
1049,Белозерский,Вологодская область,муниципальный округ,True,59.9609,37.0791
1051,Великоустюгский,Вологодская область,муниципальный округ,True,60.6652,45.9334
1052,Верховажский,Вологодская область,муниципальный округ,True,60.557,41.956
1053,Вожегодский,Вологодская область,муниципальный округ,True,60.5125,40.2994
1054,Вологодский,Вологодская область,муниципальный округ,True,59.3139,39.4256
1055,Вытегорский,Вологодская область,муниципальный район,True,60.9685,37.0081
1056,Грязовецкий,Вологодская область,муниципальный округ,True,58.8665,40.5076
1057,Кадуйский,Вологодская область,муниципальный округ,True,59.4251,36.902
1058,Кирилловский,Вологодская область,муниципальный округ,True,60.0273,38.419
1059,Кичменгско-Городецкий,Вологодская область,муниципальный округ,True,59.9335,45.959
1060,Междуреченский,Вологодская область,муниципальный округ,True,59.2753,41.2434
1061,Никольский,Вологодская область,муниципальный округ,True,59.433,45.118
1062,Нюксенский,Вологодская область,муниципальный округ,True,60.4814,44.5134
1063,Сокольский,Вологодская область,муниципальный округ,True,59.5258,40.6502
1064,Сямженский,Вологодская область,муниципальный округ,True,60.0476,41.3509
1065,Тарногский,Вологодская область,муниципальный округ,True,60.6503,43.7809
1066,Тотемский,Вологодская область,муниципальный округ,True,59.9403,42.7087
1067,Усть-Кубинский,Вологодская область,муниципальный округ,True,59.8797,39.4301
1068,Устюженский,Вологодская область,муниципальный округ,True,58.9446,36.4139
1069,Харовский,Вологодская область,муниципальный округ,True,60.0468,40.0745
1070,Чагодощенский,Вологодская область,муниципальный округ,True,59.0935,35.4098
1071,Череповецкий,Вологодская область,муниципальный район,True,58.8619,37.6005
1072,Шекснинский,Вологодская область,муниципальный район,True,59.2055,38.5941
1107,Иваново,Ивановская область,городской округ,True,56.9852,40.9943
1108,Вичуга,Ивановская область,городской округ,True,57.2131,41.9136
1109,Кинешма,Ивановская область,городской округ,True,57.4382,42.1228
1110,Кохма,Ивановская область,городской округ,True,56.935,41.0953
1111,Тейково,Ивановская область,городской округ,True,56.8563,40.5356
1112,Шуя,Ивановская область,городской округ,True,56.8458,41.3503
1113,Вичугский,Ивановская область,муниципальный район,True,57.2655,42.0039
1115,Гаврилово-Посадский,Ивановская область,муниципальный район,True,56.6335,40.0778
1116,Заволжский,Ивановская область,муниципальный район,True,57.5051,41.927
1117,Ивановский,Ивановская область,муниципальный район,True,57.0882,41.0837
1118,Ильинский,Ивановская область,муниципальный район,True,56.9222,39.8667
1119,Кинешемский,Ивановская область,муниципальный район,True,57.4539,42.5234
1120,Комсомольский,Ивановская область,муниципальный район,True,57.1386,40.3916
1121,Лежневский,Ивановская область,муниципальный район,True,56.7608,40.8529
1122,Лухский,Ивановская область,муниципальный район,True,57.0202,42.4752
1123,Палехский,Ивановская область,муниципальный район,True,56.8105,41.9244
1124,Пестяковский,Ивановская область,муниципальный район,True,56.603,42.6067
1125,Приволжский,Ивановская область,муниципальный район,True,57.3608,41.383
1126,Пучежский,Ивановская область,муниципальный район,True,56.9638,42.9952
1127,Родниковский,Ивановская область,муниципальный район,True,57.0768,41.7467
1128,Савинский,Ивановская область,муниципальный район,True,56.5733,41.3569
1129,Тейковский,Ивановская область,муниципальный район,True,56.7593,40.4332
1130,Фурмановский,Ивановская область,муниципальный район,True,57.2375,41.0958
1131,Шуйский,Ивановская область,муниципальный район,True,56.8426,41.4801
1132,Южский,Ивановская область,муниципальный район,True,56.6155,42.0571
1133,Юрьевецкий,Ивановская область,муниципальный район,True,57.2799,42.8772
1134,Иркутск,Иркутская область,городской округ,True,52.3129,104.3238
1135,Ангарский,Иркутская область,городской округ,True,52.413,103.794
1136,Братск,Иркутская область,городской округ,True,56.1865,101.6198
1137,Зима,Иркутская область,городской округ,True,53.9099,102.0397
1138,Саянск,Иркутская область,городской округ,True,54.07,102.1843
1139,Тулун,Иркутская область,городской округ,True,54.5625,100.5853
1140,Усолье-Сибирское,Иркутская область,городской округ,True,52.7687,103.6436
1141,Усть-Илимск,Иркутская область,городской округ,True,58.0099,102.7313
1142,Черемхово,Иркутская область,городской округ,True,53.1416,103.1206
1143,Свирск,Иркутская область,городской округ,True,53.0533,103.3494
1144,Балаганский,Иркутская область,муниципальный район,True,54.6451,102.8241
1146,Братский,Иркутская область,муниципальный район,True,55.9037,102.0603
1147,Жигаловский,Иркутская область,муниципальный район,True,54.8455,105.1479
1148,Заларинский,Иркутская область,муниципальный район,True,53.2946,101.5995
1149,Зиминский,Иркутская область,муниципальный район,True,53.8882,101.5629
1150,Иркутский,Иркутская область,муниципальный район,True,52.3394,105.1557
1151,Казачинско-Ленский,Иркутская область,муниципальный район,True,56.1551,107.95
1152,Катангский,Иркутская область,муниципальный район,True,60.936,107.4619
1153,Качугский,Иркутская область,муниципальный район,True,54.1228,106.5869
1154,Киренский,Иркутская область,муниципальный район,True,57.7233,108.9669
1155,Куйтунский,Иркутская область,муниципальный район,True,54.4652,101.683
1157,Нижнеилимский,Иркутская область,муниципальный район,True,56.8544,103.6189
1158,Нижнеудинский,Иркутская область,муниципальный район,True,54.4486,97.8391
1159,Ольхонский,Иркутская область,муниципальный район,True,53.432,107.7137
1160,Слюдянский,Иркутская область,муниципальный район,True,51.5535,103.9264
1161,Тайшетский,Иркутская область,муниципальный район,True,56.2516,98.135
1162,Тулунский,Иркутская область,муниципальный район,False,54.1714,100.1838
1163,Усольский,Иркутская область,муниципальный район,True,52.4386,103.1507
1164,Усть-Илимский,Иркутская область,муниципальный район,True,57.9894,103.7984
1165,Усть-Кутский,Иркутская область,муниципальный район,True,56.9712,105.7123
1166,Усть-Удинский,Иркутская область,муниципальный район,True,54.992,103.6993
1167,Черемховский,Иркутская область,муниципальный район,True,52.783,102.0765
1168,Чунский,Иркутская область,муниципальный район,True,56.8162,99.5934
1169,Шелеховский,Иркутская область,муниципальный район,True,52.0617,103.8793
1170,Аларский,Иркутская область,муниципальный район,True,53.3162,102.7685
1171,Баяндаевский,Иркутская область,муниципальный район,True,53.1864,105.6781
1172,Боханский,Иркутская область,муниципальный район,True,53.098,103.9063
1173,Нукутский,Иркутская область,муниципальный район,True,53.7589,102.907
1174,Осинский,Иркутская область,муниципальный район,True,53.6541,104.0074
1175,Эхирит-Булагатский,Иркутская область,муниципальный район,True,52.921,104.7703
1176,Калининград,Калининградская область,городской округ,True,54.7144,20.495
1177,Ладушкинский,Калининградская область,городской округ,False,54.581,20.1702
1178,Мамоновский,Калининградская область,городской округ,True,54.4667,19.9427
1179,Пионерский,Калининградская область,городской округ,True,54.9487,20.206
1180,Светловский,Калининградская область,городской округ,True,54.7294,20.2142
1181,Советский,Калининградская область,городской округ,True,55.0736,21.8467
1182,Янтарный,Калининградская область,городской округ,False,54.8678,19.9505
1183,Багратионовский,Калининградская область,муниципальный округ,False,54.4884,20.391
1184,Балтийский,Калининградская область,городской округ,True,54.7151,19.9806
1185,Гвардейский,Калининградская область,муниципальный округ,True,54.6454,21.0764
1186,Гурьевский,Калининградская область,муниципальный округ,True,54.8258,20.6842
1187,Гусевский,Калининградская область,городской округ,True,54.6195,22.1708
1188,Зеленоградский,Калининградская область,муниципальный округ,True,54.8439,20.286
1189,Краснознаменский,Калининградская область,муниципальный округ,True,54.876,22.5106
1190,Светлогорский,Калининградская область,городской округ,True,54.939,20.0958
1191,Неманский,Калининградская область,муниципальный округ,True,54.9388,22.0042
1192,Нестеровский,Калининградская область,муниципальный округ,True,54.5316,22.5602
1193,Озерский,Калининградская область,муниципальный округ,True,54.4182,21.9614
1194,Полесский,Калининградская область,муниципальный округ,True,54.8527,21.2281
1195,Правдинский,Калининградская область,муниципальный округ,True,54.4447,21.197
1196,Славский,Калининградская область,муниципальный округ,True,55.0388,21.5168
1197,Черняховский,Калининградская область,муниципальный округ,True,54.6717,21.7247
1198,Калуга,Калужская область,городской округ,True,54.5326,36.2349
1200,Бабынинский,Калужская область,муниципальный район,True,54.4516,35.7818
1201,Барятинский,Калужская область,муниципальный район,True,54.3618,34.558
1203,Дзержинский,Калужская область,муниципальный район,True,54.7426,35.8799
1204,Думиничский,Калужская область,муниципальный район,True,53.9262,35.0188
1205,Жиздринский,Калужская область,муниципальный район,True,53.6692,34.6882
1206,Жуковский,Калужская область,муниципальный район,True,54.9966,36.9088
1207,Кировский,Калужская область,муниципальный район,True,54.0871,34.3578
1208,Износковский,Калужская область,муниципальный район,True,54.9766,35.4552
1209,Козельский,Калужская область,муниципальный район,True,54.0251,35.8007
1210,Куйбышевский,Калужская область,муниципальный район,True,54.0984,33.9121
1211,Людиновский,Калужская область,муниципальный район,True,53.9193,34.4924
1212,Малоярославецкий,Калужская область,муниципальный район,True,54.8992,36.3665
1213,Медынский,Калужская область,муниципальный район,True,55.094,35.7991
1214,Мещовский,Калужская область,муниципальный район,True,54.3268,35.3074
1215,Мосальский,Калужская область,муниципальный район,True,54.5733,34.8342
1216,Перемышльский,Калужская область,муниципальный район,False,54.3134,36.3021
1217,Спас-Деменский,Калужская область,муниципальный район,True,54.3999,33.9859
1218,Сухиничский,Калужская область,муниципальный район,True,54.1497,35.2065
1219,Тарусский,Калужская область,муниципальный район,True,54.7333,36.9944
1220,Ульяновский,Калужская область,муниципальный район,True,53.7038,35.6002
1221,Ферзиковский,Калужская область,муниципальный район,True,54.5323,36.7214
1222,Хвастовичский,Калужская область,муниципальный район,True,53.4923,35.1733
1223,Юхновский,Калужская область,муниципальный район,True,54.738,35.2744
1224,Кемеровский,Кемеровская область,городской округ,True,55.3942,86.0833
1225,Анжеро-Судженский,Кемеровская область,городской округ,True,56.0247,86.0557
1226,Беловский,Кемеровская область,городской округ,True,54.3994,86.3073
1227,Березовский,Кемеровская область,городской округ,True,55.6554,86.279
1228,Калтанский,Кемеровская область,городской округ,True,53.4798,87.2717
1229,Киселевский,Кемеровская область,городской округ,True,54.0382,86.5954
1230,Ленинск-Кузнецкий,Кемеровская область,городской округ,True,54.6723,86.1818
1231,Междуреченский,Кемеровская область,городской округ,True,53.7578,88.5622
1232,Мысковский,Кемеровская область,городской округ,True,53.6082,87.7475
1233,Новокузнецкий,Кемеровская область,городской округ,True,53.8371,87.3668
1234,Осинниковский,Кемеровская область,городской округ,True,53.6485,87.3791
1235,Полысаевский,Кемеровская область,городской округ,True,54.5588,86.2793
1236,Прокопьевский,Кемеровская область,городской округ,True,53.8662,86.7251
1237,Тайгинский,Кемеровская область,городской округ,True,56.1131,85.7331
1238,Юргинский,Кемеровская область,городской округ,True,55.7151,84.8925
1240,Беловский,Кемеровская область,муниципальный округ,True,54.4108,86.939
1241,Гурьевский,Кемеровская область,муниципальный округ,True,54.3914,85.6496
1242,Ижморский,Кемеровская область,муниципальный округ,True,56.1439,86.8512
1243,Кемеровский,Кемеровская область,муниципальный округ,True,55.5397,86.5408
1244,Крапивинский,Кемеровская область,муниципальный округ,True,54.9867,87.1413
1245,Ленинск-Кузнецкий,Кемеровская область,муниципальный округ,False,54.6113,85.736
1246,Мариинский,Кемеровская область,муниципальный округ,True,56.3635,87.6842
1247,Новокузнецкий,Кемеровская область,муниципальный округ,False,53.8806,87.7389
1249,Промышленновский,Кемеровская область,муниципальный округ,True,54.9604,85.5762
1250,Таштагольский,Кемеровская область,муниципальный район,True,52.7587,88.1706
1251,Тисульский,Кемеровская область,муниципальный округ,True,55.2467,87.9385
1252,Топкинский,Кемеровская область,муниципальный округ,True,55.2978,85.3232
1253,Тяжинский,Кемеровская область,муниципальный округ,True,56.0795,88.7117
1254,Чебулинский,Кемеровская область,муниципальный округ,True,55.8162,87.5953
1256,Яйский,Кемеровская область,муниципальный округ,True,56.2361,86.2186
1257,Яшкинский,Кемеровская область,муниципальный округ,True,55.9204,85.5243
1258,Киров,Кировская область,городской округ,True,58.5767,49.4798
1259,Вятские Поляны,Кировская область,городской округ,True,56.2286,51.0373
1260,Кирово-Чепецк,Кировская область,городской округ,True,58.5388,50.0125
1261,Котельнич,Кировская область,городской округ,True,58.3065,48.3186
1262,Слободской,Кировская область,городской округ,True,58.7323,50.203
1264,Арбажский,Кировская область,муниципальный округ,True,57.756,48.362
1265,Афанасьевский,Кировская область,муниципальный округ,True,58.9327,53.2155
1266,Белохолуницкий,Кировская область,муниципальный район,True,58.9991,51.2384
1267,Богородский,Кировская область,муниципальный округ,True,57.8999,50.8228
1268,Верхнекамский,Кировская область,муниципальный округ,True,59.8443,52.6497
1269,Верхошижемский,Кировская область,муниципальный район,True,58.0155,49.1757
1270,Вятскополянский,Кировская область,муниципальный район,True,56.2657,51.211
1271,Даровской,Кировская область,муниципальный район,True,59.0807,47.8843
1272,Зуевский,Кировская область,муниципальный район,True,58.3829,51.1884
1273,Кикнурский,Кировская область,муниципальный округ,True,57.3731,47.1187
1274,Кильмезский,Кировская область,муниципальный район,True,56.9927,50.87
1275,Кирово-Чепецкий,Кировская область,муниципальный район,True,58.3956,50.1798
1276,Котельничский,Кировская область,муниципальный район,True,58.3335,48.1686
1277,Куменский,Кировская область,муниципальный район,True,58.1099,50.1226
1278,Лебяжский,Кировская область,муниципальный округ,True,57.3047,49.4418
1279,Лузский,Кировская область,муниципальный округ,True,60.68,47.9987
1280,Малмыжский,Кировская область,муниципальный район,True,56.6238,50.6919
1281,Мурашинский,Кировская область,муниципальный округ,True,59.3188,48.6215
1282,Нагорский,Кировская область,муниципальный район,True,59.6131,50.8648
1284,Нолинский,Кировская область,муниципальный район,True,57.5978,49.9303
1285,Омутнинский,Кировская область,муниципальный район,True,58.7741,52.3803
1286,Опаринский,Кировская область,муниципальный округ,True,59.7352,47.7611
1287,Оричевский,Кировская область,муниципальный район,True,58.237,48.9426
1288,Орловский,Кировская область,муниципальный район,True,58.7249,48.751
1289,Пижанский,Кировская область,муниципальный округ,True,57.3775,48.5328
1290,Подосиновский,Кировская область,муниципальный район,True,60.1932,47.3606
1291,Санчурский,Кировская область,муниципальный округ,True,57.0607,47.2269
1292,Свечинский,Кировская область,муниципальный округ,True,58.3498,47.5722
1293,Слободской,Кировская область,муниципальный район,True,58.811,50.0953
1294,Советский,Кировская область,муниципальный район,True,57.5775,49.0364
1295,Сунский,Кировская область,муниципальный район,True,57.8762,50.0022
1296,Тужинский,Кировская область,муниципальный район,True,57.5483,47.7054
1297,Унинский,Кировская область,муниципальный округ,True,57.6722,51.4073
1298,Уржумский,Кировская область,муниципальный район,True,57.0545,50.0474
1299,Фаленский,Кировская область,муниципальный округ,True,58.2029,51.5267
1300,Шабалинский,Кировская область,муниципальный район,True,58.2633,46.95
1301,Юрьянский,Кировская область,муниципальный район,True,59.0546,49.3199
1302,Яранский,Кировская область,муниципальный район,True,57.2432,47.9314
1303,Кострома,Костромская область,городской округ,True,57.7751,40.9157
1304,Буй,Костромская область,городской округ,True,58.4647,41.56
1305,Волгореченск,Костромская область,городской округ,True,57.4464,41.1635
1306,Галич,Костромская область,городской округ,True,58.3829,42.3785
1308,Шарья,Костромская область,городской округ,True,58.3723,45.486
1309,Антроповский,Костромская область,муниципальный район,True,58.1626,42.9657
1310,Буйский,Костромская область,муниципальный район,True,58.5838,41.4753
1311,Вохомский,Костромская область,муниципальный район,True,59.3154,46.8014
1312,Галичский,Костромская область,муниципальный район,True,58.3989,42.3031
1313,Кадыйский,Костромская область,муниципальный район,True,57.7903,43.1617
1314,Кологривский,Костромская область,муниципальный округ,True,58.9671,44.2849
1315,Костромской,Костромская область,муниципальный район,True,57.953,41.1403
1316,Красносельский,Костромская область,муниципальный район,True,57.5854,41.3195
1317,Макарьевский,Костромская область,муниципальный район,True,57.7944,43.9831
1319,Межевской,Костромская область,муниципальный округ,True,58.8797,45.0496
1320,Нейский,Костромская область,муниципальный округ,True,58.3925,43.9398
1321,Нерехта и Нерехтский,Костромская область,муниципальный район,True,57.4199,40.7077
1322,Октябрьский,Костромская область,муниципальный район,True,59.0207,47.0989
1323,Островский,Костромская область,муниципальный округ,True,57.7918,42.3555
1324,Павинский,Костромская область,муниципальный округ,True,59.1016,46.1389
1325,Парфеньевский,Костромская область,муниципальный округ,True,58.6083,43.555
1326,Поназыревский,Костромская область,муниципальный округ,True,58.4181,46.3561
1327,Пыщугский,Костромская область,муниципальный округ,True,58.8707,45.5422
1328,Солигаличский,Костромская область,муниципальный округ,True,59.0704,42.165
1329,Судиславский,Костромская область,муниципальный район,True,57.9085,41.7041
1330,Сусанинский,Костромская область,муниципальный район,True,58.17,41.5095
1331,Чухломский,Костромская область,муниципальный район,True,58.8487,43.0066
1332,Шарьинский,Костромская область,муниципальный район,False,58.2672,45.4944
1333,Курган,Курганская область,городской округ,True,55.418,65.3239
1334,Шадринск,Курганская область,городской округ,True,56.1411,63.7292
1335,Альменевский,Курганская область,муниципальный округ,True,54.8403,63.2227
1336,Белозерский,Курганская область,муниципальный округ,True,55.9297,65.4819
1337,Варгашинский,Курганская область,муниципальный округ,True,55.4857,65.9167
1338,Далматовский,Курганская область,муниципальный округ,True,56.1653,63.0034
1339,Звериноголовский,Курганская область,муниципальный округ,True,54.4718,64.8656
1340,Каргапольский,Курганская область,муниципальный округ,True,55.8683,64.5295
1341,Катайский,Курганская область,муниципальный округ,True,56.1276,62.4521
1342,Кетовский,Курганская область,муниципальный округ,False,55.3098,64.9331
1343,Куртамышский,Курганская область,муниципальный округ,True,54.8449,64.5683
1344,Лебяжьевский,Курганская область,муниципальный округ,True,55.2806,66.543
1345,Макушинский,Курганская область,муниципальный округ,True,55.1754,67.1719
1346,Мишкинский,Курганская область,муниципальный округ,True,55.4077,63.749
1347,Мокроусовский,Курганская область,муниципальный округ,True,55.7314,66.8656
1348,Петуховский,Курганская область,муниципальный округ,True,55.222,68.1162
1349,Половинский,Курганская область,муниципальный округ,True,54.8738,65.9656
1350,Притобольный,Курганская область,муниципальный округ,True,54.8868,65.3143
1351,Сафакулевский,Курганская область,муниципальный округ,True,54.8627,62.4471
1352,Целинный,Курганская область,муниципальный округ,True,54.4761,63.6671
1353,Частоозерский,Курганская область,муниципальный округ,True,55.5181,67.8827
1354,Шадринский,Курганская область,муниципальный округ,False,56.2152,64.0584
1355,Шатровский,Курганская область,муниципальный округ,True,56.3989,64.6344
1356,Шумихинский,Курганская область,муниципальный округ,True,55.4208,63.1974
1357,Щучанский,Курганская область,муниципальный округ,True,55.3325,62.5132
1358,Юргамышский,Курганская область,муниципальный округ,True,55.3976,64.5321
1392,Бокситогорский,Ленинградская область,муниципальный район,True,59.5838,34.6436
1393,Волосовский,Ленинградская область,муниципальный район,True,59.3095,29.4145
1394,Волховский,Ленинградская область,муниципальный район,True,60.33,32.2496
1395,Всеволожский,Ленинградская область,муниципальный район,True,60.4307,30.8811
1396,Выборгский,Ленинградская область,муниципальный район,True,60.5212,29.0498
1397,Гатчинский,Ленинградская область,муниципальный район,True,59.4509,30.2268
1398,Кингисеппский,Ленинградская область,муниципальный район,True,59.8622,27.8913
1399,Киришский,Ленинградская область,муниципальный район,True,59.4746,32.2991
1400,Кировский,Ленинградская область,муниципальный район,True,60.0081,31.2749
1401,Лодейнопольский,Ленинградская область,муниципальный район,True,60.7033,33.1463
1402,Ломоносовский,Ленинградская область,муниципальный район,True,59.8143,29.4512
1403,Лужский,Ленинградская область,муниципальный район,True,58.8785,29.7126
1404,Подпорожский,Ленинградская область,муниципальный район,True,60.9265,34.6578
1405,Приозерский,Ленинградская область,муниципальный район,True,60.7646,30.1232
1406,Сланцевский,Ленинградская область,муниципальный район,True,59.0678,28.3815
1407,Тихвинский,Ленинградская область,муниципальный район,True,59.7636,33.6375
1408,Тосненский,Ленинградская область,муниципальный район,True,59.3897,30.9805
1409,Сосновоборский,Ленинградская область,городской округ,True,59.8658,29.0742
1410,Липецк,Липецкая область,городской округ,True,52.6096,39.616
1411,Елец,Липецкая область,городской округ,True,52.6129,38.4969
1412,Воловский,Липецкая область,муниципальный район,True,52.019,37.9606
1413,Грязинский,Липецкая область,муниципальный район,True,52.4666,39.8558
1414,Данковский,Липецкая область,муниципальный район,True,53.306,38.9328
1415,Добринский,Липецкая область,муниципальный район,True,52.1788,40.3459
1416,Добровский,Липецкая область,муниципальный район,True,52.9014,39.8046
1417,Долгоруковский,Липецкая область,муниципальный район,True,52.3376,38.3492
1419,Задонский,Липецкая область,муниципальный район,True,52.4378,38.9108
1420,Измалковский,Липецкая область,муниципальный район,True,52.6385,37.9732
1421,Краснинский,Липецкая область,муниципальный район,True,52.884,38.7411
1422,Лебедянский,Липецкая область,муниципальный район,True,53.0414,39.1236
1423,Лев-Толстовский,Липецкая область,муниципальный район,True,53.2389,39.5371
1424,Липецкий,Липецкая область,муниципальный район,False,52.5344,39.2661
1425,Становлянский,Липецкая область,муниципальный район,True,52.8503,38.2095
1426,Тербунский,Липецкая область,муниципальный район,True,52.0864,38.3051
1427,Усманский,Липецкая область,муниципальный район,True,52.1376,39.7423
1428,Хлевенский,Липецкая область,муниципальный район,True,52.183,39.1272
1429,Чаплыгинский,Липецкая область,муниципальный район,True,53.2933,39.8931
1430,Магадан,Магаданская область,городской округ,True,59.7123,150.867
1431,Ольский,Магаданская область,муниципальный округ,True,59.5586,152.679
1432,Омсукчанский,Магаданская область,муниципальный округ,False,62.7013,156.2484
1433,Северо-Эвенский,Магаданская область,муниципальный округ,False,63.0651,160.339
1434,Среднеканский,Магаданская область,муниципальный округ,False,64.6736,154.3496
1435,Сусуманский,Магаданская область,муниципальный округ,False,63.4846,147.2904
1436,Тенькинский,Магаданская область,муниципальный округ,False,61.3775,148.8057
1437,Хасынский,Магаданская область,муниципальный округ,False,61.0663,151.6012
1438,Ягоднинский,Магаданская область,муниципальный округ,True,62.6235,150.0158
1439,Балашиха,Московская область,городской округ,True,55.7834,37.9516
1440,Бронницы,Московская область,городской округ,True,55.4208,38.2386
1443,Дзержинский,Московская область,городской округ,True,55.6268,37.8401
1444,Долгопрудный,Московская область,городской округ,True,55.9618,37.5037
1445,Домодедово,Московская область,городской округ,True,55.3099,37.8291
1446,Дубна,Московская область,городской округ,True,56.7474,37.1594
1447,Егорьевск,Московская область,городской округ,True,55.2687,39.3561
1448,Жуковский,Московская область,городской округ,True,55.5643,38.1235
1449,Зарайск,Московская область,городской округ,True,54.7265,38.916
1453,Истра,Московская область,городской округ,True,55.91,36.6709
1454,Кашира,Московская область,городской округ,True,54.78,38.3099
1456,Королёв,Московская область,городской округ,True,55.9167,37.8763
1457,Котельники,Московская область,городской округ,True,55.653,37.8638
1459,Красногорск,Московская область,городской округ,True,55.8184,37.2091
1461,Лобня,Московская область,городской округ,True,56.032,37.4692
1463,Луховицы,Московская область,городской округ,True,54.9849,39.2197
1464,Лыткарино,Московская область,городской округ,True,55.5776,37.908
1465,Люберцы,Московская область,городской округ,True,55.657,37.9458
1467,Мытищи,Московская область,городской округ,True,55.9919,37.644
1468,Наро-Фоминский,Московская область,городской округ,True,55.4045,36.594
1471,Павловский Посад,Московская область,городской округ,False,55.7538,38.6505
1472,Подольск,Московская область,городской округ,True,55.3938,37.5623
1473,Протвино,Московская область,городской округ,True,54.8835,37.203
1474,Пущино,Московская область,городской округ,True,54.8324,37.6118
1475,Реутов,Московская область,городской округ,True,55.7553,37.8723
1477,Рузский,Московская область,городской округ,True,55.7378,36.3236
1478,Серебряные Пруды,Московская область,городской округ,True,54.4921,38.6693
1480,Ступино,Московская область,городской округ,True,55.0792,38.1029
1481,Фрязино,Московская область,городской округ,True,55.9639,38.0437
1483,Черноголовка,Московская область,городской округ,True,56.02,38.3617
1484,Чехов,Московская область,городской округ,True,55.175,37.5054
1486,Шаховская,Московская область,городской округ,True,55.9908,35.4474
1487,Электрогорск,Московская область,городской округ,False,55.8719,38.8096
1488,Электросталь,Московская область,городской округ,True,55.7515,38.4323
1489,Волоколамский,Московская область,городской округ,True,55.9963,35.9135
1490,Воскресенск,Московская область,городской округ,True,55.3643,38.6206
1491,Дмитровский,Московская область,городской округ,True,56.3815,37.3818
1492,Клин,Московская область,городской округ,True,56.3704,36.6106
1493,Ленинский,Московская область,городской округ,True,55.5391,37.8102
1494,Лотошино,Московская область,городской округ,True,56.2871,35.6825
1495,Можайский,Московская область,городской округ,True,55.4876,35.6121
1496,Богородский,Московская область,городской округ,True,55.8683,38.3733
1500,Раменский,Московская область,городской округ,True,55.5448,38.3646
1501,Сергиево-Посадский,Московская область,городской округ,True,56.447,38.0648
1504,Талдомский,Московская область,городской округ,True,56.7112,37.6383
1506,Мурманск,Мурманская область,городской округ,True,68.9548,33.0854
1507,Апатиты,Мурманская область,муниципальный округ,True,67.6615,33.1651
1508,Кировск,Мурманская область,муниципальный округ,True,67.4654,34.1146
1509,Мончегорск,Мурманская область,муниципальный округ,True,67.914,32.5656
1510,Оленегорск,Мурманская область,муниципальный округ,True,68.1128,33.4225
1511,Полярные Зори,Мурманская область,муниципальный округ,True,67.4531,32.4774
1512,Ковдорский,Мурманская область,муниципальный округ,True,67.6231,30.9978
1518,Кандалакшский,Мурманская область,муниципальный район,True,67.0078,31.7695
1519,Кольский,Мурманская область,муниципальный район,True,68.4956,31.9056
1520,Ловозерский,Мурманская область,муниципальный район,True,67.6557,37.335
1521,Печенгский,Мурманская область,муниципальный округ,True,69.4116,31.312
1522,Терский,Мурманская область,муниципальный район,True,66.5106,36.3553
1523,Нижний Новгород,Нижегородская область,городской округ,True,56.2626,43.8748
1525,Бор,Нижегородская область,городской округ,True,56.4298,44.2992
1526,Выкса,Нижегородская область,городской округ,True,55.1274,42.2259
1527,Дзержинск,Нижегородская область,городской округ,True,56.2643,43.4654
1528,Кулебаки,Нижегородская область,городской округ,True,55.3565,42.5445
1529,Навашинский,Нижегородская область,городской округ,True,55.575,42.5514
1530,Перевозский,Нижегородская область,городской округ,True,55.6102,44.5013
1532,Семеновский,Нижегородская область,городской округ,True,56.8226,44.5341
1533,Шахунья,Нижегородская область,городской округ,True,57.8242,46.5718
1534,Первомайск,Нижегородская область,городской округ,True,54.9388,43.8456
1535,Сокольский,Нижегородская область,городской округ,True,57.2231,43.435
1536,Чкаловск,Нижегородская область,городской округ,True,56.6967,43.0874
1537,Ардатовский,Нижегородская область,муниципальный округ,True,55.2834,43.0458
1539,Балахнинский,Нижегородская область,муниципальный округ,True,56.4529,43.4331
1540,Богородский,Нижегородская область,муниципальный округ,True,56.059,43.6239
1541,Большеболдинский,Нижегородская область,муниципальный округ,True,54.9978,45.246
1542,Большемурашкинский,Нижегородская область,муниципальный округ,True,55.7952,44.7638
1543,Бутурлинский,Нижегородская область,муниципальный округ,True,55.5201,44.8599
1544,Вадский,Нижегородская область,муниципальный округ,True,55.4582,44.2138
1545,Варнавинский,Нижегородская область,муниципальный округ,True,57.465,44.9012
1546,Вачский,Нижегородская область,муниципальный округ,True,55.7823,42.6623
1547,Ветлужский,Нижегородская область,муниципальный округ,True,57.8282,45.3418
1548,Вознесенский,Нижегородская область,муниципальный округ,True,54.911,42.7834
1549,Володарский,Нижегородская область,муниципальный округ,True,56.3149,42.9706
1550,Воротынский,Нижегородская область,городской округ,True,56.1866,45.7494
1551,Воскресенский,Нижегородская область,муниципальный округ,True,56.8296,45.6025
1552,Гагинский,Нижегородская область,муниципальный округ,True,55.2321,44.9654
1553,Городецкий,Нижегородская область,муниципальный округ,True,56.687,43.669
1554,Дальнеконстантиновский,Нижегородская область,муниципальный округ,True,55.8285,44.0558
1555,Дивеевский,Нижегородская область,муниципальный округ,True,55.1112,43.4198
1556,Княгининский,Нижегородская область,муниципальный округ,True,55.7967,45.184
1557,Ковернинский,Нижегородская область,муниципальный округ,True,57.2753,44.0406
1558,Краснобаковский,Нижегородская область,муниципальный округ,True,57.1212,45.1873
1559,Краснооктябрьский,Нижегородская область,муниципальный округ,True,55.3193,45.5729
1560,Кстовский,Нижегородская область,муниципальный округ,True,56.0488,44.2927
1561,Лукояновский,Нижегородская область,муниципальный округ,True,54.8877,44.4426
1562,Лысковский,Нижегородская область,муниципальный округ,True,56.1015,45.1053
1563,Павловский,Нижегородская область,муниципальный округ,True,55.9882,43.0265
1564,Пильнинский,Нижегородская область,муниципальный округ,True,55.5347,45.9136
1565,Починковский,Нижегородская область,муниципальный округ,True,54.6959,44.8715
1566,Сергачский,Нижегородская область,муниципальный округ,True,55.4817,45.397
1567,Сеченовский,Нижегородская область,муниципальный округ,True,55.2469,45.9694
1568,Сосновский,Нижегородская область,муниципальный округ,True,55.7435,43.2086
1569,Спасский,Нижегородская область,муниципальный округ,True,55.8614,45.5571
1570,Тонкинский,Нижегородская область,муниципальный округ,True,57.3452,46.3794
1571,Тоншаевский,Нижегородская область,муниципальный округ,True,57.7742,47.2301
1572,Уренский,Нижегородская область,муниципальный округ,True,57.4815,45.7733
1573,Шарангский,Нижегородская область,муниципальный округ,True,57.1053,46.4394
1574,Шатковский,Нижегородская область,муниципальный округ,True,55.1996,44.2814
1575,Великий Новгород,Новгородская область,городской округ,True,58.5523,31.2494
1576,Батецкий,Новгородская область,муниципальный район,False,58.5636,30.3961
1577,Боровичский,Новгородская область,муниципальный район,True,58.3348,34.1015
1578,Валдайский,Новгородская область,муниципальный район,True,57.9501,33.0891
1579,Волотовский,Новгородская область,муниципальный округ,True,57.8612,30.7102
1580,Демянский,Новгородская область,муниципальный округ,True,57.6319,32.5615
1581,Крестецкий,Новгородская область,муниципальный округ,True,58.2768,32.4487
1582,Любытинский,Новгородская область,муниципальный район,True,59.0255,33.3307
1583,Маловишерский,Новгородская область,муниципальный район,True,58.799,32.3668
1584,Марёвский,Новгородская область,муниципальный округ,True,57.3373,32.1066
1585,Мошенской,Новгородская область,муниципальный округ,True,58.5147,34.7747
1586,Новгородский,Новгородская область,муниципальный район,True,58.3929,31.0835
1587,Окуловский,Новгородская область,муниципальный район,True,58.4292,33.2312
1588,Парфинский,Новгородская область,муниципальный район,True,57.9996,31.9133
1589,Пестовский,Новгородская область,муниципальный округ,True,58.5791,35.6396
1590,Поддорский,Новгородская область,муниципальный район,True,57.4988,31.2019
1591,Солецкий,Новгородская область,муниципальный округ,True,58.0804,30.1609
1592,Старорусский,Новгородская область,муниципальный район,True,57.8135,31.4235
1593,Хвойнинский,Новгородская область,муниципальный округ,True,58.8918,34.6133
1594,Холмский,Новгородская область,муниципальный район,True,57.1051,31.197
1595,Чудовский,Новгородская область,муниципальный район,True,59.1042,31.823
1596,Шимский,Новгородская область,муниципальный район,True,58.3342,30.4763
1597,Новосибирск,Новосибирская область,городской округ,True,54.9668,82.9535
1598,Бердск,Новосибирская область,городской округ,True,54.7433,83.0807
1599,Искитим,Новосибирская область,городской округ,True,54.6169,83.3012
1600,Обь,Новосибирская область,городской округ,True,55.0004,82.6748
1601,Кольцово,Новосибирская область,городской округ,True,54.9205,83.1972
1602,Баганский,Новосибирская область,муниципальный район,True,54.014,77.7401
1603,Барабинский,Новосибирская область,муниципальный район,True,55.0827,78.2109
1604,Болотнинский,Новосибирская область,муниципальный район,True,55.6989,84.0774
1605,Венгеровский,Новосибирская область,муниципальный район,True,55.9465,76.9413
1606,Доволенский,Новосибирская область,муниципальный район,True,54.4843,79.5694
1607,Здвинский,Новосибирская область,муниципальный район,True,54.6537,78.6984
1608,Искитимский,Новосибирская область,муниципальный район,True,54.5825,82.8498
1609,Карасукский,Новосибирская область,муниципальный район,True,53.7485,77.9224
1610,Каргатский,Новосибирская область,муниципальный район,True,54.9587,80.0731
1611,Колыванский,Новосибирская область,муниципальный район,True,55.8411,82.6542
1612,Коченевский,Новосибирская область,муниципальный район,True,55.0863,82.0971
1613,Кочковский,Новосибирская область,муниципальный район,True,54.2244,80.3418
1614,Краснозерский,Новосибирская область,муниципальный район,True,54.0448,79.2167
1615,Куйбышевский,Новосибирская область,муниципальный район,True,55.6812,78.0903
1616,Купинский,Новосибирская область,муниципальный район,True,54.3507,77.4702
1617,Кыштовский,Новосибирская область,муниципальный район,True,56.8517,77.2635
1618,Маслянинский,Новосибирская область,муниципальный район,True,54.4351,84.4137
1619,Мошковский,Новосибирская область,муниципальный район,True,55.3626,83.5637
1620,Новосибирский,Новосибирская область,муниципальный район,True,55.0801,83.2822
1621,Ордынский,Новосибирская область,муниципальный район,True,54.3302,81.7238
1622,Северный,Новосибирская область,муниципальный район,True,56.4518,78.8187
1623,Сузунский,Новосибирская область,муниципальный район,True,53.926,82.3023
1624,Татарский,Новосибирская область,муниципальный район,True,55.184,75.8381
1625,Тогучинский,Новосибирская область,муниципальный район,True,54.9832,84.2915
1626,Убинский,Новосибирская область,муниципальный район,True,55.7101,80.4223
1627,Усть-Таркский,Новосибирская область,муниципальный район,True,55.7826,75.7854
1628,Чановский,Новосибирская область,муниципальный район,True,55.1608,77.0543
1629,Черепановский,Новосибирская область,муниципальный район,True,54.1877,83.2965
1630,Чистоозерный,Новосибирская область,муниципальный район,True,54.6526,76.3902
1631,Чулымский,Новосибирская область,муниципальный район,True,55.1156,81.018
1632,Омск,Омская область,городской округ,True,54.9943,73.3965
1633,Азовский немецкий,Омская область,муниципальный район,True,54.6171,72.9518
1634,Большереченский,Омская область,муниципальный район,True,56.1489,74.255
1635,Большеуковский,Омская область,муниципальный район,True,56.9695,72.4005
1636,Горьковский,Омская область,муниципальный район,True,55.4462,74.1649
1637,Знаменский,Омская область,муниципальный район,True,57.228,73.524
1638,Исилькульский,Омская область,муниципальный район,True,54.9217,71.2934
1639,Калачинский,Омская область,муниципальный район,True,54.8753,74.5414
1640,Колосовский,Омская область,муниципальный район,True,56.3779,73.4787
1641,Кормиловский,Омская область,муниципальный район,True,54.9355,74.1163
1642,Крутинский,Омская область,муниципальный район,True,56.2217,71.4361
1643,Любинский,Омская область,муниципальный район,True,55.2726,72.5324
1644,Марьяновский,Омская область,муниципальный район,True,54.8749,72.499
1645,Москаленский,Омская область,муниципальный район,True,54.889,71.9298
1646,Муромцевский,Омская область,муниципальный район,True,56.3447,75.3003
1647,Называевский,Омская область,муниципальный район,True,55.5544,71.1185
1648,Нижнеомский,Омская область,муниципальный район,True,55.5661,74.8329
1649,Нововаршавский,Омская область,муниципальный район,True,54.0524,74.579
1650,Одесский,Омская область,муниципальный район,True,54.1907,72.9775
1651,Оконешниковский,Омская область,муниципальный район,True,54.7299,75.1888
1652,Омский,Омская область,муниципальный район,True,54.9941,73.7113
1653,Павлоградский,Омская область,муниципальный район,True,54.1536,73.6994
1654,Полтавский,Омская область,муниципальный район,True,54.3262,71.5517
1655,Русско-Полянский,Омская область,муниципальный район,True,53.7026,73.9013
1656,Саргатский,Омская область,муниципальный район,True,55.7459,73.3129
1657,Седельниковский,Омская область,муниципальный район,True,56.9766,75.5071
1658,Таврический,Омская область,муниципальный район,True,54.4661,73.6358
1659,Тарский,Омская область,муниципальный район,True,57.5411,74.7095
1660,Тевризский,Омская область,муниципальный район,True,57.711,72.7085
1661,Тюкалинский,Омская область,муниципальный район,True,55.9502,72.3324
1662,Усть-Ишимский,Омская область,муниципальный район,True,57.927,71.222
1663,Черлакский,Омская область,муниципальный район,True,54.3275,75.1699
1664,Шербакульский,Омская область,муниципальный район,True,54.4711,72.3785
1665,Оренбург,Оренбургская область,городской округ,True,51.8075,55.2185
1666,Абдулинский,Оренбургская область,городской округ,True,53.6946,53.5656
1667,Бугуруслан,Оренбургская область,городской округ,True,53.6439,52.4177
1668,Бузулук,Оренбургская область,городской округ,True,52.7617,52.2882
1669,Гайский,Оренбургская область,городской округ,True,51.4866,58.3654
1670,Кувандыкский,Оренбургская область,городской округ,True,51.2641,57.1317
1671,Медногорск,Оренбургская область,городской округ,True,51.3934,57.5734
1672,Новотроицк,Оренбургская область,городской округ,True,51.1945,58.2759
1673,Орск,Оренбургская область,городской округ,True,51.152,58.6489
1674,Соль-Илецкий,Оренбургская область,городской округ,True,51.1928,54.9065
1675,Сорочинский,Оренбургская область,городской округ,True,52.4077,53.1378
1676,Ясненский,Оренбургская область,городской округ,True,51.1571,60.1598
1678,Адамовский,Оренбургская область,муниципальный район,True,51.578,60.0028
1679,Акбулакский,Оренбургская область,муниципальный район,True,50.9753,55.6381
1680,Александровский,Оренбургская область,муниципальный район,True,52.6566,54.3792
1681,Асекеевский,Оренбургская область,муниципальный район,True,53.4019,52.9689
1682,Беляевский,Оренбургская область,муниципальный район,True,51.3501,56.334
1683,Бугурусланский,Оренбургская область,муниципальный район,True,53.6671,52.6421
1684,Бузулукский,Оренбургская область,муниципальный район,False,52.8791,52.2542
1685,Грачёвский,Оренбургская область,муниципальный район,True,53.0046,52.9751
1686,Домбаровский,Оренбургская область,муниципальный район,True,50.792,59.2278
1687,Илекский,Оренбургская область,муниципальный район,True,51.5356,53.7875
1688,Кваркенский,Оренбургская область,муниципальный район,True,52.099,59.4708
1689,Красногвардейский,Оренбургская область,муниципальный район,True,52.7949,53.5559
1690,Курманаевский,Оренбургская область,муниципальный район,True,52.3998,51.8583
1691,Матвеевский,Оренбургская область,муниципальный район,True,53.3694,53.5178
1692,Новоорский,Оренбургская область,муниципальный район,True,51.4369,58.9904
1693,Новосергиевский,Оренбургская область,муниципальный район,True,52.1634,53.7266
1694,Октябрьский,Оренбургская область,муниципальный район,True,52.3385,55.2134
1695,Оренбургский,Оренбургская область,муниципальный район,False,51.5919,54.7805
1696,Первомайский,Оренбургская область,муниципальный район,True,51.8608,51.686
1697,Переволоцкий,Оренбургская область,муниципальный район,True,51.9962,54.3209
1698,Пономарёвский,Оренбургская область,муниципальный район,True,53.2281,54.1443
1699,Сакмарский,Оренбургская область,муниципальный район,True,52.064,55.1428
1700,Саракташский,Оренбургская область,муниципальный район,True,51.7992,56.2948
1701,Светлинский,Оренбургская область,муниципальный район,True,51.0105,60.9309
1702,Северный,Оренбургская область,муниципальный район,True,54.0777,52.6862
1703,Ташлинский,Оренбургская область,муниципальный район,True,51.7972,52.8504
1704,Тоцкий,Оренбургская область,муниципальный район,True,52.3293,52.5836
1705,Тюльганский,Оренбургская область,муниципальный район,True,52.3495,56.0147
1706,Шарлыкский,Оренбургская область,муниципальный район,True,52.8974,54.7879
1707,Орёл,Орловская область,городской округ,True,52.9683,36.0975
1708,Ливны,Орловская область,городской округ,True,52.4247,37.6065
1709,Мценск,Орловская область,городской округ,True,53.2775,36.5785
1710,Болховский,Орловская область,муниципальный район,True,53.4576,35.9707
1711,Верховский,Орловская область,муниципальный район,True,52.7132,37.2717
1712,Глазуновский,Орловская область,муниципальный район,True,52.4615,36.2018
1713,Дмитровский,Орловская область,муниципальный район,False,52.4653,35.1874
1714,Должанский,Орловская область,муниципальный район,True,52.091,37.5047
1715,Залегощенский,Орловская область,муниципальный район,True,52.9049,36.6891
1716,Знаменский,Орловская область,муниципальный район,False,53.3057,35.6332
1717,Колпнянский,Орловская область,муниципальный район,True,52.2588,37.0585
1718,Краснозоренский,Орловская область,муниципальный район,True,52.7537,37.6773
1719,Кромской,Орловская область,муниципальный район,True,52.666,35.8262
1720,Корсаковский,Орловская область,муниципальный район,False,53.2031,37.3384
1721,Ливенский,Орловская область,муниципальный район,False,52.3508,37.6167
1722,Малоархангельский,Орловская область,муниципальный район,True,52.4036,36.6123
1723,Мценский,Орловская область,муниципальный район,False,53.1735,36.4562
1724,Новодеревеньковский,Орловская область,муниципальный район,True,52.9659,37.5578
1725,Новосильский,Орловская область,муниципальный район,True,53.0353,37.0784
1726,Орловский,Орловская область,муниципальный округ,True,53.0731,36.148
1727,Покровский,Орловская область,муниципальный район,True,52.5712,36.9259
1728,Свердловский,Орловская область,муниципальный район,True,52.6728,36.3441
1729,Сосковский,Орловская область,муниципальный район,False,52.7461,35.4406
1730,Троснянский,Орловская область,муниципальный район,True,52.3756,35.7987
1731,Урицкий,Орловская область,муниципальный район,True,52.973,35.6771
1732,Хотынецкий,Орловская область,муниципальный район,True,53.1844,35.3768
1733,Шаблыкинский,Орловская область,муниципальный район,True,52.8879,35.1631
1737,Башмаковский,Пензенская область,муниципальный район,True,53.248,42.827
1738,Бековский,Пензенская область,муниципальный район,True,52.5638,43.6868
1739,Белинский,Пензенская область,муниципальный район,True,52.963,43.4606
1740,Бессоновский,Пензенская область,муниципальный район,True,53.3293,45.1533
1741,Вадинский,Пензенская область,муниципальный район,True,53.6566,43.0241
1742,Городищенский,Пензенская область,муниципальный район,True,53.2103,45.7201
1743,Земетчинский,Пензенская область,муниципальный район,True,53.6167,42.4842
1744,Иссинский,Пензенская область,муниципальный район,True,53.8355,44.9001
1745,Каменский,Пензенская область,муниципальный район,True,53.1089,44.0312
1746,Камешкирский,Пензенская область,муниципальный район,True,52.8245,46.1133
1747,Колышлейский,Пензенская область,муниципальный район,True,52.7376,44.5282
1749,Лопатинский,Пензенская область,муниципальный район,True,52.5947,45.7481
1750,Лунинский,Пензенская область,муниципальный район,True,53.698,45.3654
1751,Малосердобинский,Пензенская область,муниципальный район,True,52.5122,45.0811
1752,Мокшанский,Пензенская область,муниципальный район,True,53.4908,44.502
1753,Наровчатский,Пензенская область,муниципальный район,True,53.8417,43.6184
1754,Неверкинский,Пензенская область,муниципальный район,True,52.8178,46.6756
1755,Нижнеломовский,Пензенская область,муниципальный район,True,53.5717,43.7794
1756,Никольский,Пензенская область,муниципальный район,True,53.6864,45.9273
1757,Пачелмский,Пензенская область,муниципальный район,True,53.3602,43.335
1758,Пензенский,Пензенская область,муниципальный район,True,53.0167,44.9536
1759,Сердобский,Пензенская область,муниципальный район,True,52.5207,44.0352
1760,Сосновоборский,Пензенская область,муниципальный район,True,53.3539,46.2164
1761,Спасский,Пензенская область,муниципальный район,True,53.7901,43.3148
1762,Тамалинский,Пензенская область,муниципальный район,True,52.6225,43.3322
1763,Шемышейский,Пензенская область,муниципальный район,False,52.895,45.4612
1764,Псков,Псковская область,городской округ,True,57.8171,28.3604
1765,Великие Луки,Псковская область,городской округ,True,56.3376,30.548
1766,Бежаницкий,Псковская область,муниципальный район,True,57.0118,29.8989
1767,Великолукский,Псковская область,муниципальный район,False,56.1658,30.4397
1768,Гдовский,Псковская область,муниципальный район,True,58.5272,27.9189
1769,Дедовичский,Псковская область,муниципальный район,True,57.5553,30.0364
1770,Дновский,Псковская область,муниципальный район,True,57.7813,30.0513
1771,Красногородский,Псковская область,муниципальный округ,True,56.7931,28.2548
1772,Куньинский,Псковская область,муниципальный район,False,56.1191,31.2091
1773,Локнянский,Псковская область,муниципальный округ,True,56.8535,30.3725
1774,Невельский,Псковская область,муниципальный округ,True,55.9887,29.8625
1775,Новоржевский,Псковская область,муниципальный округ,True,57.1097,29.2777
1776,Новосокольнический,Псковская область,муниципальный район,True,56.4468,29.9006
1777,Опочецкий,Псковская область,муниципальный округ,True,56.691,28.8351
1778,Островский,Псковская область,муниципальный район,True,57.2642,28.5561
1779,Палкинский,Псковская область,муниципальный район,False,57.4901,27.9927
1780,Печорский,Псковская область,муниципальный округ,True,57.6783,27.5699
1781,Плюсский,Псковская область,муниципальный район,True,58.5215,29.1216
1782,Порховский,Псковская область,муниципальный район,True,57.7467,29.4307
1783,Псковский,Псковская область,муниципальный район,True,57.931,28.2809
1784,Пустошкинский,Псковская область,муниципальный район,True,56.391,29.3699
1785,Пушкиногорский,Псковская область,муниципальный район,True,57.0031,28.7623
1786,Пыталовский,Псковская область,муниципальный округ,True,57.0143,27.8979
1787,Себежский,Псковская область,муниципальный район,True,56.3052,28.7131
1788,Струго-Красненский,Псковская область,муниципальный округ,True,58.1832,28.9113
1789,Усвятский,Псковская область,муниципальный район,False,55.8475,30.7895
1845,Рязань,Рязанская область,городской округ,True,54.6207,39.7002
1846,Касимов,Рязанская область,городской округ,True,54.9519,41.4154
1847,Сасово,Рязанская область,городской округ,False,54.3608,41.9609
1848,Скопин,Рязанская область,городской округ,True,53.7881,39.5691
1849,Ермишинский,Рязанская область,муниципальный район,True,54.839,42.2057
1850,Захаровский,Рязанская область,муниципальный район,True,54.4365,39.2165
1851,Кадомский,Рязанская область,муниципальный район,True,54.5851,42.4367
1852,Касимовский,Рязанская область,муниципальный район,True,55.042,41.5523
1853,Клепиковский,Рязанская область,муниципальный район,True,55.0612,40.3445
1854,Кораблинский,Рязанская область,муниципальный район,True,53.978,40.0741
1855,Милославский,Рязанская область,муниципальный район,True,53.5846,39.2842
1856,Михайловский,Рязанская область,муниципальный район,True,54.1346,39.0142
1857,Александро-Невский,Рязанская область,муниципальный район,True,53.4918,40.2703
1858,Пителинский,Рязанская область,муниципальный район,True,54.5741,41.7117
1859,Пронский,Рязанская область,муниципальный район,True,54.0922,39.5321
1860,Путятинский,Рязанская область,муниципальный округ,True,54.1072,41.1062
1861,Рыбновский,Рязанская область,муниципальный район,True,54.7678,39.4456
1862,Ряжский,Рязанская область,муниципальный округ,True,53.6726,40.0825
1863,Рязанский,Рязанская область,муниципальный район,True,54.7334,40.0297
1864,Сапожковский,Рязанская область,муниципальный район,True,53.9979,40.6498
1865,Сараевский,Рязанская область,муниципальный район,True,53.6995,41.0942
1868,Спасский,Рязанская область,муниципальный район,True,54.5483,40.5248
1869,Старожиловский,Рязанская область,муниципальный район,True,54.2204,39.9858
1870,Ухоловский,Рязанская область,муниципальный район,True,53.7509,40.5313
1871,Чучковский,Рязанская область,муниципальный район,True,54.2943,41.4236
1872,Шацкий,Рязанская область,муниципальный район,True,53.971,41.8666
1873,Шиловский,Рязанская область,муниципальный район,True,54.3937,40.9423
1874,Самара,Самарская область,городской округ,True,53.4134,50.1923
1875,Жигулевск,Самарская область,городской округ,True,53.4432,49.7847
1876,Кинель,Самарская область,городской округ,True,53.2505,50.5949
1877,Новокуйбышевск,Самарская область,городской округ,True,53.1246,49.9189
1878,Октябрьск,Самарская область,городской округ,True,53.1779,48.7247
1879,Отрадный,Самарская область,городской округ,True,53.3767,51.3258
1880,Похвистнево,Самарская область,городской округ,True,53.3987,52.0249
1881,Сызрань,Самарская область,городской округ,True,53.0844,48.3998
1882,Тольятти,Самарская область,городской округ,False,53.5146,49.4225
1883,Чапаевск,Самарская область,городской округ,True,52.9346,49.8568
1884,Алексеевский,Самарская область,муниципальный район,True,52.5959,51.3137
1885,Безенчукский,Самарская область,муниципальный район,True,52.9946,49.3703
1886,Богатовский,Самарская область,муниципальный район,True,53.0228,51.2886
1887,Большеглушицкий,Самарская область,муниципальный район,True,52.3645,50.6992
1888,Большечерниговский,Самарская область,муниципальный район,True,52.1152,50.7697
1889,Борский,Самарская область,муниципальный район,True,53.0829,51.8034
1890,Волжский,Самарская область,муниципальный район,True,53.0433,50.0882
1891,Елховский,Самарская область,муниципальный район,True,53.915,50.3499
1892,Исаклинский,Самарская область,муниципальный район,True,54.0709,51.6214
1893,Камышлинский,Самарская область,муниципальный район,True,54.0384,52.2131
1894,Кинельский,Самарская область,муниципальный район,True,53.2332,50.8462
1895,Кинель-Черкасский,Самарская область,муниципальный район,True,53.4513,51.5391
1896,Клявлинский,Самарская область,муниципальный район,True,54.3071,52.0836
1897,Кошкинский,Самарская область,муниципальный район,True,54.2686,50.452
1898,Красноармейский,Самарская область,муниципальный район,True,52.6886,49.9286
1899,Красноярский,Самарская область,муниципальный район,True,53.5652,50.4024
1900,Нефтегорский,Самарская область,муниципальный район,True,52.8021,50.8665
1901,Пестравский,Самарская область,муниципальный район,True,52.3993,49.8459
1902,Похвистневский,Самарская область,муниципальный район,True,53.7026,52.0169
1903,Приволжский,Самарская область,муниципальный район,True,52.994,48.756
1904,Сергиевский,Самарская область,муниципальный район,True,53.8525,51.0604
1905,Ставропольский,Самарская область,муниципальный район,True,53.6969,49.728
1906,Сызранский,Самарская область,муниципальный район,True,53.2536,48.4839
1907,Хворостянский,Самарская область,муниципальный район,True,52.687,49.0452
1908,Челно-Вершинский,Самарская область,муниципальный район,True,54.3615,51.0407
1909,Шенталинский,Самарская область,муниципальный район,True,54.4207,51.5271
1910,Шигонский,Самарская область,муниципальный район,True,53.4736,48.7317
1912,Шиханы,Саратовская область,городской округ,True,52.121,47.2096
1913,Михайловский,Саратовская область,городской округ,False,51.7833,48.5843
1915,Александрово-Гайский,Саратовская область,муниципальный район,True,50.1624,48.4271
1916,Аркадакский,Саратовская область,муниципальный район,True,51.8907,43.6305
1917,Аткарский,Саратовская область,муниципальный район,True,51.8487,44.9498
1918,Базарно-Карабулакский,Саратовская область,муниципальный район,True,52.3107,46.4038
1919,Балаковский,Саратовская область,муниципальный район,True,51.9445,47.9112
1920,Балашовский,Саратовская область,муниципальный район,True,51.5035,43.1726
1921,Балтайский,Саратовская область,муниципальный район,True,52.4877,46.6994
1922,Вольский,Саратовская область,муниципальный район,True,52.2651,47.193
1923,Воскресенский,Саратовская область,муниципальный район,True,51.8929,46.6336
1924,Дергачевский,Саратовская область,муниципальный район,True,51.0527,48.8159
1925,Духовницкий,Саратовская область,муниципальный район,True,52.3976,48.4256
1926,Екатериновский,Саратовская область,муниципальный район,True,52.117,44.4617
1927,Ершовский,Саратовская область,муниципальный район,True,51.3922,48.2482
1928,Ивантеевский,Саратовская область,муниципальный район,True,52.2827,49.2618
1929,Калининский,Саратовская область,муниципальный район,True,51.4225,44.3612
1930,Красноармейский,Саратовская область,муниципальный район,True,51.0108,45.5831
1931,Краснокутский,Саратовская область,муниципальный район,True,50.9378,46.9567
1932,Краснопартизанский,Саратовская область,муниципальный район,True,51.6862,48.7153
1933,Лысогорский,Саратовская область,муниципальный район,True,51.4648,44.9454
1934,Марксовский,Саратовская область,муниципальный район,True,51.6473,47.1203
1935,Новобурасский,Саратовская область,муниципальный район,True,52.1241,46.0214
1936,Новоузенский,Саратовская область,муниципальный район,True,50.575,48.1239
1937,Озинский,Саратовская область,муниципальный район,True,51.4079,49.7115
1938,Перелюбский,Саратовская область,муниципальный район,True,51.8375,50.191
1939,Петровский,Саратовская область,муниципальный район,True,52.2605,45.3874
1940,Питерский,Саратовская область,муниципальный район,True,50.6582,47.5125
1941,Пугачевский,Саратовская область,муниципальный район,True,51.9758,49.0846
1942,Ровенский,Саратовская область,муниципальный район,True,50.823,46.2168
1943,Романовский,Саратовская область,муниципальный район,True,51.7586,42.759
1944,Ртищевский,Саратовская область,муниципальный район,True,52.2699,43.6304
1945,Самойловский,Саратовская область,муниципальный район,True,51.1964,43.5916
1947,Советский,Саратовская область,муниципальный район,True,51.3572,46.9381
1948,Татищевский,Саратовская область,муниципальный район,True,51.7519,45.5554
1949,Турковский,Саратовская область,муниципальный район,True,52.0678,43.0836
1950,Федоровский,Саратовская область,муниципальный район,True,51.2532,47.5989
1951,Хвалынский,Саратовская область,муниципальный район,True,52.6086,48.0571
1952,Энгельсский,Саратовская область,муниципальный район,True,51.2928,46.3434
1954,Александровск-Сахалинский,Сахалинская область,городской округ,True,51.0714,142.1361
1955,Анивский,Сахалинская область,городской округ,True,46.3473,142.3265
1956,Долинский,Сахалинская область,городской округ,True,47.4514,142.845
1957,Корсаковский,Сахалинская область,городской округ,True,46.5074,143.2928
1958,Курильский,Сахалинская область,городской округ,True,45.534,148.8521
1959,Макаровский,Сахалинская область,городской округ,True,48.524,142.7238
1960,Невельский,Сахалинская область,городской округ,True,46.4054,141.774
1961,Ногликский,Сахалинская область,городской округ,True,51.9593,143.001
1962,Охинский,Сахалинская область,городской округ,True,53.2122,142.4055
1963,Поронайский,Сахалинская область,городской округ,True,49.1953,144.0412
1964,Северо-Курильский,Сахалинская область,городской округ,False,50.3745,155.8253
1965,Смирныховский,Сахалинская область,городской округ,True,50.1094,143.3188
1966,Томаринский,Сахалинская область,городской округ,True,48.1854,142.1212
1967,Тымовский,Сахалинская область,городской округ,True,50.8064,142.8367
1968,Углегорский,Сахалинская область,городской округ,True,49.0788,142.1212
1969,Холмский,Сахалинская область,городской округ,True,47.2094,142.0783
1970,Южно-Курильский,Сахалинская область,городской округ,True,44.142,145.9045
1971,Екатеринбург,Свердловская область,городской округ,True,56.7942,60.499
1972,Алапаевск,Свердловская область,городской округ,True,57.7882,61.3615
1973,Артемовский,Свердловская область,городской округ,True,57.3819,62.0512
1974,Асбестовский,Свердловская область,городской округ,True,57.0552,61.4988
1975,Малышевский,Свердловская область,городской округ,True,57.1046,61.4114
1976,Рефтинский,Свердловская область,городской округ,True,57.0808,61.6664
1977,Березовский,Свердловская область,городской округ,True,57.0105,61.0136
1978,Богданович,Свердловская область,городской округ,True,56.7081,62.0396
1979,Верхняя Пышма,Свердловская область,городской округ,True,57.1306,60.5924
1980,Среднеуральск,Свердловская область,городской округ,True,56.9947,60.4579
1981,Верхнесалдинский,Свердловская область,городской округ,True,58.0716,60.5378
1982,Заречный,Свердловская область,городской округ,True,56.813,61.2822
1983,Ивдельский,Свердловская область,городской округ,True,60.9567,60.3955
1984,Пелым,Свердловская область,городской округ,True,60.9227,62.451
1985,Ирбит,Свердловская область,городской округ,True,57.654,63.0375
1986,Каменск-Уральский,Свердловская область,городской округ,True,56.4007,61.9381
1987,Камышловский,Свердловская область,городской округ,True,56.8316,62.7208
1988,Карпинск,Свердловская область,городской округ,True,59.7193,59.1228
1989,Волчанский,Свердловская область,городской округ,True,59.9846,60.0513
1990,Качканарский,Свердловская область,городской округ,True,58.6969,59.4872
1991,Кировградский,Свердловская область,городской округ,True,57.4656,59.9749
1992,Верхний Тагил,Свердловская область,городской округ,True,57.3309,59.948
1993,Краснотурьинск,Свердловская область,городской округ,True,59.7644,60.2622
1994,Красноуральск,Свердловская область,городской округ,True,58.3695,60.3126
1995,Красноуфимск,Свердловская область,городской округ,True,56.6229,57.7839
1996,Кушвинский,Свердловская область,городской округ,True,58.221,59.3719
1997,Верхняя Тура,Свердловская область,городской округ,True,58.3995,59.7187
1999,Невьянский,Свердловская область,городской округ,True,57.4501,60.5023
2000,Нижний Тагил,Свердловская область,городской округ,True,57.7506,59.2303
2001,Нижняя Салда,Свердловская область,городской округ,True,58.1114,60.9812
2002,Нижнетуринский,Свердловская область,городской округ,True,58.7603,59.9085
2004,Первоуральск,Свердловская область,городской округ,True,56.9608,59.7902
2005,Полевской,Свердловская область,городской округ,True,56.3688,60.0777
2006,Ревда,Свердловская область,городской округ,True,56.6056,59.882
2007,Дегтярск,Свердловская область,городской округ,True,56.6939,60.0694
2008,Режевской,Свердловская область,городской округ,True,57.3821,61.2576
2009,Североуральский,Свердловская область,городской округ,True,60.3347,59.7103
2010,Серовский,Свердловская область,городской округ,True,59.7314,60.8964
2011,Сухой Лог,Свердловская область,городской округ,True,56.9982,62.0562
2012,Тавдинский,Свердловская область,городской округ,True,58.1568,65.271
2015,Алапаевское,Свердловская область,городской округ,True,58.0863,62.1363
2016,Махнёвское,Свердловская область,городской округ,False,58.4257,61.7737
2017,Артинский,Свердловская область,городской округ,True,56.2884,58.4619
2018,Ачитский,Свердловская область,городской округ,True,56.8313,58.2165
2019,Белоярский,Свердловская область,городской округ,True,56.772,61.4743
2020,Верхнее Дуброво,Свердловская область,городской округ,False,56.7795,61.0793
2021,Верхотурский,Свердловская область,городской округ,True,58.6484,61.0586
2022,Гаринский,Свердловская область,городской округ,True,59.6972,62.79
2023,Ирбитское,Свердловская область,городской округ,True,57.6119,62.7345
2024,Каменский,Свердловская область,городской округ,True,56.356,61.7182
2025,Красноуфимский,Свердловская область,городской округ,True,56.5926,57.8714
2026,Верх-Нейвинский,Свердловская область,городской округ,False,57.2802,60.1927
2027,Бисертский,Свердловская область,городской округ,True,56.92,59.1248
2028,Новолялинский,Свердловская область,городской округ,True,59.1881,59.7576
2029,Горноуральский,Свердловская область,городской округ,False,57.7618,60.1477
2030,Пышминский,Свердловская область,городской округ,True,56.8909,63.1973
2031,Сосьвинский,Свердловская область,городской округ,True,58.9825,61.9725
2032,Сысертский,Свердловская область,городской округ,True,56.4008,60.7556
2033,Арамильский,Свердловская область,городской округ,True,56.693,60.878
2034,Талицкий,Свердловская область,городской округ,True,56.9329,63.7689
2035,Тугулымский,Свердловская область,городской округ,True,57.0417,64.5816
2036,Туринский,Свердловская область,городской округ,True,58.167,63.4993
2037,Шалинский,Свердловская область,городской округ,True,57.2965,58.5572
2038,Староуткинск,Свердловская область,городской округ,False,57.2473,59.4248
2039,Байкаловский,Свердловская область,муниципальный район,True,57.4523,63.5576
2040,Камышловский,Свердловская область,муниципальный район,True,56.9133,62.8455
2041,Слободо-Туринский,Свердловская область,муниципальный район,True,57.6122,64.4813
2042,Нижнесергинский,Свердловская область,муниципальный район,True,56.803,59.4539
2043,Таборинский,Свердловская область,муниципальный район,True,58.8006,64.5
2044,Смоленск,Смоленская область,городской округ,True,54.8104,32.0188
2045,Десногорск,Смоленская область,городской округ,True,54.1842,33.2961
2046,Велижский,Смоленская область,муниципальный район,True,55.5583,31.2395
2047,Вяземский,Смоленская область,муниципальный район,True,55.21,34.1942
2048,Гагаринский,Смоленская область,муниципальный район,True,55.6631,34.9604
2049,Глинковский,Смоленская область,муниципальный район,True,54.6551,32.8411
2050,Демидовский,Смоленская область,муниципальный район,True,55.397,31.7404
2051,Дорогобужский,Смоленская область,муниципальный район,True,54.8984,33.3661
2052,Духовщинский,Смоленская область,муниципальный район,True,55.403,32.3301
2053,Ельнинский,Смоленская область,муниципальный район,True,54.4864,33.2668
2054,Ершичский,Смоленская область,муниципальный район,True,53.6279,32.7357
2055,Кардымовский,Смоленская область,муниципальный район,True,54.8953,32.4178
2056,Краснинский,Смоленская область,муниципальный район,True,54.567,31.3304
2057,Монастырщинский,Смоленская область,муниципальный район,True,54.3352,31.7184
2058,Новодугинский,Смоленская область,муниципальный район,True,55.6019,34.0182
2059,Починковский,Смоленская область,муниципальный район,True,54.3833,32.5681
2060,Рославльский,Смоленская область,муниципальный район,True,53.9929,33.0204
2061,Руднянский,Смоленская область,муниципальный район,True,54.9426,31.0509
2062,Сафоновский,Смоленская область,муниципальный район,True,55.2326,33.4299
2063,Смоленский,Смоленская область,муниципальный район,True,54.9238,31.9513
2064,Сычевский,Смоленская область,муниципальный район,True,55.8646,34.1483
2065,Темкинский,Смоленская область,муниципальный район,True,55.1232,34.901
2066,Угранский,Смоленская область,муниципальный район,True,54.796,34.2932
2067,Хиславичский,Смоленская область,муниципальный район,True,54.1261,32.1306
2068,Холм-Жирковский,Смоленская область,муниципальный район,True,55.5488,33.3327
2069,Шумячский,Смоленская область,муниципальный район,True,53.943,32.3379
2070,Ярцевский,Смоленская область,муниципальный район,True,55.2079,32.7521
2072,Кирсанов,Тамбовская область,городской округ,True,52.6466,42.776
2073,Котовск,Тамбовская область,городской округ,True,52.5926,41.5012
2074,Мичуринск,Тамбовская область,городской округ,True,52.9304,40.483
2075,Моршанск,Тамбовская область,городской округ,True,53.4411,41.8059
2076,Рассказово,Тамбовская область,городской округ,True,52.6619,41.9019
2077,Уварово,Тамбовская область,городской округ,True,51.9933,42.2646
2078,Бондарский,Тамбовская область,муниципальный округ,True,52.9782,42.1226
2079,Гавриловский,Тамбовская область,муниципальный округ,True,52.9272,42.6174
2080,Жердевский,Тамбовская область,муниципальный округ,True,51.8427,41.6988
2081,Знаменский,Тамбовская область,муниципальный округ,True,52.4238,41.241
2082,Инжавинский,Тамбовская область,муниципальный округ,True,52.3354,42.4932
2083,Кирсановский,Тамбовская область,муниципальный округ,False,52.6634,42.4686
2085,Мордовский,Тамбовская область,муниципальный округ,True,52.1974,40.8358
2086,Моршанский,Тамбовская область,муниципальный округ,False,53.5934,41.7957
2087,Мучкапский,Тамбовская область,муниципальный округ,True,51.8399,42.4989
2088,Никифоровский,Тамбовская область,муниципальный округ,True,52.907,40.8555
2089,Первомайский,Тамбовская область,муниципальный округ,True,53.2162,40.3447
2090,Петровский,Тамбовская область,муниципальный округ,True,52.5705,40.4122
2091,Пичаевский,Тамбовская область,муниципальный округ,True,53.2101,42.2154
2092,Рассказовский,Тамбовская область,муниципальный округ,False,52.6182,42.0068
2093,Ржаксинский,Тамбовская область,муниципальный округ,True,52.1468,41.9471
2094,Сампурский,Тамбовская область,муниципальный округ,True,52.2643,41.6548
2095,Сосновский,Тамбовская область,муниципальный округ,True,53.2109,41.2495
2096,Староюрьевский,Тамбовская область,муниципальный округ,True,53.3609,40.6791
2098,Токарёвский,Тамбовская область,муниципальный округ,True,52.0396,41.1764
2099,Уваровский,Тамбовская область,муниципальный округ,False,51.8427,42.081
2100,Умётский,Тамбовская область,муниципальный округ,True,52.5939,42.9431
2101,Тверь,Тверская область,городской округ,True,56.8444,35.9322
2105,Осташковский,Тверская область,городской округ,True,57.2257,33.1206
2108,Торжок,Тверская область,городской округ,True,57.0528,34.9592
2109,Удомельский,Тверская область,городской округ,True,57.9774,35.0323
2110,Андреапольский,Тверская область,муниципальный округ,True,56.692,32.1064
2111,Бежецкий,Тверская область,муниципальный округ,True,57.7401,36.5075
2112,Бельский,Тверская область,муниципальный округ,True,55.8452,33.0331
2113,Бологовский,Тверская область,муниципальный округ,True,57.9956,34.0329
2114,Весьегонский,Тверская область,муниципальный округ,True,58.5354,37.0843
2116,Жарковский,Тверская область,муниципальный округ,True,55.9267,32.2397
2117,Западнодвинский,Тверская область,муниципальный округ,True,56.1354,31.7964
2118,Зубцовский,Тверская область,муниципальный округ,True,56.1397,34.8593
2119,Калининский,Тверская область,муниципальный округ,True,56.6346,35.6497
2120,Калязинский,Тверская область,муниципальный округ,True,57.0354,38.0076
2121,Кашинский,Тверская область,городской округ,True,57.3614,37.393
2122,Кесовогорский,Тверская область,муниципальный округ,True,57.5644,37.333
2124,Конаковский,Тверская область,муниципальный округ,True,56.6576,36.6612
2125,Краснохолмский,Тверская область,муниципальный округ,True,58.0499,37.1777
2126,Кувшиновский,Тверская область,муниципальный округ,True,57.0595,34.1073
2127,Лесной,Тверская область,муниципальный округ,True,58.2354,35.6265
2128,Лихославльский,Тверская область,муниципальный округ,True,57.2908,35.5816
2129,Максатихинский,Тверская область,муниципальный округ,True,57.9411,35.8553
2130,Молоковский,Тверская область,муниципальный округ,True,58.1879,36.611
2131,Нелидовский,Тверская область,городской округ,True,56.2965,32.7988
2132,Оленинский,Тверская область,муниципальный округ,True,56.2312,33.4843
2133,Пеновский,Тверская область,муниципальный округ,True,56.9354,32.5127
2134,Рамешковский,Тверская область,муниципальный округ,True,57.2523,36.3141
2136,Сандовский,Тверская область,муниципальный округ,True,58.4081,36.3678
2137,Селижаровский,Тверская область,муниципальный округ,True,56.7799,33.4815
2138,Сонковский,Тверская область,муниципальный округ,True,57.7644,37.2504
2139,Спировский,Тверская область,муниципальный округ,True,57.5051,35.258
2140,Старицкий,Тверская область,муниципальный округ,True,56.5518,34.6811
2142,Торопецкий,Тверская область,муниципальный округ,True,56.5974,31.4198
2143,Фировский,Тверская область,муниципальный округ,True,57.5022,33.7717
2144,Томск,Томская область,городской округ,True,56.52,84.987
2145,Кедровый,Томская область,городской округ,True,57.527,79.7422
2146,Стрежевой,Томская область,городской округ,True,60.7747,77.5861
2148,Александровский,Томская область,муниципальный район,True,60.1678,78.9948
2149,Асиновский,Томская область,муниципальный район,True,57.3131,85.6119
2150,Бакчарский,Томская область,муниципальный район,True,57.1245,81.4369
2151,Верхнекетский,Томская область,муниципальный район,True,59.0748,86.1699
2152,Зырянский,Томская область,муниципальный район,True,56.7887,86.9644
2153,Каргасокский,Томская область,муниципальный район,True,58.8239,78.7939
2154,Кожевниковский,Томская область,муниципальный район,True,56.0762,83.6595
2155,Колпашевский,Томская область,муниципальный район,True,58.396,82.4963
2156,Кривошеинский,Томская область,муниципальный район,True,57.2755,84.0561
2157,Молчановский,Томская область,муниципальный район,True,57.7132,83.9445
2158,Парабельский,Томская область,муниципальный район,True,58.0766,79.3956
2159,Первомайский,Томская область,муниципальный район,True,57.6935,86.6835
2160,Тегульдетский,Томская область,муниципальный район,True,57.4848,88.3504
2161,Томский,Томская область,муниципальный район,True,56.726,85.4074
2162,Чаинский,Томская область,муниципальный район,True,57.7285,82.4169
2163,Шегарский,Томская область,муниципальный район,True,56.7608,83.7892
2164,Тула,Тульская область,городской округ,True,54.1999,37.5065
2165,Алексин,Тульская область,городской округ,True,54.4547,37.1397
2166,Новогуровский,Тульская область,городской округ,False,54.4646,37.3386
2167,Донской,Тульская область,городской округ,True,53.9197,38.3138
2168,Ефремов,Тульская область,городской округ,True,53.1728,38.3029
2169,Новомосковск,Тульская область,городской округ,True,54.1312,38.4451
2170,Славный,Тульская область,городской округ,False,53.5303,36.5156
2171,Арсеньевский,Тульская область,муниципальный район,True,53.6774,36.6325
2172,Белевский,Тульская область,муниципальный район,True,53.7865,36.2179
2173,Богородицкий,Тульская область,муниципальный район,True,53.699,38.2077
2174,Веневский,Тульская область,муниципальный район,True,54.4257,38.2242
2175,Воловский,Тульская область,муниципальный район,True,53.4772,38.0289
2176,Дубенский,Тульская область,муниципальный район,True,54.1497,36.9862
2177,Заокский,Тульская область,муниципальный район,True,54.6566,37.4552
2178,Каменский,Тульская область,муниципальный район,True,53.2688,37.7276
2179,Кимовский,Тульская область,муниципальный район,True,53.832,38.6321
2180,Киреевский,Тульская область,муниципальный район,True,53.9807,37.8624
2181,Куркинский,Тульская область,муниципальный район,True,53.48,38.5682
2182,Одоевский,Тульская область,муниципальный район,True,53.8911,36.7569
2183,Плавский,Тульская область,муниципальный район,True,53.6255,37.2669
2184,Суворовский,Тульская область,муниципальный район,True,54.1125,36.3184
2185,Тепло-Огаревский,Тульская область,муниципальный район,True,53.5388,37.6441
2186,Узловский,Тульская область,муниципальный район,True,53.8759,38.2085
2187,Чернский,Тульская область,муниципальный район,True,53.4025,36.9986
2188,Щекинский,Тульская область,муниципальный район,True,53.9403,37.4335
2189,Ясногорский,Тульская область,муниципальный район,True,54.578,37.8125
2190,Тюмень,Тюменская область,городской округ,True,57.1852,65.5718
2191,Заводоуковский,Тюменская область,городской округ,True,56.5386,66.838
2192,Ишим,Тюменская область,городской округ,True,56.1008,69.5162
2193,Тобольск,Тюменская область,городской округ,True,58.2269,68.3574
2194,Ялуторовск,Тюменская область,городской округ,True,56.6443,66.2987
2195,Абатский,Тюменская область,муниципальный район,True,56.2236,70.4656
2196,Армизонский,Тюменская область,муниципальный район,True,56.0014,67.6828
2197,Аромашевский,Тюменская область,муниципальный район,True,56.8675,68.9505
2198,Бердюжский,Тюменская область,муниципальный район,True,55.7638,68.5942
2199,Вагайский,Тюменская область,муниципальный район,True,57.5861,69.1686
2200,Викуловский,Тюменская область,муниципальный район,True,56.9092,70.8195
2201,Голышмановский,Тюменская область,городской округ,True,56.4744,68.4769
2202,Исетский,Тюменская область,муниципальный район,True,56.5703,65.4337
2203,Ишимский,Тюменская область,муниципальный район,True,56.2052,69.3178
2204,Казанский,Тюменская область,муниципальный район,True,55.6432,69.2397
2205,Нижнетавдинский,Тюменская область,муниципальный район,True,57.5244,65.8855
2206,Омутинский,Тюменская область,муниципальный район,True,56.389,67.5834
2207,Сладковский,Тюменская область,муниципальный район,True,55.5353,70.0759
2208,Сорокинский,Тюменская область,муниципальный район,True,56.7728,69.854
2209,Тобольский,Тюменская область,муниципальный район,False,58.3855,68.0019
2210,Тюменский,Тюменская область,муниципальный район,True,57.0574,65.2342
2211,Уватский,Тюменская область,муниципальный район,True,58.8486,70.7711
2212,Упоровский,Тюменская область,муниципальный район,True,56.1612,66.1371
2213,Юргинский,Тюменская область,муниципальный район,True,57.0212,67.8129
2214,Ялуторовский,Тюменская область,муниципальный район,False,56.8317,66.361
2215,Ярковский,Тюменская область,муниципальный район,True,57.6565,67.1761
2216,Ханты-Мансийск,Ханты-Мансийский автономный округ — Югра,городской округ,True,61.0151,69.1386
2217,Когалым,Ханты-Мансийский автономный округ — Югра,городской округ,True,62.2608,74.5017
2218,Лангепас,Ханты-Мансийский автономный округ — Югра,городской округ,True,61.2597,75.2009
2219,Мегион,Ханты-Мансийский автономный округ — Югра,городской округ,True,61.1079,76.1038
2220,Нефтеюганск,Ханты-Мансийский автономный округ — Югра,городской округ,True,61.0932,72.6344
2221,Нижневартовск,Ханты-Мансийский автономный округ — Югра,городской округ,True,60.9381,76.545
2222,Нягань,Ханты-Мансийский автономный округ — Югра,городской округ,True,62.0825,65.4899
2223,Покачи,Ханты-Мансийский автономный округ — Югра,городской округ,True,61.7374,75.5711
2224,Пыть-Ях,Ханты-Мансийский автономный округ — Югра,городской округ,True,60.7165,72.8117
2225,Радужный,Ханты-Мансийский автономный округ — Югра,городской округ,True,62.1531,77.3575
2226,Сургут,Ханты-Мансийский автономный округ — Югра,городской округ,True,61.2861,73.5201
2227,Урай,Ханты-Мансийский автономный округ — Югра,городской округ,True,60.1254,64.8029
2228,Югорск,Ханты-Мансийский автономный округ — Югра,городской округ,True,61.2992,63.3539
2229,Белоярский,Ханты-Мансийский автономный округ — Югра,муниципальный район,True,63.7496,68.0723
2230,Березовский,Ханты-Мансийский автономный округ — Югра,муниципальный район,True,63.7095,62.4958
2231,Кондинский,Ханты-Мансийский автономный округ — Югра,муниципальный район,True,59.7964,65.8663
2232,Нефтеюганский,Ханты-Мансийский автономный округ — Югра,муниципальный район,True,60.2448,71.9622
2233,Нижневартовский,Ханты-Мансийский автономный округ — Югра,муниципальный район,True,61.816,79.5794
2234,Октябрьский,Ханты-Мансийский автономный округ — Югра,муниципальный район,True,62.4998,66.5348
2235,Советский,Ханты-Мансийский автономный округ — Югра,муниципальный район,True,61.6186,63.5079
2236,Сургутский,Ханты-Мансийский автономный округ — Югра,муниципальный район,True,61.1915,74.0935
2237,Ханты-Мансийский,Ханты-Мансийский автономный округ — Югра,муниципальный район,True,61.1725,68.6102
2238,Салехард,Ямало-Ненецкий автономный округ,городской округ,True,66.3522,66.6361
2241,Муравленко,Ямало-Ненецкий автономный округ,городской округ,True,63.7979,74.5568
2242,Новый Уренгой,Ямало-Ненецкий автономный округ,городской округ,True,66.007,77.2113
2243,Ноябрьск,Ямало-Ненецкий автономный округ,городской округ,True,63.1593,76.489
2244,Красноселькупский,Ямало-Ненецкий автономный округ,муниципальный округ,True,64.483,82.6483
2245,Надымский,Ямало-Ненецкий автономный округ,муниципальный округ,True,66.0059,72.8899
2248,Тазовский,Ямало-Ненецкий автономный округ,муниципальный округ,True,69.6982,76.2071
2249,Шурышкарский,Ямало-Ненецкий автономный округ,муниципальный округ,True,65.0946,64.9991
2250,Ямальский,Ямало-Ненецкий автономный округ,муниципальный округ,True,69.8207,69.9703
2251,Ульяновск,Ульяновская область,городской округ,True,54.3212,48.3269
2252,Димитровград,Ульяновская область,городской округ,True,54.2054,49.5371
2253,Новоульяновск,Ульяновская область,городской округ,True,54.1402,48.4595
2254,Базарносызганский,Ульяновская область,муниципальный район,True,53.6856,46.7215
2255,Барышский,Ульяновская область,муниципальный район,True,53.5966,47.1398
2256,Вешкаймский,Ульяновская область,муниципальный район,True,53.9937,47.0901
2257,Инзенский,Ульяновская область,муниципальный район,True,53.9353,46.3699
2258,Карсунский,Ульяновская область,муниципальный район,True,54.2828,47.0887
2259,Кузоватовский,Ульяновская область,муниципальный район,True,53.5189,47.6871
2260,Майнский,Ульяновская область,муниципальный район,True,54.2048,47.6245
2261,Мелекесский,Ульяновская область,муниципальный район,False,54.0231,49.4873
2262,Николаевский,Ульяновская область,муниципальный район,True,53.125,47.2116
2263,Новомалыклинский,Ульяновская область,муниципальный район,False,54.224,50.0438
2264,Новоспасский,Ульяновская область,муниципальный район,True,53.1705,47.8363
2265,Павловский,Ульяновская область,муниципальный район,True,52.6952,47.1265
2266,Радищевский,Ульяновская область,муниципальный район,True,52.9054,47.9366
2267,Сенгилеевский,Ульяновская область,муниципальный район,True,53.8907,48.6609
2268,Старокулаткинский,Ульяновская область,муниципальный район,True,52.7191,47.5557
2269,Старомайнский,Ульяновская область,муниципальный район,True,54.624,49.1615
2270,Сурский,Ульяновская область,муниципальный район,True,54.5497,46.8216
2271,Тереньгульский,Ульяновская область,муниципальный район,True,53.7754,48.2342
2272,Ульяновский,Ульяновская область,муниципальный район,True,54.2284,48.0572
2273,Цильнинский,Ульяновская область,муниципальный район,False,54.5559,47.8467
2274,Чердаклинский,Ульяновская область,муниципальный район,True,54.2959,48.8439
2275,Челябинский,Челябинская область,городской округ,True,55.1702,61.426
2276,Верхнеуфалейский,Челябинская область,городской округ,True,56.0594,60.2494
2278,Карабашский,Челябинская область,городской округ,True,55.5326,60.1881
2279,Копейский,Челябинская область,городской округ,True,55.0498,61.5621
2280,Кыштымский,Челябинская область,городской округ,True,55.7033,60.4325
2281,Магнитогорский,Челябинская область,городской округ,True,53.4385,59.0045
2282,Миасский,Челябинская область,городской округ,True,55.0675,59.9619
2286,Троицкий,Челябинская область,городской округ,True,54.0717,61.5644
2287,Усть-Катавский,Челябинская область,городской округ,True,54.9652,58.2604
2288,Чебаркульский,Челябинская область,городской округ,True,54.9815,60.3388
2289,Южноуральский,Челябинская область,городской округ,True,54.3951,61.0812
2291,Агаповский,Челябинская область,муниципальный район,False,53.3194,59.2098
2292,Аргаяшский,Челябинская область,муниципальный район,True,55.4006,60.7675
2293,Ашинский,Челябинская область,муниципальный район,True,55.0478,57.6009
2294,Брединский,Челябинская область,муниципальный район,True,52.5329,60.4172
2295,Варненский,Челябинская область,муниципальный район,True,53.2161,61.1218
2296,Верхнеуральский,Челябинская область,муниципальный район,True,53.7672,59.1932
2297,Еманжелинский,Челябинская область,муниципальный район,True,54.6818,61.2566
2298,Еткульский,Челябинская область,муниципальный район,True,54.77,61.7075
2299,Карталинский,Челябинская область,муниципальный район,True,53.0423,60.391
2300,Каслинский,Челябинская область,муниципальный район,True,56.1273,61.2345
2301,Катав-Ивановский,Челябинская область,муниципальный район,True,54.6294,58.0471
2302,Кизильский,Челябинская область,муниципальный район,True,52.7874,59.3297
2303,Коркинский,Челябинская область,муниципальный округ,True,54.8586,61.2333
2304,Красноармейский,Челябинская область,муниципальный район,True,55.4021,62.0193
2305,Кунашакский,Челябинская область,муниципальный район,True,55.8296,61.7128
2307,Нагайбакский,Челябинская область,муниципальный район,True,53.5784,59.7995
2308,Нязепетровский,Челябинская область,муниципальный район,True,55.9721,59.583
2309,Октябрьский,Челябинская область,муниципальный район,True,54.4298,62.762
2310,Пластовский,Челябинская область,муниципальный район,True,54.3334,60.6687
2311,Саткинский,Челябинская область,муниципальный район,True,55.0072,58.9602
2312,Сосновский,Челябинская область,муниципальный район,True,55.1872,61.0825
2314,Увельский,Челябинская область,муниципальный район,True,54.4842,61.4968
2315,Уйский,Челябинская область,муниципальный район,True,54.3851,60.1027
2316,Чебаркульский,Челябинская область,муниципальный район,True,54.8076,60.4935
2317,Чесменский,Челябинская область,муниципальный район,True,53.756,60.6187
2318,Ярославль,Ярославская область,городской округ,True,57.6415,39.8521
2320,Рыбинск,Ярославская область,городской округ,True,58.0644,38.8184
2321,Большесельский,Ярославская область,муниципальный район,True,57.715,38.9434
2322,Борисоглебский,Ярославская область,муниципальный район,True,57.32,38.9441
2323,Брейтовский,Ярославская область,муниципальный район,True,58.3337,37.8545
2324,Гаврилов-Ямский,Ярославская область,муниципальный район,True,57.3444,39.8239
2325,Даниловский,Ярославская область,муниципальный район,True,58.1368,40.149
2326,Любимский,Ярославская область,муниципальный район,True,58.3472,40.7687
2327,Мышкинский,Ярославская область,муниципальный район,True,57.7893,38.2507
2328,Некоузский,Ярославская область,муниципальный район,True,57.9636,37.8845
2329,Некрасовский,Ярославская область,муниципальный район,True,57.6859,40.466
2330,Первомайский,Ярославская область,муниципальный район,True,58.5082,39.9048
2332,Пошехонский,Ярославская область,муниципальный район,True,58.6402,39.0783
2333,Ростовский,Ярославская область,муниципальный район,True,57.1303,39.3786
2334,Рыбинский,Ярославская область,муниципальный район,True,58.2257,38.8408
2335,Тутаевский,Ярославская область,муниципальный район,True,57.9518,39.5392
2336,Угличский,Ярославская область,муниципальный район,True,57.5231,38.4514
2337,Ярославский,Ярославская область,муниципальный район,True,57.5308,39.7071
2338,Биробиджан,Еврейская автономная область,городской округ,True,48.7812,132.8833
2339,Биробиджанский,Еврейская автономная область,муниципальный район,True,48.5655,132.9669
2340,Ленинский,Еврейская автономная область,муниципальный район,True,48.0515,132.1918
2341,Облученский,Еврейская автономная область,муниципальный район,True,48.8714,131.8255
2342,Октябрьский,Еврейская автономная область,муниципальный район,True,48.1758,131.2685
2343,Смидовичский,Еврейская автономная область,муниципальный район,True,48.5464,133.6312
2344,Анадырь,Чукотский автономный округ,городской округ,True,64.726,177.4839
2345,Эгвекинот,Чукотский автономный округ,городской округ,True,67.7283,177.8439
2346,Провиденский,Чукотский автономный округ,городской округ,False,64.8662,-173.7996
2347,Певек,Чукотский автономный округ,городской округ,False,69.1314,171.7014
2348,Анадырский,Чукотский автономный округ,муниципальный район,True,64.4878,173.4943
2349,Билибинский,Чукотский автономный округ,муниципальный район,True,67.1838,164.0713
2351,Коломна,Санкт-Петербург,внутригородская территория города федерального значения,True,59.9217,30.2844
2352,Сенной,Санкт-Петербург,внутригородская территория города федерального значения,True,59.9244,30.3153
2353,Адмиралтейский,Санкт-Петербург,внутригородская территория города федерального значения,True,59.9323,30.3014
2354,Семеновский,Санкт-Петербург,внутригородская территория города федерального значения,True,59.9183,30.3252
2355,Измайловское,Санкт-Петербург,внутригородская территория города федерального значения,True,59.9079,30.3066
2356,Екатерингофский,Санкт-Петербург,внутригородская территория города федерального значения,True,59.9093,30.2741
2357,№ 7,Санкт-Петербург,внутригородская территория города федерального значения,True,59.9324,30.2767
2358,Васильевский,Санкт-Петербург,внутригородская территория города федерального значения,True,59.9452,30.2526
2359,Гавань,Санкт-Петербург,внутригородская территория города федерального значения,True,59.933,30.2377
2360,Морской,Санкт-Петербург,внутригородская территория города федерального значения,True,59.943,30.2143
2361,Остров Декабристов,Санкт-Петербург,внутригородская территория города федерального значения,True,59.9548,30.2324
2362,Левашово,Санкт-Петербург,внутригородская территория города федерального значения,True,60.0869,30.1563
2363,Парголово,Санкт-Петербург,внутригородская территория города федерального значения,True,60.0768,30.2493
2364,Сампсониевское,Санкт-Петербург,внутригородская территория города федерального значения,True,59.9724,30.339
2365,Светлановское,Санкт-Петербург,внутригородская территория города федерального значения,True,60.0058,30.3341
2366,Сосновское,Санкт-Петербург,внутригородская территория города федерального значения,True,60.0289,30.3456
2367,№ 15,Санкт-Петербург,внутригородская территория города федерального значения,True,60.0513,30.3692
2368,Сергиевское,Санкт-Петербург,внутригородская территория города федерального значения,True,60.0602,30.355
2369,Шувалово-Озерки,Санкт-Петербург,внутригородская территория города федерального значения,True,60.0573,30.2984
2370,Лисий Нос,Санкт-Петербург,внутригородская территория города федерального значения,True,60.0067,30.0128
2371,Лахта-Ольгино,Санкт-Петербург,внутригородская территория города федерального значения,True,60.0116,30.1453
2372,№ 65,Санкт-Петербург,внутригородская территория города федерального значения,True,59.9936,30.2316
2373,Ланское,Санкт-Петербург,внутригородская территория города федерального значения,True,59.9884,30.2961
2374,Комендантский аэродром,Санкт-Петербург,внутригородская территория города федерального значения,True,60.009,30.2915
2375,Озеро Долгое,Санкт-Петербург,внутригородская территория города федерального значения,True,60.0031,30.2692
2376,Юнтолово,Санкт-Петербург,внутригородская территория города федерального значения,True,60.0176,30.2151
2377,Коломяги,Санкт-Петербург,внутригородская территория города федерального значения,True,60.0466,30.232
2378,Гражданка,Санкт-Петербург,внутригородская территория города федерального значения,True,60.0016,30.3893
2379,Академическое,Санкт-Петербург,внутригородская территория города федерального значения,True,60.0187,30.3785
2380,Финляндский,Санкт-Петербург,внутригородская территория города федерального значения,True,59.9653,30.3712
2381,№ 21,Санкт-Петербург,внутригородская территория города федерального значения,True,60.0328,30.4201
2382,Пискаревка,Санкт-Петербург,внутригородская территория города федерального значения,True,59.9892,30.3888
2383,Северный,Санкт-Петербург,внутригородская территория города федерального значения,True,60.0438,30.381
2384,Прометей,Санкт-Петербург,внутригородская территория города федерального значения,True,60.0395,30.3991
2385,Княжево,Санкт-Петербург,внутригородская территория города федерального значения,True,59.8511,30.2688
2386,Ульянка,Санкт-Петербург,внутригородская территория города федерального значения,True,59.8322,30.2252
2387,Дачное,Санкт-Петербург,внутригородская территория города федерального значения,True,59.8442,30.2425
2388,Автово,Санкт-Петербург,внутригородская территория города федерального значения,True,59.8722,30.2297
2389,Нарвский,Санкт-Петербург,внутригородская территория города федерального значения,True,59.8902,30.2685
2390,Красненькая речка,Санкт-Петербург,внутригородская территория города федерального значения,True,59.8585,30.2429
2391,Морские ворота,Санкт-Петербург,внутригородская территория города федерального значения,True,59.901,30.225
2392,Колпино,Санкт-Петербург,внутригородская территория города федерального значения,True,59.7502,30.62
2393,Металлострой,Санкт-Петербург,внутригородская территория города федерального значения,True,59.7981,30.5587
2394,Петро-Славянка,Санкт-Петербург,внутригородская территория города федерального значения,False,59.8092,30.484
2395,Понтонный,Санкт-Петербург,внутригородская территория города федерального значения,True,59.7832,30.6303
2397,Усть-Ижора,Санкт-Петербург,внутригородская территория города федерального значения,False,59.8118,30.5816
2398,Полюстрово,Санкт-Петербург,внутригородская территория города федерального значения,True,59.9958,30.4463
2399,Большая Охта,Санкт-Петербург,внутригородская территория города федерального значения,True,59.9508,30.4202
2400,Малая Охта,Санкт-Петербург,внутригородская территория города федерального значения,True,59.9282,30.4095
2401,Пороховые,Санкт-Петербург,внутригородская территория города федерального значения,True,59.9441,30.4832
2402,Ржевка,Санкт-Петербург,внутригородская территория города федерального значения,True,59.9735,30.4936
2403,Красное Село,Санкт-Петербург,внутригородская территория города федерального значения,True,59.714,30.1024
2404,Юго-Запад,Санкт-Петербург,внутригородская территория города федерального значения,True,59.8552,30.2161
2405,Южно-Приморский,Санкт-Петербург,внутригородская территория города федерального значения,True,59.8581,30.1703
2406,Сосновая поляна,Санкт-Петербург,внутригородская территория города федерального значения,True,59.8412,30.1376
2407,Урицк,Санкт-Петербург,внутригородская территория города федерального значения,True,59.8374,30.1761
2408,Константиновское,Санкт-Петербург,внутригородская территория города федерального значения,True,59.8235,30.1152
2409,Горелово,Санкт-Петербург,внутригородская территория города федерального значения,True,59.7747,30.1288
2410,Кронштадт,Санкт-Петербург,внутригородская территория города федерального значения,True,60.011,29.7376
2411,Зеленогорск,Санкт-Петербург,внутригородская территория города федерального значения,True,60.2151,29.7158
2412,Сестрорецк,Санкт-Петербург,внутригородская территория города федерального значения,True,60.0682,30.0222
2416,Песочный,Санкт-Петербург,внутригородская территория города федерального значения,True,60.1203,30.1155
2422,Ломоносов,Санкт-Петербург,внутригородская территория города федерального значения,True,59.9106,29.7463
2423,Московская застава,Санкт-Петербург,внутригородская территория города федерального значения,True,59.8876,30.3209
2424,Гагаринское,Санкт-Петербург,внутригородская территория города федерального значения,True,59.8425,30.3547
2425,Новоизмайловское,Санкт-Петербург,внутригородская территория города федерального значения,True,59.8423,30.3057
2426,Пулковский меридиан,Санкт-Петербург,внутригородская территория города федерального значения,True,59.8088,30.2991
2427,Звездное,Санкт-Петербург,внутригородская территория города федерального значения,True,59.8371,30.3319
2428,Невская застава,Санкт-Петербург,внутригородская территория города федерального значения,True,59.9012,30.4044
2429,Ивановский,Санкт-Петербург,внутригородская территория города федерального значения,True,59.879,30.4343
2430,Обуховский,Санкт-Петербург,внутригородская территория города федерального значения,True,59.8613,30.46
2431,Рыбацкое,Санкт-Петербург,внутригородская территория города федерального значения,True,59.8313,30.5035
2432,Народный,Санкт-Петербург,внутригородская территория города федерального значения,True,59.8801,30.4848
2433,№ 54,Санкт-Петербург,внутригородская территория города федерального значения,True,59.9005,30.4812
2434,Невский,Санкт-Петербург,внутригородская территория города федерального значения,True,59.9082,30.4441
2435,Оккервиль,Санкт-Петербург,внутригородская территория города федерального значения,True,59.9181,30.4815
2436,Правобережный,Санкт-Петербург,внутригородская территория города федерального значения,True,59.9261,30.4671
2437,Павловск,Санкт-Петербург,внутригородская территория города федерального значения,True,59.6771,30.434
2439,Введенский,Санкт-Петербург,внутригородская территория города федерального значения,True,59.9485,30.3032
2440,Кронверкское,Санкт-Петербург,внутригородская территория города федерального значения,True,59.9544,30.3121
2441,Посадский,Санкт-Петербург,внутригородская территория города федерального значения,True,59.9577,30.331
2442,Аптекарский остров,Санкт-Петербург,внутригородская территория города федерального значения,True,59.9687,30.3179
2443,Петровский,Санкт-Петербург,внутригородская территория города федерального значения,True,59.9614,30.2611
2444,Чкаловское,Санкт-Петербург,внутригородская территория города федерального значения,True,59.9736,30.2755
2445,Петергоф,Санкт-Петербург,внутригородская территория города федерального значения,True,59.8699,29.9173
2446,Стрельна,Санкт-Петербург,внутригородская территория города федерального значения,True,59.8487,30.0346
2447,Пушкин,Санкт-Петербург,внутригородская территория города федерального значения,True,59.7026,30.3469
2448,Александровская,Санкт-Петербург,внутригородская территория города федерального значения,False,59.7344,30.3331
2449,Шушары,Санкт-Петербург,внутригородская территория города федерального значения,True,59.7648,30.468
2450,Волковское,Санкт-Петербург,внутригородская территория города федерального значения,True,59.8975,30.3584
2451,№ 72,Санкт-Петербург,внутригородская территория города федерального значения,True,59.8703,30.3991
2452,Купчино,Санкт-Петербург,внутригородская территория города федерального значения,True,59.8689,30.3629
2453,Георгиевский,Санкт-Петербург,внутригородская территория города федерального значения,True,59.8478,30.3829
2454,№ 75,Санкт-Петербург,внутригородская территория города федерального значения,True,59.8413,30.4418
2455,Балканский,Санкт-Петербург,внутригородская территория города федерального значения,True,59.8297,30.4177
2456,Дворцовый,Санкт-Петербург,внутригородская территория города федерального значения,True,59.9383,30.335
2457,№ 78,Санкт-Петербург,внутригородская территория города федерального значения,True,59.9321,30.3249
2458,Литейный,Санкт-Петербург,внутригородская территория города федерального значения,True,59.942,30.3511
2459,Смольнинское,Санкт-Петербург,внутригородская территория города федерального значения,True,59.9425,30.3795
2460,Лиговка-Ямская,Санкт-Петербург,внутригородская территория города федерального значения,True,59.9214,30.3815
2461,Владимирский,Санкт-Петербург,внутригородская территория города федерального значения,True,59.9261,30.3437
2462,Богородское,Москва,внутригородская территория города федерального значения,True,55.8203,37.6949
2463,Вешняки,Москва,внутригородская территория города федерального значения,True,55.7348,37.8198
2464,Восточное Измайлово,Москва,внутригородская территория города федерального значения,True,55.7959,37.8201
2465,Восточный,Москва,внутригородская территория города федерального значения,True,55.8101,37.8645
2466,Гольяново,Москва,внутригородская территория города федерального значения,True,55.8226,37.7906
2467,Ивановское,Москва,внутригородская территория города федерального значения,True,55.7699,37.8301
2468,Измайлово,Москва,внутригородская территория города федерального значения,True,55.7908,37.7646
2469,Косино-Ухтомский,Москва,внутригородская территория города федерального значения,True,55.7125,37.8845
2470,Новогиреево,Москва,внутригородская территория города федерального значения,True,55.7471,37.81
2471,Новокосино,Москва,внутригородская территория города федерального значения,True,55.74,37.8615
2472,Метро,Москва,внутригородская территория города федерального значения,True,55.8451,37.7363
2473,Перово,Москва,внутригородская территория города федерального значения,True,55.7528,37.7633
2474,Северное Измайлово,Москва,внутригородская территория города федерального значения,True,55.8068,37.7929
2475,Соколиная гора,Москва,внутригородская территория города федерального значения,True,55.7728,37.7321
2476,Сокольники,Москва,внутригородская территория города федерального значения,True,55.7971,37.6776
2477,Преображенское,Москва,внутригородская территория города федерального значения,True,55.7963,37.7231
2478,Внуково,Москва,внутригородская территория города федерального значения,True,55.6005,37.2692
2479,Дорогомилово,Москва,внутригородская территория города федерального значения,True,55.7395,37.5321
2480,Крылатское,Москва,внутригородская территория города федерального значения,True,55.7644,37.4176
2481,Кунцево,Москва,внутригородская территория города федерального значения,True,55.7284,37.0054
2482,Можайский,Москва,внутригородская территория города федерального значения,True,55.7141,37.4094
2483,Ново-Переделкино,Москва,внутригородская территория города федерального значения,True,55.6365,37.3708
2484,Очаково-Матвеевское,Москва,внутригородская территория города федерального значения,True,55.6953,37.4492
2485,Проспект Вернадского,Москва,внутригородская территория города федерального значения,True,55.6801,37.491
2486,Раменки,Москва,внутригородская территория города федерального значения,True,55.7078,37.5138
2487,Солнцево,Москва,внутригородская территория города федерального значения,True,55.6544,37.4044
2488,Тропарево-Никулино,Москва,внутригородская территория города федерального значения,True,55.6619,37.4672
2489,Филевский парк,Москва,внутригородская территория города федерального значения,True,55.7528,37.485
2490,Фили-Давыдково,Москва,внутригородская территория города федерального значения,True,55.7271,37.4682
2491,Крюково,Москва,внутригородская территория города федерального значения,True,55.9671,37.1779
2492,Матушкино,Москва,внутригородская территория города федерального значения,True,56.0105,37.2035
2493,Силино,Москва,внутригородская территория города федерального значения,True,56.0069,37.1704
2494,Аэропорт,Москва,внутригородская территория города федерального значения,True,55.799,37.5497
2495,Беговой,Москва,внутригородская территория города федерального значения,True,55.7876,37.5572
2496,Бескудниковский,Москва,внутригородская территория города федерального значения,True,55.8632,37.5549
2497,Войковский,Москва,внутригородская территория города федерального значения,True,55.8263,37.4959
2498,Восточное Дегунино,Москва,внутригородская территория города федерального значения,True,55.874,37.5629
2499,Головинский,Москва,внутригородская территория города федерального значения,True,55.8505,37.5086
2500,Дмитровский,Москва,внутригородская территория города федерального значения,True,55.8918,37.5299
2501,Западное Дегунино,Москва,внутригородская территория города федерального значения,True,55.8703,37.522
2502,Коптево,Москва,внутригородская территория города федерального значения,True,55.8231,37.5255
2503,Левобережный,Москва,внутригородская территория города федерального значения,True,55.8684,37.4631
2504,Молжаниновский,Москва,внутригородская территория города федерального значения,True,55.9406,37.3759
2505,Савеловский,Москва,внутригородская территория города федерального значения,True,55.8049,37.5613
2506,Сокол,Москва,внутригородская территория города федерального значения,True,55.8114,37.498
2507,Тимирязевский,Москва,внутригородская территория города федерального значения,True,55.82,37.5615
2508,Ховрино,Москва,внутригородская территория города федерального значения,True,55.8719,37.4877
2509,Хорошевский,Москва,внутригородская территория города федерального значения,True,55.7886,37.5235
2510,Алексеевский,Москва,внутригородская территория города федерального значения,True,55.8107,37.6528
2511,Алтуфьевский,Москва,внутригородская территория города федерального значения,True,55.8794,37.58
2512,Бабушкинский,Москва,внутригородская территория города федерального значения,True,55.8651,37.6681
2513,Бибирево,Москва,внутригородская территория города федерального значения,True,55.8933,37.611
2514,Бутырский,Москва,внутригородская территория города федерального значения,True,55.8247,37.5827
2515,Лианозово,Москва,внутригородская территория города федерального значения,True,55.9035,37.5685
2516,Лосиноостровский,Москва,внутригородская территория города федерального значения,True,55.8815,37.6907
2517,Марфино,Москва,внутригородская территория города федерального значения,True,55.8255,37.5913
2518,Марьина роща,Москва,внутригородская территория города федерального значения,True,55.7959,37.6121
2519,Останкинский,Москва,внутригородская территория города федерального значения,True,55.8264,37.625
2520,Отрадное,Москва,внутригородская территория города федерального значения,True,55.8618,37.6023
2521,Ростокино,Москва,внутригородская территория города федерального значения,True,55.8406,37.646
2522,Свиблово,Москва,внутригородская территория города федерального значения,True,55.8492,37.6554
2523,Северное Медведково,Москва,внутригородская территория города федерального значения,True,55.8885,37.6525
2524,Северный,Москва,внутригородская территория города федерального значения,True,55.9269,37.5461
2525,Южное Медведково,Москва,внутригородская территория города федерального значения,True,55.8758,37.6328
2526,Ярославский,Москва,внутригородская территория города федерального значения,True,55.8524,37.6963
2527,Куркино,Москва,внутригородская территория города федерального значения,True,55.8857,37.3947
2528,Митино,Москва,внутригородская территория города федерального значения,True,55.8474,37.3671
2529,Покровское-Стрешнево,Москва,внутригородская территория города федерального значения,True,55.823,37.4388
2530,Северное Тушино,Москва,внутригородская территория города федерального значения,True,55.8594,37.4392
2531,Строгино,Москва,внутригородская территория города федерального значения,True,55.8045,37.3945
2532,Хорошево-Мневники,Москва,внутригородская территория города федерального значения,True,55.7811,37.4725
2533,Щукино,Москва,внутригородская территория города федерального значения,True,55.7992,37.4853
2534,Южное Тушино,Москва,внутригородская территория города федерального значения,True,55.8434,37.4284
2535,Арбат,Москва,внутригородская территория города федерального значения,True,55.7507,37.5907
2536,Басманный,Москва,внутригородская территория города федерального значения,True,55.7671,37.6735
2537,Замоскворечье,Москва,внутригородская территория города федерального значения,True,55.7376,37.6291
2538,Савелки,Москва,внутригородская территория города федерального значения,True,55.9873,37.2427
2539,Красносельский,Москва,внутригородская территория города федерального значения,True,55.7786,37.6453
2540,Мещанский,Москва,внутригородская территория города федерального значения,True,55.7719,37.6294
2541,Пресненский,Москва,внутригородская территория города федерального значения,True,55.7606,37.5693
2542,Таганский,Москва,внутригородская территория города федерального значения,True,55.7403,37.663
2543,Тверской,Москва,внутригородская территория города федерального значения,True,55.7681,37.6083
2544,Хамовники,Москва,внутригородская территория города федерального значения,True,55.7334,37.5724
2545,Якиманка,Москва,внутригородская территория города федерального значения,True,55.7276,37.6069
2546,Выхино-Жулебино,Москва,внутригородская территория города федерального значения,True,55.6921,37.832
2547,Капотня,Москва,внутригородская территория города федерального значения,True,55.6466,37.8034
2548,Кузьминки,Москва,внутригородская территория города федерального значения,True,55.6995,37.7758
2549,Лефортово,Москва,внутригородская территория города федерального значения,True,55.7545,37.7017
2550,Люблино,Москва,внутригородская территория города федерального значения,True,55.6733,37.7887
2551,Марьино,Москва,внутригородская территория города федерального значения,True,55.654,37.7527
2552,Некрасовка,Москва,внутригородская территория города федерального значения,True,55.6948,37.9397
2553,Нижегородский,Москва,внутригородская территория города федерального значения,True,55.7276,37.7164
2554,Печатники,Москва,внутригородская территория города федерального значения,True,55.7028,37.7073
2555,Рязанский,Москва,внутригородская территория города федерального значения,True,55.7211,37.772
2556,Текстильщики,Москва,внутригородская территория города федерального значения,True,55.7116,37.734
2557,Южнопортовый,Москва,внутригородская территория города федерального значения,True,55.7183,37.6758
2558,Академический,Москва,внутригородская территория города федерального значения,True,55.6882,37.5804
2559,Гагаринский,Москва,внутригородская территория города федерального значения,True,55.6994,37.5619
2560,Зюзино,Москва,внутригородская территория города федерального значения,True,55.6547,37.594
2561,Коньково,Москва,внутригородская территория города федерального значения,True,55.6417,37.5271
2562,Котловка,Москва,внутригородская территория города федерального значения,True,55.6694,37.6003
2563,Ломоносовский,Москва,внутригородская территория города федерального значения,True,55.6795,37.539
2564,Обручевский,Москва,внутригородская территория города федерального значения,True,55.6591,37.5128
2565,Северное Бутово,Москва,внутригородская территория города федерального значения,True,55.5714,37.5643
2566,Теплый Стан,Москва,внутригородская территория города федерального значения,True,55.6249,37.4926
2567,Черемушки,Москва,внутригородская территория города федерального значения,True,55.6645,37.559
2568,Южное Бутово,Москва,внутригородская территория города федерального значения,True,55.5313,37.5636
2569,Ясенево,Москва,внутригородская территория города федерального значения,True,55.6148,37.5538
2570,Бирюлево Восточное,Москва,внутригородская территория города федерального значения,True,55.5922,37.6767
2571,Бирюлево Западное,Москва,внутригородская территория города федерального значения,True,55.5794,37.6472
2572,Братеево,Москва,внутригородская территория города федерального значения,True,55.6309,37.775
2573,Даниловский,Москва,внутригородская территория города федерального значения,True,55.7083,37.6446
2574,Донской,Москва,внутригородская территория города федерального значения,True,55.7054,37.6041
2575,Зябликово,Москва,внутригородская территория города федерального значения,True,55.6193,37.757
2576,Москворечье-Сабурово,Москва,внутригородская территория города федерального значения,True,55.6439,37.6737
2577,Нагатино-Садовники,Москва,внутригородская территория города федерального значения,True,55.6719,37.6438
2578,Нагатинский затон,Москва,внутригородская территория города федерального значения,True,55.6812,37.6778
2579,Нагорный,Москва,внутригородская территория города федерального значения,True,55.6605,37.6146
2580,Орехово-Борисово Северное,Москва,внутригородская территория города федерального значения,True,55.6204,37.6961
2581,Орехово-Борисово Южное,Москва,внутригородская территория города федерального значения,True,55.6042,37.7316
2582,Царицыно,Москва,внутригородская территория города федерального значения,True,55.6269,37.6504
2583,Чертаново Северное,Москва,внутригородская территория города федерального значения,True,55.6333,37.6032
2584,Чертаново Центральное,Москва,внутригородская территория города федерального значения,True,55.615,37.6061
2585,Чертаново Южное,Москва,внутригородская территория города федерального значения,True,55.5923,37.6021
2586,Старое Крюково,Москва,внутригородская территория города федерального значения,True,55.9812,37.2002
2587,Троицк,Москва,внутригородская территория города федерального значения,True,55.4812,37.294
2588,Щербинка,Москва,внутригородская территория города федерального значения,True,55.5059,37.5503
2589,Внуковское,Москва,внутригородская территория города федерального значения,True,55.6382,37.3061
2590,Воскресенское,Москва,внутригородская территория города федерального значения,True,55.52,37.5031
2591,Вороновское,Москва,внутригородская территория города федерального значения,True,55.3297,37.164
2592,Десеновское,Москва,внутригородская территория города федерального значения,True,55.4952,37.3733
2593,Киевский,Москва,внутригородская территория города федерального значения,True,55.3868,36.8837
2594,Кленовское,Москва,внутригородская территория города федерального значения,False,55.3076,37.3234
2595,Кокошкино,Москва,внутригородская территория города федерального значения,True,55.6024,37.1751
2596,Краснопахорское,Москва,внутригородская территория города федерального значения,True,55.43,37.2515
2597,Марушкинское,Москва,внутригородская территория города федерального значения,True,55.5829,37.2079
2598,Михайлово-Ярцевское,Москва,внутригородская территория города федерального значения,True,55.4003,37.1319
2599,Московский,Москва,внутригородская территория города федерального значения,True,55.6075,37.3604
2600,Мосрентген,Москва,внутригородская территория города федерального значения,True,55.6182,37.4625
2601,Новофедоровское,Москва,внутригородская территория города федерального значения,True,55.4521,36.9347
2602,Первомайское,Москва,внутригородская территория города федерального значения,True,55.4984,37.1882
2603,Роговское,Москва,внутригородская территория города федерального значения,False,55.2277,37.0587
2604,Рязановское,Москва,внутригородская территория города федерального значения,True,55.4811,37.5028
2605,Сосенское,Москва,внутригородская территория города федерального значения,True,55.5734,37.4569
2606,Филимонковское,Москва,внутригородская территория города федерального значения,True,55.561,37.3332
2607,Щаповское,Москва,внутригородская территория города федерального значения,True,55.3908,37.4061
2618,Мантуровский,Костромская область,муниципальный округ,True,58.2668,44.7319
2619,Переславль-Залесский,Ярославская область,городской округ,True,56.8043,38.6936
2620,Соликамский,Пермский край,городской округ,True,59.8256,56.5856
2621,Березники,Пермский край,городской округ,True,59.414,56.3012
2644,Серпухов,Московская область,городской округ,True,54.9197,37.4501
2646,Обнинск,Калужская область,городской округ,True,55.1082,36.6062
2647,Боровский,Калужская область,муниципальный район,True,55.2172,36.4239
2648,Лосино-Петровский,Московская область,городской округ,True,55.9005,38.1704
2649,Щёлково,Московская область,городской округ,True,56.0873,38.3282
2651,Одинцовский,Московская область,городской округ,True,55.6107,36.8288
2652,Орехово-Зуевский,Московская область,городской округ,True,55.6571,38.987
2710,Вышневолоцкий,Тверская область,городской округ,True,57.4925,34.5007
2808,Коломна,Московская область,городской округ,True,55.0345,38.6814
2809,Кунгурский,Пермский край,муниципальный округ,True,57.4216,56.4894
2813,Шатура,Московская область,городской округ,True,55.4627,39.7553
2814,Пушкинский,Московская область,городской округ,True,56.0979,37.9162
2872,Приуральский,Ямало-Ненецкий автономный округ,муниципальный округ,True,67.0011,67.8948
2876,Кисловодск,Ставропольский край,городской округ,True,43.8718,42.7482
2879,Губкинский,Ямало-Ненецкий автономный округ,городской округ,True,64.4216,76.4048
2880,Лабытнанги,Ямало-Ненецкий автономный округ,городской округ,True,66.686,66.397
2881,Предгорный,Ставропольский край,муниципальный округ,True,44.1562,42.9881
2882,Пуровский,Ямало-Ненецкий автономный округ,муниципальный округ,True,65.044,77.6698
2883,Кимрский,Тверская область,муниципальный округ,True,57.048,37.1318
2884,Ржевский,Тверская область,муниципальный округ,True,56.3377,34.171
2885,Кудымкарский,Пермский край,муниципальный округ,True,58.9785,54.4197
2886,Губахинский,Пермский край,муниципальный округ,True,58.8023,57.7495
2887,Саратов,Саратовская область,городской округ,True,51.5092,45.8358
3005,Арзамас,Нижегородская область,городской округ,True,55.4472,43.7359
3007,Прокопьевский,Кемеровская область,муниципальный округ,True,54.003,86.8758
3008,Химки,Московская область,городской округ,False,55.9845,37.3842
3009,Тамбов,Тамбовская область,городской округ,True,52.6931,41.4215
3010,Тамбовский,Тамбовская область,муниципальный округ,False,52.6126,41.1798
3011,Златоустовский,Челябинская область,городской округ,True,55.0294,59.5601
3012,Кусинский,Челябинская область,муниципальный район,True,55.4248,59.5867
3013,Солнечногорск,Московская область,городской округ,True,56.1342,37.0269
3014,Павлово-Посадский,Московская область,городской округ,False,55.7848,38.6728
3101,Сасовский,Рязанская область,муниципальный округ,False,54.2834,42.1122
