{"type":"FeatureCollection","features":[{"type":"Feature","properties":{"territory_id":2351,"name":"Коломна","region":"Санкт-Петербург","type":"внутригородская территория города федерального значения","in_panel":true},"geometry":{"type":"Polygon","coordinates":[[[30.26,59.917],[30.265,59.919],[30.269,59.923],[30.272,59.929],[30.277,59.932],[30.282,59.933],[30.285,59.929],[30.294,59.928],[30.299,59.921],[30.301,59.918],[30.297,59.917],[30.293,59.916],[30.278,59.916],[30.27,59.915],[30.262,59.916],[30.26,59.917]]]}},{"type":"Feature","properties":{"territory_id":2352,"name":"Сенной","region":"Санкт-Петербург","type":"внутригородская территория города федерального значения","in_panel":true},"geometry":{"type":"Polygon","coordinates":[[[30.299,59.921],[30.308,59.923],[30.308,59.926],[30.306,59.927],[30.312,59.929],[30.31,59.932],[30.315,59.933],[30.327,59.925],[30.318,59.922],[30.301,59.918],[30.299,59.921]]]}},{"type":"Feature","properties":{"territory_id":2353,"name":"Адмиралтейский","region":"Санкт-Петербург","type":"внутригородская территория города федерального значения","in_panel":true},"geometry":{"type":"Polygon","coordinates":[[[30.308,59.941],[30.312,59.938],[30.312,59.937],[30.31,59.936],[30.315,59.933],[30.31,59.932],[30.312,59.929],[30.306,59.927],[30.308,59.926],[30.308,59.923],[30.299,59.921],[30.294,59.928],[30.285,59.929],[30.282,59.933],[30.298,59.937],[30.308,59.941]]]}},{"type":"Feature","properties":{"territory_id":2354,"name":"Семеновский","region":"Санкт-Петербург","type":"внутригородская территория города федерального значения","in_panel":true},"geometry":{"type":"Polygon","coordinates":[[[30.318,59.909],[30.318,59.922],[30.327,59.925],[30.33,59.926],[30.336,59.924],[30.336,59.922],[30.343,59.917],[30.34,59.916],[30.333,59.913],[30.322,59.909],[30.318,59.909]]]}},{"type":"Feature","properties":{"territory_id":2355,"name":"Измайловское","region":"Санкт-Петербург","type":"внутригородская территория города федерального значения","in_panel":true},"geometry":{"type":"Polygon","coordinates":[[[30.298,59.896],[30.295,59.896],[30.297,59.901],[30.295,59.903],[30.291,59.903],[30.296,59.907],[30.298,59.908],[30.298,59.909],[30.297,59.917],[30.301,59.918],[30.318,59.922],[30.318,59.909],[30.319,59.896],[30.298,59.896]]]}},{"type":"Feature","properties":{"territory_id":2356,"name":"Екатерингофский","region":"Санкт-Петербург","type":"внутригородская территория города федерального значения","in_panel":true},"geometry":{"type":"Polygon","coordinates":[[[30.262,59.916],[30.27,59.915],[30.278,59.916],[30.293,59.916],[30.297,59.917],[30.298,59.909],[30.298,59.908],[30.296,59.907],[30.291,59.903],[30.282,59.904],[30.28,59.904],[30.276,59.901],[30.269,59.902],[30.266,59.902],[30.265,59.901],[30.261,59.9],[30.256,59.901],[30.254,59.9],[30.25,59.901],[30.255,59.904],[30.26,59.909],[30.262,59.912],[30.262,59.916]]]}},{"type":"Feature","properties":{"territory_id":2357,"name":"№ 7","region":"Санкт-Петербург","type":"внутригородская территория города федерального значения","in_panel":true},"geometry":{"type":"Polygon","coordinates":[[[30.251,59.921],[30.256,59.926],[30.25,59.93],[30.26,59.933],[30.256,59.937],[30.292,59.947],[30.294,59.947],[30.31,59.946],[30.317,59.946],[30.308,59.941],[30.298,59.937],[30.282,59.933],[30.277,59.932],[30.272,59.929],[30.269,59.923],[30.265,59.919],[30.26,59.917],[30.259,59.918],[30.252,59.92],[30.251,59.921]]]}},{"type":"Feature","properties":{"territory_id":2358,"name":"Васильевский","region":"Санкт-Петербург","type":"внутригородская территория города федерального значения","in_panel":true},"geometry":{"type":"Polygon","coordinates":[[[30.256,59.937],[30.251,59.94],[30.245,59.939],[30.238,59.944],[30.235,59.946],[30.231,59.948],[30.245,59.946],[30.252,59.948],[30.256,59.947],[30.259,59.948],[30.265,59.948],[30.271,59.95],[30.274,59.95],[30.278,59.952],[30.286,59.949],[30.292,59.947],[30.256,59.937]]]}},{"type":"Feature","properties":{"territory_id":2359,"name":"Гавань","region":"Санкт-Петербург","type":"внутригородская территория города федерального значения","in_panel":true},"geometry":{"type":"Polygon","coordinates":[[[30.191,59.933],[30.206,59.936],[30.219,59.939],[30.218,59.94],[30.238,59.944],[30.245,59.939],[30.251,59.94],[30.256,59.937],[30.26,59.933],[30.25,59.93],[30.256,59.926],[30.251,59.921],[30.243,59.923],[30.233,59.926],[30.234,59.929],[30.23,59.93],[30.232,59.933],[30.23,59.933],[30.228,59.929],[30.226,59.929],[30.219,59.929],[30.217,59.928],[30.206,59.928],[30.201,59.929],[30.194,59.931],[30.191,59.933]]]}},{"type":"Feature","properties":{"territory_id":2360,"name":"Морской","region":"Санкт-Петербург","type":"внутригородская территория города федерального значения","in_panel":true},"geometry":{"type":"Polygon","coordinates":[[[30.185,59.955],[30.211,59.951],[30.231,59.948],[30.235,59.946],[30.238,59.944],[30.218,59.94],[30.219,59.939],[30.206,59.936],[30.191,59.933],[30.181,59.943],[30.178,59.944],[30.179,59.945],[30.19,59.944],[30.195,59.951],[30.194,59.951],[30.183,59.953],[30.185,59.955]]]}},{"type":"Feature","properties":{"territory_id":2361,"name":"Остров Декабристов","region":"Санкт-Петербург","type":"внутригородская территория города федерального значения","in_panel":true},"geometry":{"type":"Polygon","coordinates":[[[30.234,59.962],[30.255,59.958],[30.264,59.957],[30.268,59.955],[30.278,59.952],[30.274,59.95],[30.271,59.95],[30.265,59.948],[30.259,59.948],[30.256,59.947],[30.252,59.948],[30.245,59.946],[30.231,59.948],[30.211,59.951],[30.185,59.955],[30.187,59.959],[30.189,59.96],[30.193,59.962],[30.207,59.964],[30.215,59.964],[30.233,59.962],[30.234,59.962]]]}},{"type":"Feature","properties":{"territory_id":2362,"name":"Левашово","region":"Санкт-Петербург","type":"внутригородская территория города федерального значения","in_panel":true},"geometry":{"type":"Polygon","coordinates":[[[30.073,60.097],[30.085,60.104],[30.089,60.108],[30.095,60.107],[30.097,60.107],[30.1,60.106],[30.106,60.106],[30.109,60.107],[30.109,60.11],[30.107,60.111],[30.11,60.113],[30.114,60.114],[30.12,60.113],[30.124,60.114],[30.127,60.114],[30.134,60.112],[30.139,60.114],[30.138,60.115],[30.138,60.119],[30.139,60.12],[30.173,60.113],[30.224,60.103],[30.231,60.101],[30.238,60.098],[30.245,60.092],[30.238,60.089],[30.231,60.087],[30.221,60.085],[30.204,60.083],[30.195,60.081],[30.19,60.08],[30.182,60.076],[30.173,60.069],[30.164,60.064],[30.157,60.062],[30.15,60.06],[30.136,60.058],[30.126,60.056],[30.126,60.057],[30.136,60.06],[30.136,60.064],[30.138,60.066],[30.135,60.071],[30.133,60.073],[30.119,60.07],[30.116,60.072],[30.112,60.073],[30.103,60.081],[30.095,60.085],[30.087,60.087],[30.077,60.09],[30.074,60.094],[30.071,60.096],[30.073,60.097]]]}},{"type":"Feature","properties":{"territory_id":2363,"name":"Парголово","region":"Санкт-Петербург","type":"внутригородская территория города федерального значения","in_panel":true},"geometry":{"type":"Polygon","coordinates":[[[30.367,60.091],[30.362,60.087],[30.341,60.061],[30.31,60.067],[30.305,60.068],[30.299,60.066],[30.298,60.067],[30.292,60.065],[30.287,60.065],[30.279,60.066],[30.274,60.069],[30.27,60.067],[30.223,60.051],[30.214,60.061],[30.21,60.06],[30.202,60.062],[30.196,60.06],[30.193,60.064],[30.134,60.049],[30.131,60.051],[30.135,60.054],[30.136,60.058],[30.15,60.06],[30.157,60.062],[30.164,60.064],[30.173,60.069],[30.182,60.076],[30.19,60.08],[30.195,60.081],[30.204,60.083],[30.221,60.085],[30.231,60.087],[30.238,60.089],[30.245,60.092],[30.238,60.098],[30.231,60.101],[30.224,60.103],[30.173,60.113],[30.178,60.119],[30.187,60.117],[30.195,60.117],[30.209,60.117],[30.219,60.115],[30.219,60.116],[30.223,60.117],[30.226,60.118],[30.236,60.119],[30.252,60.123],[30.259,60.126],[30.265,60.123],[30.267,60.119],[30.271,60.117],[30.271,60.11],[30.273,60.108],[30.275,60.108],[30.276,60.102],[30.277,60.102],[30.287,60.096],[30.292,60.096],[30.292,60.094],[30.303,60.091],[30.309,60.096],[30.333,60.09],[30.341,60.091],[30.359,60.092],[30.363,60.092],[30.367,60.091]]]}},{"type":"Feature","properties":{"territory_id":2364,"name":"Сампсониевское","region":"Санкт-Петербург","type":"внутригородская территория города федерального значения","in_panel":true},"geometry":{"type":"Polygon","coordinates":[[[30.322,59.978],[30.331,59.983],[30.331,59.985],[30.327,59.993],[30.328,59.994],[30.331,59.995],[30.332,59.992],[30.338,59.993],[30.34,59.99],[30.347,59.99],[30.352,59.989],[30.358,59.987],[30.363,59.984],[30.366,59.98],[30.368,59.978],[30.36,59.979],[30.344,59.977],[30.347,59.973],[30.352,59.963],[30.354,59.96],[30.35,59.954],[30.35,59.952],[30.345,59.952],[30.339,59.955],[30.338,59.957],[30.336,59.966],[30.335,59.967],[30.331,59.973],[30.324,59.977],[30.322,59.978]]]}},{"type":"Feature","properties":{"territory_id":2365,"name":"Светлановское","region":"Санкт-Петербург","type":"внутригородская территория города федерального значения","in_panel":true},"geometry":{"type":"Polygon","coordinates":[[[30.322,60.002],[30.316,60.012],[30.309,60.026],[30.32,60.03],[30.338,60.031],[30.339,60.028],[30.331,60.027],[30.335,60.025],[30.329,60.022],[30.347,60.011],[30.367,60.019],[30.37,60.007],[30.366,60.001],[30.365,59.998],[30.364,59.996],[30.359,59.994],[30.353,59.991],[30.347,59.99],[30.34,59.99],[30.338,59.993],[30.332,59.992],[30.331,59.995],[30.328,59.994],[30.326,59.995],[30.323,59.999],[30.322,60.002]]]}},{"type":"Feature","properties":{"territory_id":2366,"name":"Сосновское","region":"Санкт-Петербург","type":"внутригородская территория города федерального значения","in_panel":true},"geometry":{"type":"Polygon","coordinates":[[[30.347,60.04],[30.367,60.036],[30.365,60.032],[30.367,60.019],[30.347,60.011],[30.329,60.022],[30.335,60.025],[30.331,60.027],[30.339,60.028],[30.338,60.031],[30.32,60.03],[30.321,60.034],[30.328,60.044],[30.347,60.04]]]}},{"type":"Feature","properties":{"territory_id":2367,"name":"№ 15","region":"Санкт-Петербург","type":"внутригородская территория города федерального значения","in_panel":true},"geometry":{"type":"Polygon","coordinates":[[[30.387,60.059],[30.367,60.036],[30.347,60.04],[30.361,60.057],[30.363,60.058],[30.375,60.074],[30.379,60.074],[30.386,60.061],[30.387,60.059]]]}},{"type":"Feature","properties":{"territory_id":2368,"name":"Сергиевское","region":"Санкт-Петербург","type":"внутригородская территория города федерального значения","in_panel":true},"geometry":{"type":"Polygon","coordinates":[[[30.379,60.074],[30.375,60.074],[30.363,60.058],[30.361,60.057],[30.347,60.04],[30.328,60.044],[30.341,60.061],[30.362,60.087],[30.367,60.091],[30.371,60.088],[30.374,60.081],[30.377,60.079],[30.379,60.074]]]}},{"type":"Feature","properties":{"territory_id":2369,"name":"Шувалово-Озерки","region":"Санкт-Петербург","type":"внутригородская территория города федерального значения","in_panel":true},"geometry":{"type":"Polygon","coordinates":[[[30.341,60.061],[30.328,60.044],[30.321,60.034],[30.32,60.03],[30.309,60.026],[30.296,60.05],[30.293,60.053],[30.274,60.069],[30.279,60.066],[30.287,60.065],[30.292,60.065],[30.298,60.067],[30.299,60.066],[30.305,60.068],[30.31,60.067],[30.341,60.061]]]}},{"type":"Feature","properties":{"territory_id":2370,"name":"Лисий Нос","region":"Санкт-Петербург","type":"внутригородская территория города федерального значения","in_panel":true},"geometry":{"type":"Polygon","coordinates":[[[29.965,60.045],[29.971,60.043],[29.976,60.044],[29.978,60.038],[29.982,60.035],[30.003,60.027],[30.007,60.025],[30.011,60.02],[30.021,60.018],[30.022,60.019],[30.027,60.018],[30.026,60.016],[30.046,60.011],[30.042,60.007],[30.054,60.005],[30.06,60.004],[30.072,60.003],[30.07,60.003],[30.064,59.997],[30.061,59.996],[30.055,59.998],[30.044,59.998],[30.04,59.998],[30.035,59.998],[30.032,59.997],[30.028,59.997],[30.021,59.997],[30.016,59.995],[30.02,59.993],[30.016,59.994],[30.013,59.993],[30.01,59.993],[30.01,59.994],[30.013,59.995],[30.013,59.997],[30.011,59.999],[30.006,59.999],[30.007,60.0],[30.004,60.002],[29.998,60.003],[29.988,60.006],[29.978,60.008],[29.974,60.009],[29.969,60.011],[29.964,60.011],[29.962,60.014],[29.965,60.015],[29.962,60.016],[29.968,60.018],[29.963,60.019],[29.963,60.022],[29.958,60.033],[29.959,60.032],[29.962,60.025],[29.968,60.026],[29.964,60.036],[29.957,60.035],[29.955,60.038],[29.959,60.038],[29.965,60.043],[29.965,60.045]]]}},{"type":"Feature","properties":{"territory_id":2371,"name":"Лахта-Ольгино","region":"Санкт-Петербург","type":"внутригородская территория города федерального значения","in_panel":true},"geometry":{"type":"Polygon","coordinates":[[[30.064,59.997],[30.07,60.003],[30.072,60.003],[30.077,60.003],[30.08,60.005],[30.081,60.016],[30.08,60.017],[30.079,60.027],[30.12,60.034],[30.146,60.035],[30.144,60.036],[30.149,60.036],[30.158,60.038],[30.162,60.037],[30.167,60.038],[30.177,60.036],[30.184,60.032],[30.189,60.026],[30.189,60.024],[30.194,60.02],[30.198,60.019],[30.197,60.017],[30.202,60.017],[30.201,60.015],[30.192,60.009],[30.188,60.007],[30.187,60.005],[30.19,60.005],[30.189,60.003],[30.187,59.996],[30.185,59.993],[30.183,59.993],[30.182,59.991],[30.18,59.993],[30.178,59.992],[30.179,59.989],[30.183,59.988],[30.181,59.986],[30.168,59.986],[30.167,59.985],[30.163,59.986],[30.161,59.983],[30.162,59.986],[30.159,59.987],[30.15,59.988],[30.138,59.988],[30.136,59.989],[30.128,59.989],[30.121,59.99],[30.111,59.99],[30.106,59.99],[30.101,59.991],[30.099,59.99],[30.097,59.992],[30.091,59.994],[30.083,59.994],[30.073,59.996],[30.064,59.997]]]}},{"type":"Feature","properties":{"territory_id":2372,"name":"№ 65","region":"Санкт-Петербург","type":"внутригородская территория города федерального значения","in_panel":true},"geometry":{"type":"Polygon","coordinates":[[[30.179,59.989],[30.178,59.992],[30.18,59.993],[30.182,59.991],[30.183,59.993],[30.185,59.993],[30.187,59.996],[30.189,60.003],[30.19,60.005],[30.198,60.008],[30.203,60.011],[30.207,60.011],[30.236,60.007],[30.257,60.005],[30.255,60.0],[30.256,59.988],[30.256,59.982],[30.246,59.982],[30.237,59.981],[30.231,59.979],[30.227,59.979],[30.225,59.981],[30.222,59.983],[30.221,59.982],[30.217,59.982],[30.213,59.98],[30.204,59.979],[30.195,59.982],[30.19,59.982],[30.188,59.985],[30.184,59.986],[30.186,59.987],[30.184,59.99],[30.179,59.989]]]}},{"type":"Feature","properties":{"territory_id":2373,"name":"Ланское","region":"Санкт-Петербург","type":"внутригородская территория города федерального значения","in_panel":true},"geometry":{"type":"Polygon","coordinates":[[[30.256,59.982],[30.256,59.988],[30.266,59.988],[30.269,59.988],[30.279,59.988],[30.288,59.99],[30.296,59.992],[30.301,59.993],[30.316,60.002],[30.322,60.002],[30.323,59.999],[30.326,59.995],[30.328,59.994],[30.327,59.993],[30.331,59.985],[30.331,59.983],[30.322,59.978],[30.313,59.98],[30.3,59.983],[30.29,59.983],[30.273,59.981],[30.264,59.983],[30.256,59.982]]]}},{"type":"Feature","properties":{"territory_id":2374,"name":"Комендантский аэродром","region":"Санкт-Петербург","type":"внутригородская территория города федерального значения","in_panel":true},"geometry":{"type":"Polygon","coordinates":[[[30.288,59.99],[30.283,59.991],[30.278,59.993],[30.274,60.004],[30.281,60.017],[30.292,60.015],[30.296,60.015],[30.299,60.016],[30.302,60.014],[30.305,60.016],[30.312,60.017],[30.314,60.013],[30.316,60.012],[30.322,60.002],[30.316,60.002],[30.301,59.993],[30.296,59.992],[30.288,59.99]]]}},{"type":"Feature","properties":{"territory_id":2375,"name":"Озеро Долгое","region":"Санкт-Петербург","type":"внутригородская территория города федерального значения","in_panel":true},"geometry":{"type":"Polygon","coordinates":[[[30.236,60.007],[30.234,60.012],[30.264,60.021],[30.269,60.019],[30.279,60.017],[30.281,60.017],[30.274,60.004],[30.278,59.993],[30.283,59.991],[30.288,59.99],[30.279,59.988],[30.269,59.988],[30.266,59.988],[30.256,59.988],[30.255,60.0],[30.257,60.005],[30.236,60.007]]]}},{"type":"Feature","properties":{"territory_id":2376,"name":"Юнтолово","region":"Санкт-Петербург","type":"внутригородская территория города федерального значения","in_panel":true},"geometry":{"type":"Polygon","coordinates":[[[30.19,60.005],[30.187,60.005],[30.188,60.007],[30.192,60.009],[30.201,60.015],[30.202,60.017],[30.197,60.017],[30.198,60.019],[30.194,60.02],[30.189,60.024],[30.189,60.026],[30.184,60.032],[30.184,60.036],[30.191,60.039],[30.196,60.038],[30.197,60.037],[30.2,60.035],[30.203,60.035],[30.211,60.036],[30.217,60.036],[30.222,60.035],[30.227,60.032],[30.237,60.028],[30.25,60.032],[30.267,60.037],[30.268,60.038],[30.275,60.037],[30.283,60.036],[30.286,60.032],[30.284,60.028],[30.279,60.017],[30.269,60.019],[30.264,60.021],[30.234,60.012],[30.236,60.007],[30.207,60.011],[30.203,60.011],[30.198,60.008],[30.19,60.005]]]}},{"type":"Feature","properties":{"territory_id":2377,"name":"Коломяги","region":"Санкт-Петербург","type":"внутригородская территория города федерального значения","in_panel":true},"geometry":{"type":"Polygon","coordinates":[[[30.144,60.036],[30.141,60.04],[30.139,60.041],[30.139,60.043],[30.142,60.045],[30.134,60.047],[30.134,60.049],[30.193,60.064],[30.196,60.06],[30.202,60.062],[30.21,60.06],[30.214,60.061],[30.223,60.051],[30.27,60.067],[30.274,60.069],[30.293,60.053],[30.296,60.05],[30.309,60.026],[30.316,60.012],[30.314,60.013],[30.312,60.017],[30.305,60.016],[30.302,60.014],[30.299,60.016],[30.296,60.015],[30.292,60.015],[30.281,60.017],[30.279,60.017],[30.284,60.028],[30.286,60.032],[30.283,60.036],[30.275,60.037],[30.268,60.038],[30.267,60.037],[30.25,60.032],[30.237,60.028],[30.227,60.032],[30.222,60.035],[30.217,60.036],[30.211,60.036],[30.203,60.035],[30.2,60.035],[30.197,60.037],[30.196,60.038],[30.191,60.039],[30.184,60.036],[30.184,60.032],[30.177,60.036],[30.167,60.038],[30.162,60.037],[30.158,60.038],[30.149,60.036],[30.144,60.036]]]}},{"type":"Feature","properties":{"territory_id":2378,"name":"Гражданка","region":"Санкт-Петербург","type":"внутригородская территория города федерального значения","in_panel":true},"geometry":{"type":"Polygon","coordinates":[[[30.432,60.021],[30.433,60.015],[30.432,60.014],[30.421,60.005],[30.418,60.004],[30.401,60.001],[30.397,60.002],[30.394,60.0],[30.391,59.995],[30.381,59.996],[30.377,59.993],[30.373,59.992],[30.359,59.994],[30.364,59.996],[30.365,59.998],[30.377,59.997],[30.382,60.002],[30.386,60.008],[30.391,60.007],[30.398,60.013],[30.408,60.01],[30.419,60.021],[30.427,60.02],[30.432,60.021]]]}},{"type":"Feature","properties":{"territory_id":2379,"name":"Академическое","region":"Санкт-Петербург","type":"внутригородская территория города федерального значения","in_panel":true},"geometry":{"type":"Polygon","coordinates":[[[30.378,60.032],[30.384,60.031],[30.388,60.029],[30.395,60.029],[30.398,60.027],[30.402,60.026],[30.408,60.025],[30.411,60.023],[30.412,60.021],[30.416,60.022],[30.419,60.021],[30.408,60.01],[30.398,60.013],[30.391,60.007],[30.386,60.008],[30.382,60.002],[30.377,59.997],[30.365,59.998],[30.366,60.001],[30.37,60.007],[30.367,60.019],[30.365,60.032],[30.372,60.031],[30.377,60.03],[30.378,60.032]]]}},{"type":"Feature","properties":{"territory_id":2380,"name":"Финляндский","region":"Санкт-Петербург","type":"внутригородская территория города федерального значения","in_panel":true},"geometry":{"type":"Polygon","coordinates":[[[30.407,59.959],[30.399,59.955],[30.397,59.957],[30.389,59.958],[30.384,59.957],[30.376,59.954],[30.371,59.952],[30.364,59.951],[30.36,59.951],[30.35,59.952],[30.35,59.954],[30.354,59.96],[30.352,59.963],[30.347,59.973],[30.344,59.977],[30.36,59.979],[30.368,59.978],[30.366,59.98],[30.363,59.984],[30.358,59.987],[30.364,59.986],[30.382,59.979],[30.386,59.978],[30.393,59.978],[30.399,59.985],[30.408,59.983],[30.421,59.98],[30.412,59.972],[30.407,59.959]]]}},{"type":"Feature","properties":{"territory_id":2381,"name":"№ 21","region":"Санкт-Петербург","type":"внутригородская территория города федерального значения","in_panel":true},"geometry":{"type":"Polygon","coordinates":[[[30.438,60.039],[30.437,60.023],[30.437,60.021],[30.432,60.021],[30.427,60.02],[30.419,60.021],[30.416,60.022],[30.412,60.021],[30.411,60.023],[30.408,60.025],[30.402,60.026],[30.418,60.045],[30.419,60.046],[30.425,60.044],[30.436,60.042],[30.438,60.039]]]}},{"type":"Feature","properties":{"territory_id":2382,"name":"Пискаревка","region":"Санкт-Петербург","type":"внутригородская территория города федерального значения","in_panel":true},"geometry":{"type":"Polygon","coordinates":[[[30.437,60.021],[30.437,60.014],[30.442,60.0],[30.421,59.98],[30.408,59.983],[30.399,59.985],[30.393,59.978],[30.386,59.978],[30.382,59.979],[30.364,59.986],[30.358,59.987],[30.352,59.989],[30.347,59.99],[30.353,59.991],[30.359,59.994],[30.373,59.992],[30.377,59.993],[30.381,59.996],[30.391,59.995],[30.394,60.0],[30.397,60.002],[30.401,60.001],[30.418,60.004],[30.421,60.005],[30.432,60.014],[30.433,60.015],[30.432,60.021],[30.437,60.021]]]}},{"type":"Feature","properties":{"territory_id":2383,"name":"Северный","region":"Санкт-Петербург","type":"внутригородская территория города федерального значения","in_panel":true},"geometry":{"type":"Polygon","coordinates":[[[30.397,60.055],[30.393,60.05],[30.378,60.032],[30.377,60.03],[30.372,60.031],[30.365,60.032],[30.367,60.036],[30.387,60.059],[30.388,60.057],[30.397,60.055]]]}},{"type":"Feature","properties":{"territory_id":2384,"name":"Прометей","region":"Санкт-Петербург","type":"внутригородская территория города федерального значения","in_panel":true},"geometry":{"type":"Polygon","coordinates":[[[30.419,60.046],[30.418,60.045],[30.402,60.026],[30.398,60.027],[30.395,60.029],[30.388,60.029],[30.384,60.031],[30.378,60.032],[30.393,60.05],[30.397,60.055],[30.419,60.05],[30.416,60.047],[30.419,60.046]]]}},{"type":"Feature","properties":{"territory_id":2385,"name":"Княжево","region":"Санкт-Петербург","type":"внутригородская территория города федерального значения","in_panel":true},"geometry":{"type":"Polygon","coordinates":[[[30.27,59.836],[30.264,59.837],[30.25,59.845],[30.256,59.847],[30.256,59.857],[30.254,59.859],[30.261,59.863],[30.274,59.859],[30.276,59.859],[30.278,59.863],[30.281,59.862],[30.288,59.858],[30.289,59.856],[30.29,59.86],[30.293,59.858],[30.292,59.853],[30.289,59.851],[30.285,59.845],[30.281,59.843],[30.27,59.836]]]}},{"type":"Feature","properties":{"territory_id":2386,"name":"Ульянка","region":"Санкт-Петербург","type":"внутригородская территория города федерального значения","in_panel":true},"geometry":{"type":"Polygon","coordinates":[[[30.184,59.823],[30.193,59.832],[30.208,59.843],[30.214,59.839],[30.217,59.841],[30.223,59.835],[30.238,59.84],[30.252,59.832],[30.254,59.832],[30.232,59.826],[30.222,59.824],[30.203,59.823],[30.198,59.823],[30.184,59.823]]]}},{"type":"Feature","properties":{"territory_id":2387,"name":"Дачное","region":"Санкт-Петербург","type":"внутригородская территория города федерального значения","in_panel":true},"geometry":{"type":"Polygon","coordinates":[[[30.269,59.835],[30.254,59.832],[30.252,59.832],[30.238,59.84],[30.223,59.835],[30.217,59.841],[30.214,59.839],[30.208,59.843],[30.212,59.846],[30.219,59.846],[30.231,59.85],[30.244,59.855],[30.254,59.859],[30.256,59.857],[30.256,59.847],[30.25,59.845],[30.264,59.837],[30.27,59.836],[30.269,59.835]]]}},{"type":"Feature","properties":{"territory_id":2388,"name":"Автово","region":"Санкт-Петербург","type":"внутригородская территория города федерального значения","in_panel":true},"geometry":{"type":"Polygon","coordinates":[[[30.168,59.887],[30.184,59.886],[30.199,59.888],[30.203,59.887],[30.214,59.888],[30.219,59.887],[30.226,59.884],[30.223,59.884],[30.224,59.882],[30.236,59.881],[30.242,59.879],[30.246,59.877],[30.254,59.876],[30.255,59.878],[30.259,59.877],[30.266,59.885],[30.28,59.882],[30.285,59.882],[30.294,59.883],[30.3,59.883],[30.3,59.881],[30.296,59.88],[30.294,59.878],[30.293,59.875],[30.292,59.87],[30.29,59.86],[30.289,59.856],[30.288,59.858],[30.281,59.862],[30.278,59.863],[30.276,59.859],[30.274,59.859],[30.261,59.863],[30.261,59.864],[30.24,59.865],[30.239,59.864],[30.221,59.864],[30.211,59.865],[30.2,59.869],[30.195,59.868],[30.186,59.867],[30.185,59.867],[30.181,59.867],[30.18,59.868],[30.176,59.87],[30.172,59.872],[30.161,59.874],[30.167,59.879],[30.166,59.881],[30.172,59.884],[30.168,59.887]]]}},{"type":"Feature","properties":{"territory_id":2389,"name":"Нарвский","region":"Санкт-Петербург","type":"внутригородская территория города федерального значения","in_panel":true},"geometry":{"type":"Polygon","coordinates":[[[30.226,59.884],[30.229,59.884],[30.238,59.886],[30.241,59.889],[30.243,59.896],[30.246,59.899],[30.25,59.901],[30.254,59.9],[30.256,59.901],[30.261,59.9],[30.265,59.901],[30.266,59.902],[30.269,59.902],[30.276,59.901],[30.28,59.904],[30.282,59.904],[30.291,59.903],[30.295,59.903],[30.297,59.901],[30.295,59.896],[30.298,59.896],[30.299,59.894],[30.298,59.889],[30.295,59.886],[30.294,59.883],[30.285,59.882],[30.28,59.882],[30.266,59.885],[30.259,59.877],[30.255,59.878],[30.254,59.876],[30.246,59.877],[30.242,59.879],[30.236,59.881],[30.224,59.882],[30.223,59.884],[30.226,59.884]]]}},{"type":"Feature","properties":{"territory_id":2390,"name":"Красненькая речка","region":"Санкт-Петербург","type":"внутригородская территория города федерального значения","in_panel":true},"geometry":{"type":"Polygon","coordinates":[[[30.261,59.863],[30.254,59.859],[30.244,59.855],[30.231,59.85],[30.219,59.846],[30.212,59.846],[30.239,59.864],[30.24,59.865],[30.261,59.864],[30.261,59.863]]]}},{"type":"Feature","properties":{"territory_id":2391,"name":"Морские ворота","region":"Санкт-Петербург","type":"внутригородская территория города федерального значения","in_panel":true},"geometry":{"type":"Polygon","coordinates":[[[30.26,59.917],[30.262,59.916],[30.262,59.912],[30.26,59.909],[30.255,59.904],[30.25,59.901],[30.246,59.899],[30.243,59.896],[30.241,59.889],[30.238,59.886],[30.229,59.884],[30.226,59.884],[30.219,59.887],[30.214,59.888],[30.203,59.887],[30.199,59.888],[30.184,59.886],[30.168,59.887],[30.169,59.888],[30.182,59.888],[30.195,59.889],[30.195,59.893],[30.198,59.894],[30.203,59.896],[30.209,59.9],[30.213,59.902],[30.216,59.904],[30.216,59.905],[30.207,59.908],[30.207,59.909],[30.214,59.916],[30.216,59.916],[30.224,59.914],[30.235,59.913],[30.241,59.914],[30.252,59.915],[30.261,59.916],[30.26,59.917]]]}},{"type":"Feature","properties":{"territory_id":2392,"name":"Колпино","region":"Санкт-Петербург","type":"внутригородская территория города федерального значения","in_panel":true},"geometry":{"type":"Polygon","coordinates":[[[30.576,59.73],[30.567,59.731],[30.555,59.737],[30.555,59.74],[30.557,59.741],[30.558,59.744],[30.557,59.75],[30.523,59.748],[30.524,59.753],[30.521,59.754],[30.51,59.757],[30.508,59.758],[30.51,59.76],[30.507,59.763],[30.51,59.765],[30.511,59.769],[30.513,59.769],[30.511,59.771],[30.514,59.772],[30.512,59.774],[30.513,59.777],[30.517,59.776],[30.519,59.777],[30.516,59.778],[30.52,59.78],[30.519,59.783],[30.517,59.782],[30.517,59.784],[30.517,59.785],[30.514,59.785],[30.517,59.787],[30.514,59.789],[30.515,59.79],[30.511,59.79],[30.511,59.792],[30.509,59.793],[30.515,59.791],[30.517,59.792],[30.524,59.799],[30.527,59.797],[30.555,59.776],[30.561,59.778],[30.571,59.782],[30.574,59.779],[30.575,59.782],[30.583,59.788],[30.585,59.788],[30.587,59.791],[30.591,59.792],[30.594,59.792],[30.594,59.793],[30.592,59.796],[30.601,59.794],[30.601,59.789],[30.608,59.779],[30.609,59.774],[30.619,59.776],[30.618,59.77],[30.625,59.768],[30.625,59.767],[30.628,59.761],[30.651,59.771],[30.655,59.775],[30.661,59.773],[30.701,59.772],[30.709,59.771],[30.718,59.769],[30.726,59.765],[30.744,59.756],[30.749,59.755],[30.758,59.756],[30.759,59.754],[30.757,59.753],[30.753,59.753],[30.749,59.752],[30.749,59.75],[30.757,59.744],[30.738,59.745],[30.703,59.745],[30.696,59.744],[30.68,59.73],[30.683,59.725],[30.65,59.722],[30.648,59.722],[30.641,59.728],[30.63,59.736],[30.617,59.735],[30.617,59.731],[30.607,59.731],[30.598,59.729],[30.591,59.729],[30.588,59.73],[30.582,59.73],[30.576,59.73]]]}},{"type":"Feature","properties":{"territory_id":2393,"name":"Металлострой","region":"Санкт-Петербург","type":"внутригородская территория города федерального значения","in_panel":true},"geometry":{"type":"Polygon","coordinates":[[[30.563,59.821],[30.582,59.813],[30.589,59.808],[30.577,59.804],[30.575,59.803],[30.592,59.796],[30.594,59.793],[30.594,59.792],[30.591,59.792],[30.587,59.791],[30.585,59.788],[30.583,59.788],[30.575,59.782],[30.574,59.779],[30.571,59.782],[30.561,59.778],[30.555,59.776],[30.527,59.797],[30.547,59.814],[30.548,59.813],[30.555,59.817],[30.552,59.82],[30.554,59.821],[30.559,59.819],[30.563,59.821]]]}},{"type":"Feature","properties":{"territory_id":2394,"name":"Петро-Славянка","region":"Санкт-Петербург","type":"внутригородская территория города федерального значения","in_panel":false},"geometry":{"type":"Polygon","coordinates":[[[30.547,59.814],[30.527,59.797],[30.524,59.799],[30.517,59.792],[30.515,59.791],[30.509,59.793],[30.511,59.792],[30.511,59.79],[30.515,59.79],[30.514,59.789],[30.517,59.787],[30.514,59.785],[30.517,59.785],[30.517,59.784],[30.51,59.785],[30.509,59.784],[30.502,59.788],[30.493,59.791],[30.49,59.792],[30.486,59.793],[30.484,59.792],[30.479,59.793],[30.458,59.803],[30.456,59.809],[30.462,59.811],[30.45,59.818],[30.454,59.818],[30.449,59.825],[30.444,59.824],[30.443,59.828],[30.439,59.828],[30.441,59.829],[30.456,59.832],[30.475,59.834],[30.5,59.816],[30.512,59.808],[30.509,59.811],[30.508,59.813],[30.512,59.814],[30.519,59.818],[30.521,59.821],[30.52,59.824],[30.532,59.819],[30.547,59.814]]]}},{"type":"Feature","properties":{"territory_id":2395,"name":"Понтонный","region":"Санкт-Петербург","type":"внутригородская территория города федерального значения","in_panel":true},"geometry":{"type":"Polygon","coordinates":[[[30.655,59.775],[30.651,59.771],[30.628,59.761],[30.625,59.767],[30.625,59.768],[30.618,59.77],[30.619,59.776],[30.609,59.774],[30.608,59.779],[30.601,59.789],[30.601,59.794],[30.61,59.792],[30.614,59.795],[30.618,59.794],[30.618,59.796],[30.623,59.797],[30.626,59.795],[30.63,59.794],[30.635,59.793],[30.653,59.791],[30.66,59.79],[30.67,59.786],[30.676,59.785],[30.672,59.78],[30.668,59.779],[30.663,59.781],[30.664,59.784],[30.659,59.786],[30.656,59.782],[30.655,59.775]]]}},{"type":"Feature","properties":{"territory_id":2397,"name":"Усть-Ижора","region":"Санкт-Петербург","type":"внутригородская территория города федерального значения","in_panel":false},"geometry":{"type":"Polygon","coordinates":[[[30.623,59.797],[30.618,59.796],[30.618,59.794],[30.614,59.795],[30.61,59.792],[30.601,59.794],[30.592,59.796],[30.575,59.803],[30.577,59.804],[30.589,59.808],[30.582,59.813],[30.563,59.821],[30.56,59.822],[30.565,59.822],[30.567,59.824],[30.573,59.822],[30.589,59.817],[30.594,59.815],[30.598,59.812],[30.615,59.803],[30.623,59.797]]]}},{"type":"Feature","properties":{"territory_id":2398,"name":"Полюстрово","region":"Санкт-Петербург","type":"внутригородская территория города федерального значения","in_panel":true},"geometry":{"type":"Polygon","coordinates":[[[30.491,60.008],[30.494,60.005],[30.491,60.001],[30.493,59.996],[30.495,59.995],[30.496,59.99],[30.493,59.988],[30.494,59.983],[30.486,59.983],[30.458,59.984],[30.45,59.984],[30.447,59.982],[30.445,59.979],[30.447,59.965],[30.446,59.96],[30.407,59.959],[30.412,59.972],[30.421,59.98],[30.442,60.0],[30.437,60.014],[30.437,60.021],[30.437,60.023],[30.438,60.039],[30.442,60.041],[30.458,60.038],[30.461,60.035],[30.465,60.033],[30.468,60.033],[30.467,60.032],[30.465,60.031],[30.462,60.028],[30.468,60.027],[30.464,60.026],[30.467,60.025],[30.468,60.023],[30.471,60.024],[30.475,60.025],[30.476,60.023],[30.479,60.023],[30.482,60.02],[30.484,60.02],[30.488,60.023],[30.49,60.022],[30.49,60.019],[30.486,60.016],[30.488,60.011],[30.491,60.008]]]}},{"type":"Feature","properties":{"territory_id":2399,"name":"Большая Охта","region":"Санкт-Петербург","type":"внутригородская территория города федерального значения","in_panel":true},"geometry":{"type":"Polygon","coordinates":[[[30.446,59.96],[30.448,59.941],[30.443,59.941],[30.441,59.94],[30.442,59.938],[30.441,59.937],[30.435,59.937],[30.43,59.936],[30.426,59.936],[30.423,59.936],[30.42,59.934],[30.417,59.934],[30.415,59.934],[30.415,59.936],[30.413,59.938],[30.413,59.941],[30.409,59.945],[30.403,59.949],[30.404,59.953],[30.399,59.955],[30.407,59.959],[30.446,59.96]]]}},{"type":"Feature","properties":{"territory_id":2400,"name":"Малая Охта","region":"Санкт-Петербург","type":"внутригородская территория города федерального значения","in_panel":true},"geometry":{"type":"Polygon","coordinates":[[[30.448,59.936],[30.443,59.932],[30.434,59.926],[30.429,59.922],[30.424,59.919],[30.409,59.915],[30.402,59.921],[30.396,59.926],[30.394,59.929],[30.396,59.933],[30.4,59.939],[30.401,59.943],[30.403,59.949],[30.409,59.945],[30.413,59.941],[30.413,59.938],[30.415,59.936],[30.415,59.934],[30.417,59.934],[30.42,59.934],[30.423,59.936],[30.426,59.936],[30.43,59.936],[30.435,59.937],[30.441,59.937],[30.442,59.938],[30.441,59.94],[30.443,59.941],[30.448,59.941],[30.449,59.939],[30.448,59.936]]]}},{"type":"Feature","properties":{"territory_id":2401,"name":"Пороховые","region":"Санкт-Петербург","type":"внутригородская территория города федерального значения","in_panel":true},"geometry":{"type":"Polygon","coordinates":[[[30.506,59.936],[30.501,59.934],[30.496,59.933],[30.463,59.935],[30.453,59.937],[30.448,59.936],[30.449,59.939],[30.448,59.941],[30.446,59.96],[30.453,59.961],[30.46,59.962],[30.467,59.956],[30.478,59.959],[30.478,59.958],[30.49,59.947],[30.491,59.945],[30.508,59.946],[30.506,59.936]]]}},{"type":"Feature","properties":{"territory_id":2402,"name":"Ржевка","region":"Санкт-Петербург","type":"внутригородская территория города федерального значения","in_panel":true},"geometry":{"type":"Polygon","coordinates":[[[30.508,59.946],[30.491,59.945],[30.49,59.947],[30.478,59.958],[30.478,59.959],[30.467,59.956],[30.46,59.962],[30.453,59.961],[30.446,59.96],[30.447,59.965],[30.445,59.979],[30.447,59.982],[30.45,59.984],[30.458,59.984],[30.486,59.983],[30.494,59.983],[30.493,59.988],[30.496,59.99],[30.495,59.995],[30.493,59.996],[30.491,60.001],[30.494,60.005],[30.491,60.008],[30.494,60.01],[30.495,60.008],[30.499,60.008],[30.5,60.007],[30.504,60.006],[30.503,60.004],[30.5,60.0],[30.503,60.0],[30.502,59.998],[30.504,59.996],[30.503,59.995],[30.507,59.993],[30.506,59.991],[30.509,59.989],[30.508,59.987],[30.513,59.986],[30.517,59.985],[30.535,59.993],[30.536,59.991],[30.534,59.989],[30.538,59.989],[30.536,59.987],[30.533,59.987],[30.533,59.985],[30.528,59.982],[30.531,59.982],[30.533,59.983],[30.54,59.982],[30.541,59.981],[30.548,59.98],[30.552,59.981],[30.548,59.979],[30.551,59.978],[30.554,59.979],[30.554,59.977],[30.559,59.973],[30.566,59.971],[30.559,59.97],[30.556,59.97],[30.552,59.969],[30.544,59.976],[30.54,59.976],[30.529,59.973],[30.527,59.974],[30.513,59.971],[30.508,59.946]]]}},{"type":"Feature","properties":{"territory_id":2403,"name":"Красное Село","region":"Санкт-Петербург","type":"внутригородская территория города федерального значения","in_panel":true},"geometry":{"type":"MultiPolygon","coordinates":[[[[30.065,59.678],[30.073,59.68],[30.084,59.68],[30.083,59.676],[30.073,59.667],[30.065,59.668],[30.065,59.678]]],[[[30.076,59.748],[30.096,59.757],[30.11,59.763],[30.117,59.762],[30.118,59.76],[30.117,59.757],[30.12,59.747],[30.12,59.746],[30.116,59.741],[30.111,59.739],[30.11,59.739],[30.109,59.736],[30.112,59.736],[30.109,59.731],[30.105,59.73],[30.107,59.729],[30.107,59.725],[30.11,59.724],[30.111,59.717],[30.113,59.713],[30.121,59.708],[30.123,59.709],[30.124,59.707],[30.133,59.707],[30.133,59.705],[30.138,59.7],[30.135,59.7],[30.136,59.697],[30.134,59.695],[30.13,59.694],[30.124,59.692],[30.12,59.692],[30.118,59.694],[30.113,59.694],[30.114,59.695],[30.114,59.697],[30.116,59.699],[30.113,59.699],[30.108,59.7],[30.107,59.699],[30.101,59.699],[30.085,59.711],[30.081,59.716],[30.074,59.716],[30.072,59.717],[30.056,59.713],[30.05,59.717],[30.041,59.715],[30.035,59.718],[30.038,59.721],[30.046,59.72],[30.047,59.725],[30.05,59.728],[30.051,59.73],[30.056,59.734],[30.055,59.735],[30.062,59.741],[30.076,59.748]]]]}},{"type":"Feature","properties":{"territory_id":2404,"name":"Юго-Запад","region":"Санкт-Петербург","type":"внутригородская территория города федерального значения","in_panel":true},"geometry":{"type":"Polygon","coordinates":[[[30.211,59.865],[30.221,59.864],[30.239,59.864],[30.212,59.846],[30.197,59.846],[30.198,59.85],[30.211,59.865]]]}},{"type":"Feature","properties":{"territory_id":2405,"name":"Южно-Приморский","region":"Санкт-Петербург","type":"внутригородская территория города федерального значения","in_panel":true},"geometry":{"type":"Polygon","coordinates":[[[30.176,59.87],[30.18,59.868],[30.181,59.867],[30.185,59.867],[30.186,59.867],[30.195,59.868],[30.2,59.869],[30.211,59.865],[30.198,59.85],[30.197,59.846],[30.166,59.847],[30.13,59.847],[30.125,59.849],[30.126,59.851],[30.125,59.859],[30.118,59.86],[30.118,59.863],[30.132,59.863],[30.133,59.862],[30.14,59.863],[30.148,59.866],[30.156,59.872],[30.163,59.87],[30.166,59.871],[30.171,59.87],[30.176,59.87]]]}},{"type":"Feature","properties":{"territory_id":2406,"name":"Сосновая поляна","region":"Санкт-Петербург","type":"внутригородская территория города федерального значения","in_panel":true},"geometry":{"type":"Polygon","coordinates":[[[30.118,59.863],[30.118,59.86],[30.125,59.859],[30.126,59.851],[30.125,59.849],[30.13,59.847],[30.166,59.847],[30.166,59.843],[30.164,59.841],[30.165,59.84],[30.162,59.836],[30.161,59.834],[30.149,59.835],[30.124,59.835],[30.124,59.829],[30.128,59.827],[30.122,59.827],[30.107,59.83],[30.101,59.836],[30.097,59.837],[30.092,59.836],[30.091,59.853],[30.095,59.854],[30.101,59.853],[30.098,59.855],[30.099,59.864],[30.101,59.864],[30.106,59.863],[30.107,59.864],[30.114,59.862],[30.116,59.863],[30.117,59.859],[30.118,59.863]]]}},{"type":"Feature","properties":{"territory_id":2407,"name":"Урицк","region":"Санкт-Петербург","type":"внутригородская территория города федерального значения","in_panel":true},"geometry":{"type":"Polygon","coordinates":[[[30.171,59.822],[30.169,59.824],[30.166,59.824],[30.165,59.826],[30.163,59.83],[30.164,59.832],[30.161,59.834],[30.162,59.836],[30.165,59.84],[30.164,59.841],[30.166,59.843],[30.166,59.847],[30.197,59.846],[30.212,59.846],[30.208,59.843],[30.193,59.832],[30.184,59.823],[30.177,59.822],[30.171,59.822]]]}},{"type":"Feature","properties":{"territory_id":2408,"name":"Константиновское","region":"Санкт-Петербург","type":"внутригородская территория города федерального значения","in_panel":true},"geometry":{"type":"Polygon","coordinates":[[[30.075,59.815],[30.07,59.838],[30.086,59.835],[30.092,59.836],[30.097,59.837],[30.101,59.836],[30.107,59.83],[30.122,59.827],[30.128,59.827],[30.124,59.829],[30.124,59.835],[30.149,59.835],[30.161,59.834],[30.164,59.832],[30.163,59.83],[30.165,59.826],[30.166,59.824],[30.169,59.824],[30.171,59.822],[30.168,59.821],[30.164,59.818],[30.163,59.814],[30.161,59.811],[30.15,59.801],[30.128,59.809],[30.105,59.817],[30.091,59.815],[30.086,59.816],[30.075,59.815]]]}},{"type":"Feature","properties":{"territory_id":2409,"name":"Горелово","region":"Санкт-Петербург","type":"внутригородская территория города федерального значения","in_panel":true},"geometry":{"type":"Polygon","coordinates":[[[30.117,59.762],[30.11,59.763],[30.096,59.757],[30.076,59.748],[30.071,59.75],[30.064,59.75],[30.062,59.752],[30.068,59.753],[30.067,59.755],[30.072,59.755],[30.07,59.757],[30.062,59.757],[30.06,59.762],[30.056,59.762],[30.056,59.763],[30.044,59.762],[30.043,59.764],[30.045,59.766],[30.056,59.766],[30.078,59.773],[30.085,59.776],[30.084,59.779],[30.091,59.782],[30.097,59.783],[30.099,59.786],[30.098,59.79],[30.099,59.796],[30.106,59.797],[30.105,59.803],[30.123,59.804],[30.128,59.809],[30.15,59.801],[30.161,59.811],[30.163,59.814],[30.164,59.818],[30.168,59.821],[30.171,59.822],[30.177,59.822],[30.184,59.823],[30.198,59.823],[30.203,59.823],[30.222,59.824],[30.232,59.826],[30.254,59.832],[30.269,59.835],[30.248,59.823],[30.24,59.813],[30.237,59.813],[30.228,59.813],[30.224,59.812],[30.224,59.809],[30.222,59.809],[30.219,59.803],[30.218,59.802],[30.211,59.802],[30.2,59.804],[30.199,59.802],[30.2,59.8],[30.211,59.798],[30.201,59.795],[30.189,59.791],[30.18,59.791],[30.178,59.792],[30.18,59.793],[30.177,59.796],[30.159,59.801],[30.156,59.799],[30.15,59.801],[30.13,59.783],[30.133,59.782],[30.138,59.786],[30.14,59.785],[30.154,59.797],[30.16,59.797],[30.163,59.796],[30.159,59.793],[30.159,59.788],[30.154,59.786],[30.155,59.785],[30.147,59.778],[30.149,59.777],[30.146,59.774],[30.153,59.772],[30.142,59.761],[30.122,59.762],[30.117,59.762]]]}},{"type":"Feature","properties":{"territory_id":2410,"name":"Кронштадт","region":"Санкт-Петербург","type":"внутригородская территория города федерального значения","in_panel":true},"geometry":{"type":"MultiPolygon","coordinates":[[[[29.673,59.937],[29.67,59.938],[29.675,59.948],[29.687,59.981],[29.687,59.984],[29.69,59.988],[29.687,59.991],[29.69,59.989],[29.692,59.99],[29.695,59.993],[29.69,59.995],[29.699,59.999],[29.697,60.004],[29.693,60.007],[29.69,60.012],[29.684,60.018],[29.677,60.022],[29.67,60.025],[29.662,60.026],[29.658,60.028],[29.65,60.028],[29.647,60.03],[29.642,60.03],[29.638,60.031],[29.635,60.03],[29.634,60.032],[29.639,60.034],[29.641,60.032],[29.647,60.031],[29.65,60.032],[29.653,60.03],[29.666,60.029],[29.671,60.028],[29.674,60.029],[29.682,60.027],[29.688,60.026],[29.693,60.024],[29.697,60.024],[29.699,60.022],[29.702,60.023],[29.708,60.022],[29.717,60.021],[29.726,60.019],[29.732,60.02],[29.745,60.022],[29.746,60.026],[29.747,60.027],[29.753,60.029],[29.753,60.03],[29.757,60.031],[29.76,60.029],[29.754,60.029],[29.749,60.028],[29.747,60.026],[29.746,60.021],[29.772,60.022],[29.783,60.022],[29.793,60.023],[29.811,60.024],[29.824,60.026],[29.83,60.028],[29.835,60.029],[29.841,60.028],[29.852,60.028],[29.871,60.03],[29.9,60.033],[29.904,60.033],[29.919,60.034],[29.946,60.037],[29.949,60.037],[29.947,60.036],[29.923,60.034],[29.922,60.032],[29.919,60.032],[29.917,60.031],[29.916,60.033],[29.909,60.032],[29.908,60.033],[29.9,60.032],[29.871,60.029],[29.847,60.026],[29.841,60.025],[29.839,60.024],[29.819,60.022],[29.816,60.024],[29.791,60.021],[29.783,60.021],[29.767,60.021],[29.762,60.019],[29.752,60.012],[29.749,60.011],[29.753,60.009],[29.763,60.008],[29.769,60.004],[29.77,60.003],[29.774,60.004],[29.774,60.002],[29.778,60.001],[29.781,59.999],[29.781,59.996],[29.788,59.995],[29.791,59.993],[29.798,59.991],[29.799,59.988],[29.801,59.985],[29.803,59.984],[29.798,59.985],[29.795,59.986],[29.791,59.984],[29.795,59.982],[29.794,59.979],[29.785,59.979],[29.792,59.973],[29.784,59.971],[29.776,59.978],[29.771,59.979],[29.753,59.983],[29.752,59.987],[29.753,59.991],[29.749,59.993],[29.746,59.994],[29.741,59.993],[29.734,59.995],[29.735,59.997],[29.738,59.997],[29.74,59.999],[29.733,60.001],[29.729,60.001],[29.727,60.003],[29.722,60.003],[29.722,60.004],[29.713,60.006],[29.703,59.998],[29.703,59.995],[29.707,59.994],[29.704,59.992],[29.704,59.993],[29.7,59.996],[29.696,59.988],[29.697,59.987],[29.693,59.982],[29.69,59.981],[29.684,59.966],[29.678,59.95],[29.675,59.943],[29.673,59.937]]],[[[29.703,59.948],[29.703,59.95],[29.705,59.951],[29.703,59.948]]],[[[29.704,59.958],[29.706,59.958],[29.705,59.957],[29.704,59.958]]],[[[29.695,59.972],[29.697,59.973],[29.696,59.972],[29.695,59.972]]],[[[29.717,59.974],[29.715,59.975],[29.719,59.975],[29.717,59.974]]],[[[29.752,59.979],[29.745,59.979],[29.746,59.98],[29.749,59.981],[29.752,59.979]]],[[[29.717,59.99],[29.718,59.99],[29.718,59.989],[29.717,59.99]]],[[[29.543,60.042],[29.542,60.042],[29.542,60.043],[29.543,60.042]]],[[[29.732,59.99],[29.736,59.99],[29.735,59.989],[29.732,59.99]]],[[[29.792,60.029],[29.792,60.028],[29.788,60.028],[29.792,60.029]]],[[[29.714,60.057],[29.719,60.06],[29.727,60.061],[29.729,60.06],[29.72,60.059],[29.714,60.057]]],[[[29.845,60.022],[29.847,60.022],[29.85,60.021],[29.848,60.021],[29.845,60.022]]],[[[29.874,60.023],[29.876,60.023],[29.876,60.022],[29.874,60.023]]],[[[29.894,60.027],[29.896,60.028],[29.898,60.027],[29.894,60.027]]],[[[29.845,60.083],[29.845,60.085],[29.849,60.087],[29.845,60.083]]]]}},{"type":"Feature","properties":{"territory_id":2411,"name":"Зеленогорск","region":"Санкт-Петербург","type":"внутригородская территория города федерального значения","in_panel":true},"geometry":{"type":"Polygon","coordinates":[[[29.695,60.235],[29.699,60.233],[29.705,60.23],[29.712,60.227],[29.72,60.226],[29.72,60.228],[29.716,60.231],[29.714,60.233],[29.718,60.234],[29.718,60.235],[29.714,60.237],[29.713,60.24],[29.71,60.24],[29.713,60.241],[29.722,60.242],[29.73,60.24],[29.735,60.24],[29.746,60.242],[29.758,60.243],[29.76,60.237],[29.771,60.233],[29.771,60.23],[29.776,60.226],[29.78,60.225],[29.775,60.22],[29.774,60.216],[29.772,60.214],[29.778,60.213],[29.781,60.211],[29.766,60.193],[29.769,60.192],[29.76,60.181],[29.752,60.183],[29.749,60.182],[29.738,60.184],[29.727,60.186],[29.721,60.187],[29.715,60.186],[29.708,60.187],[29.702,60.187],[29.7,60.187],[29.692,60.188],[29.682,60.189],[29.676,60.19],[29.667,60.19],[29.664,60.189],[29.658,60.191],[29.651,60.19],[29.645,60.191],[29.639,60.191],[29.641,60.195],[29.637,60.196],[29.631,60.212],[29.639,60.213],[29.648,60.21],[29.651,60.21],[29.652,60.212],[29.656,60.214],[29.649,60.216],[29.661,60.228],[29.665,60.228],[29.674,60.237],[29.678,60.237],[29.681,60.238],[29.683,60.24],[29.695,60.24],[29.7,60.245],[29.707,60.244],[29.708,60.24],[29.703,60.237],[29.698,60.237],[29.695,60.235]]]}},{"type":"Feature","properties":{"territory_id":2412,"name":"Сестрорецк","region":"Санкт-Петербург","type":"внутригородская территория города федерального значения","in_panel":true},"geometry":{"type":"Polygon","coordinates":[[[30.051,60.105],[30.053,60.103],[30.052,60.1],[30.061,60.1],[30.066,60.1],[30.073,60.097],[30.071,60.096],[30.074,60.094],[30.077,60.09],[30.087,60.087],[30.095,60.085],[30.103,60.081],[30.112,60.073],[30.116,60.072],[30.119,60.07],[30.133,60.073],[30.135,60.071],[30.138,60.066],[30.136,60.064],[30.136,60.06],[30.126,60.057],[30.126,60.056],[30.136,60.058],[30.135,60.054],[30.131,60.051],[30.134,60.049],[30.134,60.047],[30.142,60.045],[30.139,60.043],[30.139,60.041],[30.141,60.04],[30.144,60.036],[30.146,60.035],[30.12,60.034],[30.079,60.027],[30.08,60.017],[30.081,60.016],[30.08,60.005],[30.077,60.003],[30.072,60.003],[30.06,60.004],[30.054,60.005],[30.042,60.007],[30.046,60.011],[30.026,60.016],[30.027,60.018],[30.022,60.019],[30.021,60.018],[30.011,60.02],[30.007,60.025],[30.003,60.027],[29.982,60.035],[29.978,60.038],[29.976,60.044],[29.971,60.043],[29.965,60.045],[29.962,60.041],[29.954,60.039],[29.952,60.039],[29.947,60.042],[29.939,60.05],[29.939,60.051],[29.937,60.057],[29.938,60.06],[29.939,60.065],[29.94,60.065],[29.945,60.065],[29.951,60.063],[29.958,60.061],[29.963,60.058],[29.961,60.061],[29.957,60.063],[29.953,60.064],[29.948,60.066],[29.938,60.068],[29.938,60.07],[29.947,60.071],[29.941,60.072],[29.939,60.073],[29.932,60.078],[29.93,60.082],[29.931,60.084],[29.93,60.086],[29.932,60.088],[29.924,60.087],[29.919,60.089],[29.922,60.091],[29.933,60.092],[29.939,60.095],[29.944,60.099],[29.946,60.102],[29.946,60.106],[29.945,60.111],[29.943,60.118],[29.935,60.133],[29.945,60.133],[29.946,60.132],[29.949,60.133],[29.949,60.135],[29.953,60.138],[29.958,60.142],[29.967,60.14],[29.977,60.138],[29.984,60.136],[29.99,60.133],[29.991,60.131],[29.987,60.129],[29.99,60.128],[29.988,60.128],[29.986,60.124],[29.98,60.121],[29.978,60.119],[29.983,60.118],[29.98,60.113],[29.98,60.111],[29.985,60.107],[29.986,60.108],[29.99,60.109],[29.991,60.108],[29.997,60.108],[30.004,60.102],[30.007,60.099],[30.011,60.097],[30.019,60.096],[30.02,60.097],[30.027,60.097],[30.033,60.094],[30.039,60.094],[30.046,60.1],[30.049,60.104],[30.051,60.105]]]}},{"type":"Feature","properties":{"territory_id":2416,"name":"Песочный","region":"Санкт-Петербург","type":"внутригородская территория города федерального значения","in_panel":true},"geometry":{"type":"Polygon","coordinates":[[[30.195,60.117],[30.187,60.117],[30.178,60.119],[30.173,60.113],[30.139,60.12],[30.138,60.119],[30.138,60.115],[30.139,60.114],[30.134,60.112],[30.127,60.114],[30.124,60.114],[30.12,60.113],[30.114,60.114],[30.11,60.113],[30.107,60.111],[30.109,60.11],[30.109,60.107],[30.106,60.106],[30.1,60.106],[30.097,60.107],[30.095,60.107],[30.089,60.108],[30.085,60.104],[30.073,60.097],[30.066,60.1],[30.061,60.1],[30.052,60.1],[30.053,60.103],[30.051,60.105],[30.05,60.106],[30.053,60.108],[30.053,60.109],[30.055,60.112],[30.059,60.113],[30.063,60.116],[30.067,60.117],[30.073,60.119],[30.067,60.121],[30.068,60.136],[30.132,60.135],[30.147,60.134],[30.161,60.13],[30.165,60.13],[30.166,60.132],[30.172,60.133],[30.174,60.136],[30.177,60.136],[30.173,60.133],[30.173,60.13],[30.172,60.129],[30.175,60.129],[30.183,60.129],[30.184,60.127],[30.193,60.128],[30.195,60.122],[30.191,60.12],[30.189,60.118],[30.195,60.118],[30.195,60.117]]]}},{"type":"Feature","properties":{"territory_id":2422,"name":"Ломоносов","region":"Санкт-Петербург","type":"внутригородская территория города федерального значения","in_panel":true},"geometry":{"type":"Polygon","coordinates":[[[29.67,59.938],[29.673,59.937],[29.672,59.935],[29.685,59.935],[29.685,59.937],[29.706,59.937],[29.705,59.934],[29.714,59.934],[29.716,59.935],[29.72,59.934],[29.729,59.935],[29.737,59.935],[29.747,59.933],[29.747,59.932],[29.753,59.93],[29.756,59.929],[29.758,59.93],[29.764,59.929],[29.767,59.928],[29.779,59.931],[29.782,59.929],[29.779,59.924],[29.775,59.922],[29.777,59.921],[29.772,59.919],[29.779,59.922],[29.779,59.92],[29.781,59.918],[29.781,59.916],[29.784,59.915],[29.787,59.916],[29.794,59.915],[29.797,59.914],[29.799,59.911],[29.808,59.909],[29.811,59.909],[29.813,59.908],[29.817,59.907],[29.82,59.906],[29.823,59.906],[29.823,59.905],[29.837,59.902],[29.838,59.901],[29.831,59.894],[29.827,59.888],[29.83,59.887],[29.829,59.886],[29.808,59.888],[29.794,59.873],[29.787,59.866],[29.771,59.872],[29.764,59.869],[29.75,59.869],[29.75,59.872],[29.737,59.872],[29.735,59.871],[29.733,59.872],[29.725,59.871],[29.716,59.874],[29.714,59.887],[29.715,59.889],[29.727,59.894],[29.722,59.902],[29.71,59.906],[29.707,59.905],[29.706,59.907],[29.694,59.91],[29.676,59.913],[29.669,59.914],[29.66,59.915],[29.656,59.917],[29.661,59.925],[29.66,59.927],[29.651,59.928],[29.648,59.928],[29.648,59.93],[29.652,59.931],[29.669,59.935],[29.67,59.938]]]}},{"type":"Feature","properties":{"territory_id":2423,"name":"Московская застава","region":"Санкт-Петербург","type":"внутригородская территория города федерального значения","in_panel":true},"geometry":{"type":"Polygon","coordinates":[[[30.314,59.872],[30.313,59.876],[30.298,59.876],[30.298,59.875],[30.293,59.875],[30.294,59.878],[30.296,59.88],[30.3,59.881],[30.3,59.883],[30.294,59.883],[30.295,59.886],[30.298,59.889],[30.299,59.894],[30.298,59.896],[30.319,59.896],[30.318,59.909],[30.322,59.909],[30.333,59.913],[30.334,59.912],[30.335,59.909],[30.338,59.905],[30.345,59.892],[30.345,59.886],[30.348,59.882],[30.35,59.878],[30.336,59.876],[30.337,59.858],[30.321,59.858],[30.32,59.872],[30.314,59.872]]]}},{"type":"Feature","properties":{"territory_id":2424,"name":"Гагаринское","region":"Санкт-Петербург","type":"внутригородская территория города федерального значения","in_panel":true},"geometry":{"type":"Polygon","coordinates":[[[30.37,59.817],[30.345,59.831],[30.361,59.832],[30.357,59.843],[30.346,59.843],[30.338,59.844],[30.337,59.858],[30.336,59.876],[30.35,59.878],[30.354,59.874],[30.364,59.854],[30.371,59.84],[30.374,59.834],[30.382,59.819],[30.374,59.817],[30.37,59.817]]]}},{"type":"Feature","properties":{"territory_id":2425,"name":"Новоизмайловское","region":"Санкт-Петербург","type":"внутригородская территория города федерального значения","in_panel":true},"geometry":{"type":"Polygon","coordinates":[[[30.285,59.845],[30.289,59.851],[30.292,59.853],[30.293,59.858],[30.29,59.86],[30.292,59.87],[30.293,59.875],[30.298,59.875],[30.298,59.876],[30.313,59.876],[30.314,59.872],[30.315,59.848],[30.315,59.841],[30.311,59.841],[30.311,59.832],[30.312,59.828],[30.298,59.828],[30.295,59.831],[30.288,59.837],[30.285,59.84],[30.286,59.844],[30.285,59.845]]]}},{"type":"Feature","properties":{"territory_id":2426,"name":"Пулковский меридиан","region":"Санкт-Петербург","type":"внутригородская территория города федерального значения","in_panel":true},"geometry":{"type":"Polygon","coordinates":[[[30.211,59.798],[30.2,59.8],[30.199,59.802],[30.2,59.804],[30.211,59.802],[30.218,59.802],[30.219,59.803],[30.222,59.809],[30.224,59.809],[30.224,59.812],[30.228,59.813],[30.237,59.813],[30.24,59.813],[30.248,59.823],[30.269,59.835],[30.27,59.836],[30.281,59.843],[30.285,59.845],[30.286,59.844],[30.285,59.84],[30.288,59.837],[30.295,59.831],[30.298,59.828],[30.312,59.828],[30.311,59.832],[30.311,59.841],[30.315,59.841],[30.315,59.848],[30.314,59.872],[30.32,59.872],[30.321,59.858],[30.322,59.844],[30.322,59.842],[30.324,59.804],[30.325,59.804],[30.325,59.798],[30.327,59.796],[30.328,59.794],[30.325,59.791],[30.326,59.777],[30.333,59.772],[30.339,59.77],[30.338,59.768],[30.335,59.769],[30.332,59.762],[30.33,59.763],[30.31,59.744],[30.301,59.747],[30.259,59.763],[30.264,59.771],[30.271,59.774],[30.269,59.775],[30.274,59.778],[30.271,59.779],[30.284,59.788],[30.221,59.797],[30.211,59.798]]]}},{"type":"Feature","properties":{"territory_id":2427,"name":"Звездное","region":"Санкт-Петербург","type":"внутригородская территория города федерального значения","in_panel":true},"geometry":{"type":"Polygon","coordinates":[[[30.321,59.858],[30.337,59.858],[30.338,59.844],[30.346,59.843],[30.357,59.843],[30.361,59.832],[30.345,59.831],[30.37,59.817],[30.363,59.816],[30.363,59.815],[30.353,59.814],[30.346,59.812],[30.341,59.809],[30.338,59.808],[30.336,59.807],[30.33,59.805],[30.326,59.805],[30.325,59.804],[30.324,59.804],[30.322,59.842],[30.322,59.844],[30.321,59.858]]]}},{"type":"Feature","properties":{"territory_id":2428,"name":"Невская застава","region":"Санкт-Петербург","type":"внутригородская территория города федерального значения","in_panel":true},"geometry":{"type":"Polygon","coordinates":[[[30.444,59.892],[30.44,59.892],[30.415,59.887],[30.412,59.888],[30.403,59.886],[30.401,59.887],[30.399,59.886],[30.395,59.889],[30.392,59.893],[30.375,59.905],[30.367,59.91],[30.363,59.914],[30.373,59.915],[30.392,59.918],[30.402,59.921],[30.409,59.915],[30.413,59.913],[30.425,59.907],[30.434,59.903],[30.441,59.897],[30.444,59.892]]]}},{"type":"Feature","properties":{"territory_id":2429,"name":"Ивановский","region":"Санкт-Петербург","type":"внутригородская территория города федерального значения","in_panel":true},"geometry":{"type":"Polygon","coordinates":[[[30.454,59.877],[30.448,59.876],[30.45,59.873],[30.439,59.871],[30.434,59.869],[30.445,59.858],[30.448,59.857],[30.446,59.854],[30.436,59.86],[30.425,59.867],[30.421,59.869],[30.409,59.878],[30.405,59.881],[30.399,59.886],[30.401,59.887],[30.403,59.886],[30.412,59.888],[30.415,59.887],[30.44,59.892],[30.444,59.892],[30.447,59.884],[30.454,59.877]]]}},{"type":"Feature","properties":{"territory_id":2430,"name":"Обуховский","region":"Санкт-Петербург","type":"внутригородская территория города федерального значения","in_panel":true},"geometry":{"type":"Polygon","coordinates":[[[30.475,59.869],[30.471,59.865],[30.475,59.863],[30.479,59.86],[30.481,59.854],[30.479,59.854],[30.461,59.849],[30.458,59.849],[30.457,59.847],[30.46,59.846],[30.459,59.845],[30.456,59.848],[30.446,59.854],[30.448,59.857],[30.445,59.858],[30.434,59.869],[30.439,59.871],[30.45,59.873],[30.448,59.876],[30.454,59.877],[30.459,59.872],[30.466,59.87],[30.475,59.869]]]}},{"type":"Feature","properties":{"territory_id":2431,"name":"Рыбацкое","region":"Санкт-Петербург","type":"внутригородская территория города федерального значения","in_panel":true},"geometry":{"type":"Polygon","coordinates":[[[30.567,59.824],[30.565,59.822],[30.56,59.822],[30.563,59.821],[30.559,59.819],[30.554,59.821],[30.552,59.82],[30.555,59.817],[30.548,59.813],[30.547,59.814],[30.532,59.819],[30.52,59.824],[30.521,59.821],[30.519,59.818],[30.512,59.814],[30.508,59.813],[30.509,59.811],[30.512,59.808],[30.5,59.816],[30.475,59.834],[30.459,59.845],[30.46,59.846],[30.457,59.847],[30.458,59.849],[30.461,59.849],[30.479,59.854],[30.481,59.854],[30.479,59.86],[30.475,59.863],[30.471,59.865],[30.475,59.869],[30.482,59.867],[30.49,59.862],[30.493,59.859],[30.493,59.858],[30.492,59.85],[30.493,59.847],[30.496,59.846],[30.506,59.844],[30.514,59.842],[30.523,59.837],[30.533,59.834],[30.541,59.834],[30.552,59.836],[30.556,59.837],[30.56,59.836],[30.563,59.834],[30.561,59.828],[30.563,59.825],[30.567,59.824]]]}},{"type":"Feature","properties":{"territory_id":2432,"name":"Народный","region":"Санкт-Петербург","type":"внутригородская территория города федерального значения","in_panel":true},"geometry":{"type":"Polygon","coordinates":[[[30.493,59.858],[30.493,59.859],[30.49,59.862],[30.482,59.867],[30.475,59.869],[30.466,59.87],[30.459,59.872],[30.454,59.877],[30.447,59.884],[30.444,59.892],[30.447,59.893],[30.462,59.894],[30.464,59.89],[30.477,59.893],[30.481,59.893],[30.496,59.892],[30.5,59.889],[30.501,59.886],[30.512,59.873],[30.52,59.863],[30.509,59.861],[30.508,59.86],[30.497,59.859],[30.493,59.858]]]}},{"type":"Feature","properties":{"territory_id":2433,"name":"№ 54","region":"Санкт-Петербург","type":"внутригородская территория города федерального значения","in_panel":true},"geometry":{"type":"Polygon","coordinates":[[[30.496,59.892],[30.481,59.893],[30.477,59.893],[30.464,59.89],[30.462,59.894],[30.447,59.893],[30.444,59.892],[30.441,59.897],[30.459,59.901],[30.483,59.907],[30.5,59.911],[30.496,59.892]]]}},{"type":"Feature","properties":{"territory_id":2434,"name":"Невский","region":"Санкт-Петербург","type":"внутригородская территория города федерального значения","in_panel":true},"geometry":{"type":"Polygon","coordinates":[[[30.47,59.92],[30.483,59.907],[30.459,59.901],[30.441,59.897],[30.434,59.903],[30.425,59.907],[30.413,59.913],[30.409,59.915],[30.424,59.919],[30.425,59.918],[30.439,59.912],[30.47,59.92]]]}},{"type":"Feature","properties":{"territory_id":2435,"name":"Оккервиль","region":"Санкт-Петербург","type":"внутригородская территория города федерального значения","in_panel":true},"geometry":{"type":"Polygon","coordinates":[[[30.5,59.911],[30.483,59.907],[30.47,59.92],[30.501,59.927],[30.503,59.925],[30.5,59.911]]]}},{"type":"Feature","properties":{"territory_id":2436,"name":"Правобережный","region":"Санкт-Петербург","type":"внутригородская территория города федерального значения","in_panel":true},"geometry":{"type":"Polygon","coordinates":[[[30.503,59.925],[30.501,59.927],[30.47,59.92],[30.439,59.912],[30.425,59.918],[30.424,59.919],[30.429,59.922],[30.434,59.926],[30.443,59.932],[30.448,59.936],[30.453,59.937],[30.463,59.935],[30.496,59.933],[30.501,59.934],[30.506,59.936],[30.503,59.925]]]}},{"type":"Feature","properties":{"territory_id":2437,"name":"Павловск","region":"Санкт-Петербург","type":"внутригородская территория города федерального значения","in_panel":true},"geometry":{"type":"Polygon","coordinates":[[[30.326,59.657],[30.326,59.67],[30.332,59.671],[30.336,59.67],[30.357,59.677],[30.362,59.679],[30.363,59.675],[30.372,59.675],[30.377,59.677],[30.405,59.676],[30.409,59.676],[30.416,59.677],[30.415,59.679],[30.417,59.683],[30.419,59.686],[30.421,59.686],[30.429,59.692],[30.437,59.696],[30.438,59.696],[30.441,59.698],[30.447,59.699],[30.453,59.699],[30.456,59.698],[30.463,59.701],[30.464,59.702],[30.462,59.706],[30.464,59.706],[30.466,59.707],[30.479,59.707],[30.491,59.697],[30.488,59.689],[30.486,59.685],[30.477,59.681],[30.478,59.678],[30.481,59.678],[30.487,59.679],[30.487,59.678],[30.491,59.678],[30.491,59.674],[30.49,59.67],[30.502,59.67],[30.503,59.659],[30.506,59.646],[30.498,59.645],[30.489,59.643],[30.489,59.642],[30.485,59.641],[30.485,59.639],[30.479,59.638],[30.475,59.64],[30.472,59.64],[30.468,59.639],[30.436,59.663],[30.424,59.663],[30.422,59.657],[30.415,59.653],[30.413,59.651],[30.406,59.649],[30.403,59.651],[30.401,59.65],[30.395,59.652],[30.386,59.647],[30.38,59.65],[30.367,59.65],[30.358,59.653],[30.352,59.656],[30.352,59.658],[30.345,59.658],[30.326,59.657]]]}},{"type":"Feature","properties":{"territory_id":2439,"name":"Введенский","region":"Санкт-Петербург","type":"внутригородская территория города федерального значения","in_panel":true},"geometry":{"type":"Polygon","coordinates":[[[30.292,59.947],[30.286,59.949],[30.29,59.952],[30.299,59.958],[30.301,59.957],[30.305,59.958],[30.309,59.955],[30.306,59.952],[30.31,59.946],[30.294,59.947],[30.292,59.947]]]}},{"type":"Feature","properties":{"territory_id":2440,"name":"Кронверкское","region":"Санкт-Петербург","type":"внутригородская территория города федерального значения","in_panel":true},"geometry":{"type":"Polygon","coordinates":[[[30.31,59.946],[30.306,59.952],[30.309,59.955],[30.305,59.958],[30.301,59.957],[30.299,59.958],[30.306,59.962],[30.312,59.966],[30.315,59.963],[30.324,59.953],[30.328,59.949],[30.317,59.946],[30.31,59.946]]]}},{"type":"Feature","properties":{"territory_id":2441,"name":"Посадский","region":"Санкт-Петербург","type":"внутригородская территория города федерального значения","in_panel":true},"geometry":{"type":"Polygon","coordinates":[[[30.328,59.949],[30.324,59.953],[30.315,59.963],[30.324,59.965],[30.335,59.967],[30.336,59.966],[30.338,59.957],[30.339,59.955],[30.345,59.952],[30.335,59.95],[30.328,59.949]]]}},{"type":"Feature","properties":{"territory_id":2442,"name":"Аптекарский остров","region":"Санкт-Петербург","type":"внутригородская территория города федерального значения","in_panel":true},"geometry":{"type":"Polygon","coordinates":[[[30.297,59.965],[30.304,59.969],[30.308,59.97],[30.301,59.977],[30.307,59.979],[30.313,59.98],[30.322,59.978],[30.324,59.977],[30.331,59.973],[30.335,59.967],[30.324,59.965],[30.315,59.963],[30.312,59.966],[30.306,59.962],[30.297,59.965]]]}},{"type":"Feature","properties":{"territory_id":2443,"name":"Петровский","region":"Санкт-Петербург","type":"внутригородская территория города федерального значения","in_panel":true},"geometry":{"type":"Polygon","coordinates":[[[30.237,59.967],[30.256,59.964],[30.274,59.965],[30.277,59.963],[30.272,59.961],[30.276,59.959],[30.279,59.957],[30.281,59.955],[30.286,59.954],[30.29,59.956],[30.286,59.958],[30.289,59.959],[30.297,59.965],[30.306,59.962],[30.299,59.958],[30.29,59.952],[30.286,59.949],[30.278,59.952],[30.268,59.955],[30.264,59.957],[30.255,59.958],[30.234,59.962],[30.236,59.964],[30.235,59.965],[30.237,59.967]]]}},{"type":"Feature","properties":{"territory_id":2444,"name":"Чкаловское","region":"Санкт-Петербург","type":"внутригородская территория города федерального значения","in_panel":true},"geometry":{"type":"Polygon","coordinates":[[[30.227,59.979],[30.231,59.979],[30.237,59.981],[30.246,59.982],[30.256,59.982],[30.264,59.983],[30.273,59.981],[30.29,59.983],[30.3,59.983],[30.313,59.98],[30.307,59.979],[30.301,59.977],[30.308,59.97],[30.304,59.969],[30.297,59.965],[30.289,59.959],[30.286,59.958],[30.29,59.956],[30.286,59.954],[30.281,59.955],[30.279,59.957],[30.276,59.959],[30.272,59.961],[30.277,59.963],[30.274,59.965],[30.256,59.964],[30.237,59.967],[30.225,59.968],[30.225,59.969],[30.218,59.97],[30.214,59.969],[30.21,59.971],[30.21,59.974],[30.212,59.976],[30.216,59.977],[30.224,59.977],[30.227,59.979]]]}},{"type":"Feature","properties":{"territory_id":2445,"name":"Петергоф","region":"Санкт-Петербург","type":"внутригородская территория города федерального значения","in_panel":true},"geometry":{"type":"Polygon","coordinates":[[[29.787,59.866],[29.794,59.873],[29.808,59.888],[29.829,59.886],[29.83,59.887],[29.827,59.888],[29.831,59.894],[29.838,59.901],[29.842,59.902],[29.844,59.901],[29.849,59.901],[29.852,59.902],[29.855,59.901],[29.855,59.899],[29.859,59.9],[29.875,59.898],[29.875,59.896],[29.88,59.894],[29.884,59.893],[29.892,59.893],[29.895,59.89],[29.905,59.889],[29.911,59.889],[29.911,59.891],[29.914,59.89],[29.911,59.888],[29.913,59.888],[29.92,59.887],[29.921,59.886],[29.937,59.885],[29.941,59.886],[29.946,59.885],[29.952,59.885],[29.953,59.884],[29.956,59.884],[29.959,59.883],[29.968,59.882],[29.968,59.88],[29.974,59.88],[29.979,59.877],[29.981,59.876],[29.988,59.873],[30.003,59.866],[30.006,59.866],[30.009,59.865],[30.006,59.858],[30.007,59.858],[30.005,59.852],[29.996,59.854],[29.991,59.844],[29.984,59.843],[29.986,59.84],[29.993,59.841],[29.996,59.84],[29.998,59.838],[29.995,59.837],[29.993,59.834],[29.988,59.834],[29.978,59.835],[29.978,59.834],[29.944,59.829],[29.941,59.831],[29.937,59.831],[29.945,59.845],[29.925,59.848],[29.925,59.849],[29.91,59.851],[29.909,59.849],[29.902,59.85],[29.904,59.854],[29.896,59.855],[29.893,59.854],[29.886,59.843],[29.881,59.844],[29.881,59.846],[29.876,59.848],[29.879,59.849],[29.88,59.852],[29.874,59.857],[29.874,59.859],[29.871,59.859],[29.872,59.856],[29.868,59.854],[29.863,59.855],[29.862,59.858],[29.86,59.858],[29.858,59.861],[29.859,59.862],[29.837,59.868],[29.835,59.868],[29.835,59.866],[29.831,59.866],[29.826,59.867],[29.823,59.869],[29.8,59.859],[29.787,59.866]]]}},{"type":"Feature","properties":{"territory_id":2446,"name":"Стрельна","region":"Санкт-Петербург","type":"внутригородская территория города федерального значения","in_panel":true},"geometry":{"type":"Polygon","coordinates":[[[29.993,59.834],[29.995,59.837],[29.998,59.838],[29.996,59.84],[29.993,59.841],[29.986,59.84],[29.984,59.843],[29.991,59.844],[29.996,59.854],[30.005,59.852],[30.007,59.858],[30.006,59.858],[30.009,59.865],[30.013,59.865],[30.014,59.866],[30.017,59.864],[30.023,59.862],[30.023,59.861],[30.029,59.861],[30.034,59.861],[30.045,59.863],[30.045,59.86],[30.047,59.862],[30.054,59.861],[30.058,59.862],[30.062,59.861],[30.069,59.862],[30.072,59.863],[30.084,59.862],[30.09,59.864],[30.099,59.864],[30.098,59.855],[30.101,59.853],[30.095,59.854],[30.091,59.853],[30.092,59.836],[30.086,59.835],[30.07,59.838],[30.075,59.815],[30.067,59.816],[30.058,59.817],[30.054,59.817],[30.047,59.818],[30.045,59.819],[30.039,59.822],[30.039,59.824],[30.041,59.824],[30.039,59.827],[30.039,59.831],[30.043,59.833],[30.042,59.834],[30.044,59.837],[30.031,59.838],[30.028,59.837],[30.02,59.833],[30.019,59.836],[30.015,59.835],[30.012,59.836],[30.003,59.837],[29.996,59.835],[29.993,59.834]]]}},{"type":"Feature","properties":{"territory_id":2447,"name":"Пушкин","region":"Санкт-Петербург","type":"внутригородская территория города федерального значения","in_panel":true},"geometry":{"type":"Polygon","coordinates":[[[30.301,59.747],[30.31,59.744],[30.323,59.74],[30.326,59.739],[30.322,59.734],[30.316,59.736],[30.312,59.731],[30.32,59.729],[30.321,59.725],[30.328,59.724],[30.331,59.726],[30.354,59.72],[30.355,59.728],[30.366,59.73],[30.365,59.73],[30.375,59.732],[30.375,59.733],[30.366,59.732],[30.363,59.735],[30.359,59.735],[30.355,59.735],[30.357,59.738],[30.354,59.739],[30.352,59.737],[30.35,59.738],[30.359,59.743],[30.378,59.75],[30.381,59.752],[30.383,59.755],[30.383,59.76],[30.396,59.761],[30.41,59.762],[30.414,59.754],[30.421,59.741],[30.43,59.743],[30.434,59.735],[30.462,59.744],[30.463,59.742],[30.459,59.741],[30.459,59.739],[30.454,59.738],[30.457,59.727],[30.458,59.724],[30.455,59.723],[30.457,59.719],[30.45,59.719],[30.45,59.714],[30.447,59.714],[30.438,59.714],[30.437,59.716],[30.433,59.715],[30.438,59.705],[30.438,59.699],[30.437,59.696],[30.429,59.692],[30.421,59.686],[30.419,59.686],[30.417,59.683],[30.415,59.679],[30.416,59.677],[30.409,59.676],[30.405,59.676],[30.377,59.677],[30.372,59.675],[30.363,59.675],[30.362,59.679],[30.357,59.677],[30.336,59.67],[30.332,59.671],[30.326,59.67],[30.326,59.657],[30.307,59.662],[30.301,59.658],[30.254,59.634],[30.243,59.639],[30.253,59.644],[30.262,59.649],[30.253,59.653],[30.245,59.653],[30.242,59.658],[30.243,59.661],[30.239,59.662],[30.243,59.666],[30.25,59.671],[30.242,59.671],[30.235,59.673],[30.23,59.673],[30.228,59.669],[30.223,59.671],[30.218,59.673],[30.22,59.674],[30.229,59.684],[30.236,59.686],[30.232,59.689],[30.237,59.692],[30.236,59.693],[30.241,59.695],[30.24,59.695],[30.248,59.699],[30.256,59.702],[30.259,59.705],[30.26,59.708],[30.262,59.709],[30.267,59.714],[30.27,59.717],[30.276,59.715],[30.279,59.719],[30.271,59.721],[30.273,59.723],[30.284,59.729],[30.28,59.739],[30.292,59.736],[30.294,59.741],[30.301,59.747]]]}},{"type":"Feature","properties":{"territory_id":2448,"name":"Александровская","region":"Санкт-Петербург","type":"внутригородская территория города федерального значения","in_panel":false},"geometry":{"type":"Polygon","coordinates":[[[30.323,59.74],[30.326,59.739],[30.322,59.734],[30.316,59.736],[30.312,59.731],[30.32,59.729],[30.321,59.725],[30.328,59.724],[30.331,59.726],[30.354,59.72],[30.355,59.728],[30.366,59.73],[30.365,59.73],[30.375,59.732],[30.375,59.733],[30.366,59.732],[30.363,59.735],[30.359,59.735],[30.355,59.735],[30.357,59.738],[30.354,59.739],[30.352,59.737],[30.35,59.738],[30.359,59.743],[30.356,59.742],[30.352,59.744],[30.334,59.744],[30.323,59.74]]]}},{"type":"Feature","properties":{"territory_id":2449,"name":"Шушары","region":"Санкт-Петербург","type":"внутригородская территория города федерального значения","in_panel":true},"geometry":{"type":"Polygon","coordinates":[[[30.488,59.689],[30.491,59.697],[30.479,59.707],[30.466,59.707],[30.464,59.706],[30.465,59.71],[30.469,59.711],[30.468,59.713],[30.461,59.715],[30.456,59.713],[30.447,59.713],[30.447,59.714],[30.45,59.714],[30.45,59.719],[30.457,59.719],[30.455,59.723],[30.458,59.724],[30.457,59.727],[30.454,59.738],[30.459,59.739],[30.459,59.741],[30.463,59.742],[30.462,59.744],[30.434,59.735],[30.43,59.743],[30.421,59.741],[30.414,59.754],[30.41,59.762],[30.396,59.761],[30.383,59.76],[30.383,59.755],[30.381,59.752],[30.378,59.75],[30.359,59.743],[30.356,59.742],[30.352,59.744],[30.334,59.744],[30.323,59.74],[30.31,59.744],[30.33,59.763],[30.332,59.762],[30.335,59.769],[30.338,59.768],[30.339,59.77],[30.333,59.772],[30.326,59.777],[30.325,59.791],[30.328,59.794],[30.327,59.796],[30.325,59.798],[30.325,59.804],[30.326,59.805],[30.33,59.805],[30.336,59.807],[30.338,59.808],[30.341,59.809],[30.346,59.812],[30.353,59.814],[30.363,59.815],[30.363,59.816],[30.37,59.817],[30.374,59.817],[30.382,59.819],[30.383,59.817],[30.403,59.819],[30.406,59.819],[30.432,59.825],[30.435,59.826],[30.44,59.829],[30.441,59.829],[30.439,59.828],[30.443,59.828],[30.444,59.824],[30.449,59.825],[30.454,59.818],[30.45,59.818],[30.462,59.811],[30.456,59.809],[30.458,59.803],[30.479,59.793],[30.484,59.792],[30.486,59.793],[30.49,59.792],[30.493,59.791],[30.502,59.788],[30.509,59.784],[30.51,59.785],[30.517,59.784],[30.517,59.782],[30.519,59.783],[30.52,59.78],[30.516,59.778],[30.519,59.777],[30.517,59.776],[30.513,59.777],[30.512,59.774],[30.514,59.772],[30.511,59.771],[30.513,59.769],[30.511,59.769],[30.51,59.765],[30.507,59.763],[30.51,59.76],[30.508,59.758],[30.51,59.757],[30.521,59.754],[30.524,59.753],[30.523,59.748],[30.557,59.75],[30.558,59.744],[30.557,59.741],[30.555,59.74],[30.555,59.737],[30.567,59.731],[30.576,59.73],[30.564,59.705],[30.531,59.707],[30.53,59.705],[30.524,59.704],[30.524,59.7],[30.522,59.699],[30.52,59.696],[30.522,59.696],[30.523,59.694],[30.521,59.691],[30.488,59.689]]]}},{"type":"Feature","properties":{"territory_id":2450,"name":"Волковское","region":"Санкт-Петербург","type":"внутригородская территория города федерального значения","in_panel":true},"geometry":{"type":"Polygon","coordinates":[[[30.333,59.913],[30.34,59.916],[30.346,59.916],[30.351,59.915],[30.358,59.914],[30.363,59.914],[30.367,59.91],[30.375,59.905],[30.392,59.893],[30.395,59.889],[30.399,59.886],[30.405,59.881],[30.4,59.879],[30.38,59.871],[30.371,59.868],[30.365,59.876],[30.354,59.874],[30.35,59.878],[30.348,59.882],[30.345,59.886],[30.345,59.892],[30.338,59.905],[30.335,59.909],[30.334,59.912],[30.333,59.913]]]}},{"type":"Feature","properties":{"territory_id":2451,"name":"№ 72","region":"Санкт-Петербург","type":"внутригородская территория города федерального значения","in_panel":true},"geometry":{"type":"Polygon","coordinates":[[[30.425,59.867],[30.414,59.863],[30.407,59.859],[30.396,59.855],[30.392,59.859],[30.38,59.871],[30.4,59.879],[30.405,59.881],[30.409,59.878],[30.421,59.869],[30.425,59.867]]]}},{"type":"Feature","properties":{"territory_id":2452,"name":"Купчино","region":"Санкт-Петербург","type":"внутригородская территория города федерального значения","in_panel":true},"geometry":{"type":"Polygon","coordinates":[[[30.354,59.874],[30.365,59.876],[30.371,59.868],[30.38,59.871],[30.392,59.859],[30.386,59.858],[30.376,59.856],[30.364,59.854],[30.354,59.874]]]}},{"type":"Feature","properties":{"territory_id":2453,"name":"Георгиевский","region":"Санкт-Петербург","type":"внутригородская территория города федерального значения","in_panel":true},"geometry":{"type":"Polygon","coordinates":[[[30.41,59.842],[30.382,59.835],[30.374,59.834],[30.371,59.84],[30.364,59.854],[30.376,59.856],[30.386,59.858],[30.392,59.859],[30.396,59.855],[30.41,59.842]]]}},{"type":"Feature","properties":{"territory_id":2454,"name":"№ 75","region":"Санкт-Петербург","type":"внутригородская территория города федерального значения","in_panel":true},"geometry":{"type":"Polygon","coordinates":[[[30.475,59.834],[30.456,59.832],[30.441,59.829],[30.44,59.829],[30.425,59.827],[30.41,59.842],[30.396,59.855],[30.407,59.859],[30.414,59.863],[30.425,59.867],[30.436,59.86],[30.446,59.854],[30.456,59.848],[30.459,59.845],[30.475,59.834]]]}},{"type":"Feature","properties":{"territory_id":2455,"name":"Балканский","region":"Санкт-Петербург","type":"внутригородская территория города федерального значения","in_panel":true},"geometry":{"type":"Polygon","coordinates":[[[30.382,59.819],[30.374,59.834],[30.382,59.835],[30.41,59.842],[30.425,59.827],[30.44,59.829],[30.435,59.826],[30.432,59.825],[30.406,59.819],[30.403,59.819],[30.383,59.817],[30.382,59.819]]]}},{"type":"Feature","properties":{"territory_id":2456,"name":"Дворцовый","region":"Санкт-Петербург","type":"внутригородская территория города федерального значения","in_panel":true},"geometry":{"type":"Polygon","coordinates":[[[30.317,59.946],[30.328,59.949],[30.335,59.95],[30.337,59.946],[30.339,59.942],[30.343,59.938],[30.344,59.935],[30.343,59.933],[30.313,59.937],[30.312,59.937],[30.312,59.938],[30.308,59.941],[30.317,59.946]]]}},{"type":"Feature","properties":{"territory_id":2457,"name":"№ 78","region":"Санкт-Петербург","type":"внутригородская территория города федерального значения","in_panel":true},"geometry":{"type":"Polygon","coordinates":[[[30.312,59.937],[30.313,59.937],[30.343,59.933],[30.339,59.93],[30.33,59.926],[30.327,59.925],[30.315,59.933],[30.31,59.936],[30.312,59.937]]]}},{"type":"Feature","properties":{"territory_id":2458,"name":"Литейный","region":"Санкт-Петербург","type":"внутригородская территория города федерального значения","in_panel":true},"geometry":{"type":"Polygon","coordinates":[[[30.335,59.95],[30.345,59.952],[30.35,59.952],[30.36,59.951],[30.359,59.944],[30.361,59.944],[30.36,59.931],[30.343,59.933],[30.344,59.935],[30.343,59.938],[30.339,59.942],[30.337,59.946],[30.335,59.95]]]}},{"type":"Feature","properties":{"territory_id":2459,"name":"Смольнинское","region":"Санкт-Петербург","type":"внутригородская территория города федерального значения","in_panel":true},"geometry":{"type":"Polygon","coordinates":[[[30.399,59.955],[30.404,59.953],[30.403,59.949],[30.401,59.943],[30.4,59.939],[30.396,59.933],[30.394,59.929],[30.396,59.926],[30.385,59.924],[30.366,59.93],[30.361,59.931],[30.36,59.931],[30.361,59.944],[30.359,59.944],[30.36,59.951],[30.364,59.951],[30.371,59.952],[30.376,59.954],[30.384,59.957],[30.389,59.958],[30.397,59.957],[30.399,59.955]]]}},{"type":"Feature","properties":{"territory_id":2460,"name":"Лиговка-Ямская","region":"Санкт-Петербург","type":"внутригородская территория города федерального значения","in_panel":true},"geometry":{"type":"Polygon","coordinates":[[[30.402,59.921],[30.392,59.918],[30.373,59.915],[30.363,59.914],[30.358,59.914],[30.351,59.915],[30.361,59.931],[30.366,59.93],[30.385,59.924],[30.396,59.926],[30.402,59.921]]]}},{"type":"Feature","properties":{"territory_id":2461,"name":"Владимирский","region":"Санкт-Петербург","type":"внутригородская территория города федерального значения","in_panel":true},"geometry":{"type":"Polygon","coordinates":[[[30.34,59.916],[30.343,59.917],[30.336,59.922],[30.336,59.924],[30.33,59.926],[30.339,59.93],[30.343,59.933],[30.36,59.931],[30.361,59.931],[30.351,59.915],[30.346,59.916],[30.34,59.916]]]}},{"type":"Feature","properties":{"territory_id":2462,"name":"Богородское","region":"Москва","type":"внутригородская территория города федерального значения","in_panel":true},"geometry":{"type":"Polygon","coordinates":[[[37.746,55.809],[37.732,55.809],[37.73,55.81],[37.724,55.806],[37.712,55.804],[37.709,55.803],[37.708,55.804],[37.699,55.801],[37.702,55.806],[37.7,55.81],[37.697,55.811],[37.693,55.811],[37.685,55.815],[37.688,55.817],[37.685,55.817],[37.679,55.818],[37.675,55.82],[37.671,55.824],[37.672,55.829],[37.67,55.839],[37.687,55.834],[37.701,55.83],[37.733,55.819],[37.743,55.814],[37.745,55.812],[37.746,55.809]]]}},{"type":"Feature","properties":{"territory_id":2463,"name":"Вешняки","region":"Москва","type":"внутригородская территория города федерального значения","in_panel":true},"geometry":{"type":"Polygon","coordinates":[[[37.843,55.747],[37.842,55.747],[37.842,55.74],[37.84,55.73],[37.839,55.716],[37.836,55.71],[37.799,55.722],[37.776,55.73],[37.767,55.734],[37.774,55.736],[37.782,55.737],[37.828,55.746],[37.843,55.749],[37.843,55.747]]]}},{"type":"Feature","properties":{"territory_id":2464,"name":"Восточное Измайлово","region":"Москва","type":"внутригородская территория города федерального значения","in_panel":true},"geometry":{"type":"Polygon","coordinates":[[[37.842,55.789],[37.834,55.788],[37.83,55.789],[37.824,55.79],[37.823,55.789],[37.819,55.789],[37.8,55.788],[37.799,55.793],[37.806,55.793],[37.805,55.803],[37.832,55.803],[37.84,55.804],[37.842,55.789]]]}},{"type":"Feature","properties":{"territory_id":2465,"name":"Восточный","region":"Москва","type":"внутригородская территория города федерального значения","in_panel":true},"geometry":{"type":"MultiPolygon","coordinates":[[[[37.874,55.82],[37.878,55.821],[37.881,55.82],[37.888,55.821],[37.889,55.819],[37.898,55.818],[37.899,55.816],[37.899,55.814],[37.895,55.814],[37.889,55.815],[37.887,55.817],[37.883,55.816],[37.878,55.811],[37.874,55.811],[37.874,55.809],[37.87,55.808],[37.871,55.806],[37.866,55.804],[37.862,55.809],[37.861,55.808],[37.856,55.806],[37.852,55.809],[37.85,55.809],[37.85,55.81],[37.845,55.814],[37.853,55.817],[37.857,55.818],[37.858,55.82],[37.86,55.819],[37.872,55.823],[37.874,55.82]]],[[[37.869,55.823],[37.868,55.824],[37.874,55.825],[37.876,55.825],[37.869,55.823]]],[[[37.79,56.003],[37.793,56.004],[37.794,56.003],[37.79,56.003]]],[[[37.798,56.008],[37.799,56.006],[37.797,56.005],[37.793,56.006],[37.791,56.007],[37.798,56.01],[37.798,56.008]]]]}},{"type":"Feature","properties":{"territory_id":2466,"name":"Гольяново","region":"Москва","type":"внутригородская территория города федерального значения","in_panel":true},"geometry":{"type":"Polygon","coordinates":[[[37.844,55.815],[37.841,55.814],[37.829,55.813],[37.812,55.811],[37.783,55.81],[37.779,55.809],[37.755,55.803],[37.751,55.802],[37.746,55.801],[37.746,55.809],[37.748,55.811],[37.754,55.813],[37.767,55.818],[37.783,55.822],[37.785,55.823],[37.785,55.825],[37.781,55.825],[37.779,55.843],[37.777,55.856],[37.814,55.838],[37.827,55.831],[37.83,55.831],[37.83,55.829],[37.834,55.826],[37.837,55.822],[37.839,55.816],[37.844,55.815]]]}},{"type":"Feature","properties":{"territory_id":2467,"name":"Ивановское","region":"Москва","type":"внутригородская территория города федерального значения","in_panel":true},"geometry":{"type":"Polygon","coordinates":[[[37.843,55.749],[37.828,55.746],[37.828,55.747],[37.83,55.75],[37.824,55.751],[37.827,55.758],[37.809,55.76],[37.803,55.761],[37.801,55.761],[37.8,55.762],[37.801,55.766],[37.801,55.768],[37.801,55.772],[37.8,55.788],[37.819,55.789],[37.823,55.789],[37.824,55.79],[37.83,55.789],[37.834,55.788],[37.842,55.789],[37.843,55.779],[37.846,55.778],[37.851,55.779],[37.846,55.777],[37.843,55.775],[37.844,55.773],[37.846,55.769],[37.843,55.767],[37.843,55.749]]]}},{"type":"Feature","properties":{"territory_id":2468,"name":"Измайлово","region":"Москва","type":"внутригородская территория города федерального значения","in_panel":true},"geometry":{"type":"Polygon","coordinates":[[[37.751,55.802],[37.78,55.803],[37.805,55.803],[37.806,55.793],[37.799,55.793],[37.8,55.788],[37.801,55.772],[37.801,55.768],[37.792,55.766],[37.779,55.766],[37.769,55.763],[37.769,55.764],[37.764,55.762],[37.754,55.76],[37.751,55.765],[37.749,55.766],[37.748,55.77],[37.745,55.77],[37.744,55.776],[37.743,55.788],[37.745,55.793],[37.746,55.799],[37.746,55.801],[37.751,55.802]]]}},{"type":"Feature","properties":{"territory_id":2469,"name":"Косино-Ухтомский","region":"Москва","type":"внутригородская территория города федерального значения","in_panel":true},"geometry":{"type":"Polygon","coordinates":[[[37.946,55.721],[37.937,55.716],[37.928,55.716],[37.926,55.715],[37.926,55.712],[37.922,55.708],[37.907,55.707],[37.897,55.706],[37.893,55.706],[37.887,55.705],[37.872,55.695],[37.86,55.701],[37.858,55.701],[37.852,55.704],[37.836,55.71],[37.839,55.716],[37.84,55.73],[37.848,55.731],[37.861,55.731],[37.862,55.733],[37.87,55.732],[37.873,55.73],[37.87,55.727],[37.872,55.723],[37.876,55.723],[37.877,55.72],[37.881,55.719],[37.886,55.72],[37.887,55.722],[37.884,55.723],[37.885,55.724],[37.89,55.724],[37.891,55.722],[37.892,55.723],[37.899,55.724],[37.904,55.725],[37.908,55.725],[37.915,55.727],[37.918,55.731],[37.924,55.731],[37.929,55.729],[37.93,55.73],[37.938,55.727],[37.941,55.724],[37.943,55.722],[37.946,55.721]]]}},{"type":"Feature","properties":{"territory_id":2470,"name":"Новогиреево","region":"Москва","type":"внутригородская территория города федерального значения","in_panel":true},"geometry":{"type":"Polygon","coordinates":[[[37.828,55.746],[37.782,55.737],[37.774,55.736],[37.775,55.738],[37.777,55.739],[37.779,55.743],[37.781,55.742],[37.783,55.743],[37.784,55.746],[37.788,55.746],[37.785,55.751],[37.8,55.754],[37.806,55.753],[37.809,55.76],[37.827,55.758],[37.824,55.751],[37.83,55.75],[37.828,55.747],[37.828,55.746]]]}},{"type":"Feature","properties":{"territory_id":2471,"name":"Новокосино","region":"Москва","type":"внутригородская территория города федерального значения","in_panel":true},"geometry":{"type":"Polygon","coordinates":[[[37.87,55.732],[37.862,55.733],[37.861,55.731],[37.848,55.731],[37.84,55.73],[37.842,55.74],[37.842,55.747],[37.843,55.747],[37.846,55.745],[37.848,55.744],[37.863,55.746],[37.883,55.749],[37.888,55.748],[37.89,55.744],[37.89,55.742],[37.886,55.743],[37.88,55.742],[37.878,55.738],[37.873,55.738],[37.868,55.737],[37.864,55.735],[37.865,55.733],[37.87,55.732]]]}},{"type":"Feature","properties":{"territory_id":2472,"name":"Метро","region":"Москва","type":"внутригородская территория города федерального значения","in_panel":true},"geometry":{"type":"MultiPolygon","coordinates":[[[[37.777,55.856],[37.779,55.843],[37.781,55.825],[37.785,55.825],[37.785,55.823],[37.783,55.822],[37.767,55.818],[37.754,55.813],[37.748,55.811],[37.746,55.809],[37.745,55.812],[37.743,55.814],[37.733,55.819],[37.701,55.83],[37.687,55.834],[37.67,55.839],[37.676,55.839],[37.678,55.842],[37.69,55.848],[37.692,55.85],[37.69,55.851],[37.692,55.853],[37.687,55.855],[37.689,55.856],[37.693,55.856],[37.695,55.853],[37.694,55.852],[37.697,55.848],[37.704,55.849],[37.706,55.848],[37.714,55.847],[37.72,55.851],[37.719,55.851],[37.722,55.853],[37.718,55.861],[37.709,55.861],[37.709,55.863],[37.707,55.864],[37.708,55.866],[37.722,55.874],[37.724,55.873],[37.732,55.875],[37.731,55.877],[37.735,55.878],[37.768,55.861],[37.777,55.856]]],[[[37.703,55.863],[37.705,55.861],[37.701,55.861],[37.703,55.863]]]]}},{"type":"Feature","properties":{"territory_id":2473,"name":"Перово","region":"Москва","type":"внутригородская территория города федерального значения","in_panel":true},"geometry":{"type":"Polygon","coordinates":[[[37.809,55.76],[37.806,55.753],[37.8,55.754],[37.785,55.751],[37.788,55.746],[37.784,55.746],[37.783,55.743],[37.781,55.742],[37.779,55.743],[37.777,55.739],[37.775,55.738],[37.774,55.736],[37.767,55.734],[37.763,55.737],[37.75,55.739],[37.747,55.74],[37.741,55.744],[37.737,55.746],[37.725,55.749],[37.72,55.752],[37.754,55.759],[37.754,55.76],[37.764,55.762],[37.769,55.764],[37.769,55.763],[37.779,55.766],[37.792,55.766],[37.801,55.768],[37.801,55.766],[37.8,55.762],[37.801,55.761],[37.803,55.761],[37.809,55.76]]]}},{"type":"Feature","properties":{"territory_id":2474,"name":"Северное Измайлово","region":"Москва","type":"внутригородская территория города федерального значения","in_panel":true},"geometry":{"type":"Polygon","coordinates":[[[37.84,55.804],[37.832,55.803],[37.805,55.803],[37.78,55.803],[37.751,55.802],[37.755,55.803],[37.779,55.809],[37.783,55.81],[37.812,55.811],[37.829,55.813],[37.841,55.814],[37.844,55.815],[37.84,55.812],[37.84,55.804]]]}},{"type":"Feature","properties":{"territory_id":2475,"name":"Соколиная гора","region":"Москва","type":"внутригородская территория города федерального значения","in_panel":true},"geometry":{"type":"Polygon","coordinates":[[[37.745,55.793],[37.743,55.788],[37.744,55.776],[37.745,55.77],[37.748,55.77],[37.749,55.766],[37.751,55.765],[37.754,55.76],[37.754,55.759],[37.72,55.752],[37.718,55.756],[37.721,55.762],[37.72,55.767],[37.714,55.775],[37.71,55.779],[37.705,55.781],[37.699,55.782],[37.699,55.783],[37.702,55.785],[37.706,55.783],[37.707,55.784],[37.718,55.786],[37.717,55.788],[37.721,55.787],[37.726,55.788],[37.73,55.791],[37.733,55.793],[37.736,55.794],[37.745,55.793]]]}},{"type":"Feature","properties":{"territory_id":2476,"name":"Сокольники","region":"Москва","type":"внутригородская территория города федерального значения","in_panel":true},"geometry":{"type":"Polygon","coordinates":[[[37.699,55.801],[37.699,55.799],[37.705,55.793],[37.705,55.792],[37.7,55.789],[37.699,55.787],[37.699,55.783],[37.699,55.782],[37.688,55.782],[37.686,55.783],[37.652,55.789],[37.65,55.793],[37.65,55.799],[37.654,55.804],[37.658,55.808],[37.668,55.82],[37.671,55.824],[37.675,55.82],[37.679,55.818],[37.685,55.817],[37.688,55.817],[37.685,55.815],[37.693,55.811],[37.697,55.811],[37.7,55.81],[37.702,55.806],[37.699,55.801]]]}},{"type":"Feature","properties":{"territory_id":2477,"name":"Преображенское","region":"Москва","type":"внутригородская территория города федерального значения","in_panel":true},"geometry":{"type":"Polygon","coordinates":[[[37.746,55.801],[37.746,55.799],[37.745,55.793],[37.736,55.794],[37.733,55.793],[37.73,55.791],[37.726,55.788],[37.721,55.787],[37.717,55.788],[37.718,55.786],[37.707,55.784],[37.706,55.783],[37.702,55.785],[37.699,55.783],[37.699,55.787],[37.7,55.789],[37.705,55.792],[37.705,55.793],[37.699,55.799],[37.699,55.801],[37.708,55.804],[37.709,55.803],[37.712,55.804],[37.724,55.806],[37.73,55.81],[37.732,55.809],[37.746,55.809],[37.746,55.801]]]}},{"type":"Feature","properties":{"territory_id":2478,"name":"Внуково","region":"Москва","type":"внутригородская территория города федерального значения","in_panel":true},"geometry":{"type":"MultiPolygon","coordinates":[[[[37.217,55.622],[37.218,55.618],[37.224,55.617],[37.217,55.615],[37.218,55.613],[37.221,55.611],[37.214,55.608],[37.218,55.604],[37.216,55.602],[37.212,55.602],[37.21,55.605],[37.207,55.607],[37.204,55.607],[37.203,55.609],[37.201,55.61],[37.195,55.607],[37.198,55.605],[37.194,55.603],[37.192,55.601],[37.191,55.602],[37.19,55.603],[37.184,55.601],[37.184,55.602],[37.187,55.603],[37.183,55.606],[37.196,55.612],[37.202,55.616],[37.21,55.619],[37.211,55.62],[37.215,55.623],[37.217,55.622]]],[[[37.246,55.602],[37.249,55.604],[37.251,55.608],[37.254,55.61],[37.248,55.614],[37.251,55.614],[37.255,55.616],[37.262,55.618],[37.263,55.614],[37.274,55.62],[37.279,55.616],[37.282,55.619],[37.283,55.618],[37.28,55.616],[37.284,55.615],[37.289,55.617],[37.294,55.615],[37.297,55.618],[37.299,55.619],[37.305,55.618],[37.308,55.617],[37.311,55.615],[37.313,55.615],[37.315,55.613],[37.314,55.61],[37.308,55.607],[37.308,55.604],[37.311,55.604],[37.31,55.601],[37.313,55.601],[37.315,55.599],[37.293,55.593],[37.266,55.586],[37.251,55.583],[37.242,55.585],[37.231,55.584],[37.23,55.585],[37.234,55.587],[37.236,55.588],[37.235,55.593],[37.242,55.597],[37.246,55.602]]]]}},{"type":"Feature","properties":{"territory_id":2479,"name":"Дорогомилово","region":"Москва","type":"внутригородская территория города федерального значения","in_panel":true},"geometry":{"type":"Polygon","coordinates":[[[37.499,55.723],[37.489,55.733],[37.499,55.735],[37.505,55.737],[37.508,55.738],[37.514,55.744],[37.517,55.745],[37.522,55.747],[37.528,55.745],[37.537,55.745],[37.544,55.747],[37.555,55.751],[37.56,55.753],[37.564,55.754],[37.568,55.753],[37.572,55.752],[37.574,55.749],[37.574,55.745],[37.568,55.739],[37.564,55.735],[37.553,55.73],[37.548,55.728],[37.543,55.733],[37.538,55.736],[37.531,55.735],[37.518,55.731],[37.504,55.725],[37.499,55.723]]]}},{"type":"Feature","properties":{"territory_id":2480,"name":"Крылатское","region":"Москва","type":"внутригородская территория города федерального значения","in_panel":true},"geometry":{"type":"Polygon","coordinates":[[[37.369,55.773],[37.371,55.771],[37.383,55.772],[37.387,55.771],[37.398,55.771],[37.402,55.772],[37.409,55.776],[37.417,55.775],[37.431,55.774],[37.436,55.774],[37.445,55.777],[37.451,55.777],[37.455,55.774],[37.464,55.766],[37.465,55.762],[37.463,55.76],[37.458,55.756],[37.453,55.754],[37.439,55.751],[37.437,55.749],[37.431,55.75],[37.427,55.748],[37.422,55.745],[37.382,55.764],[37.365,55.772],[37.369,55.773]]]}},{"type":"Feature","properties":{"territory_id":2481,"name":"Кунцево","region":"Москва","type":"внутригородская территория города федерального значения","in_panel":true},"geometry":{"type":"MultiPolygon","coordinates":[[[[37.365,55.772],[37.382,55.764],[37.422,55.745],[37.427,55.748],[37.431,55.746],[37.433,55.743],[37.439,55.74],[37.438,55.737],[37.443,55.734],[37.445,55.732],[37.448,55.727],[37.44,55.727],[37.414,55.727],[37.392,55.73],[37.387,55.73],[37.382,55.729],[37.377,55.729],[37.376,55.732],[37.374,55.732],[37.375,55.734],[37.369,55.746],[37.368,55.75],[37.368,55.763],[37.368,55.764],[37.366,55.764],[37.369,55.767],[37.369,55.769],[37.365,55.772]]],[[[37.385,55.809],[37.379,55.809],[37.378,55.807],[37.379,55.806],[37.376,55.806],[37.374,55.803],[37.372,55.803],[37.373,55.809],[37.372,55.809],[37.374,55.813],[37.377,55.813],[37.381,55.811],[37.381,55.81],[37.385,55.809]]],[[[36.916,55.747],[36.921,55.747],[36.929,55.751],[36.933,55.753],[36.933,55.754],[36.968,55.76],[36.972,55.758],[36.971,55.756],[36.959,55.755],[36.958,55.757],[36.956,55.754],[36.958,55.751],[36.964,55.748],[36.967,55.747],[36.968,55.75],[36.97,55.75],[36.972,55.752],[36.977,55.751],[36.981,55.756],[36.975,55.757],[36.979,55.76],[36.984,55.759],[36.983,55.758],[36.987,55.755],[36.987,55.752],[36.985,55.75],[36.989,55.749],[36.991,55.748],[36.985,55.745],[36.986,55.745],[36.992,55.745],[36.993,55.747],[37.005,55.749],[37.006,55.75],[37.008,55.748],[37.001,55.745],[36.999,55.742],[37.001,55.742],[37.007,55.745],[37.012,55.746],[37.02,55.745],[37.024,55.743],[37.024,55.741],[37.022,55.735],[37.027,55.734],[37.023,55.733],[37.024,55.732],[37.027,55.734],[37.03,55.732],[37.036,55.732],[37.039,55.732],[37.043,55.729],[37.047,55.727],[37.048,55.724],[37.047,55.721],[37.043,55.721],[37.042,55.719],[37.045,55.719],[37.053,55.718],[37.054,55.72],[37.049,55.721],[37.055,55.724],[37.065,55.723],[37.065,55.722],[37.069,55.723],[37.07,55.729],[37.074,55.73],[37.081,55.728],[37.088,55.727],[37.095,55.728],[37.097,55.726],[37.102,55.726],[37.104,55.726],[37.111,55.727],[37.115,55.728],[37.12,55.732],[37.119,55.735],[37.116,55.736],[37.111,55.732],[37.108,55.735],[37.103,55.734],[37.105,55.733],[37.1,55.732],[37.096,55.732],[37.094,55.729],[37.091,55.73],[37.087,55.731],[37.082,55.733],[37.079,55.735],[37.082,55.736],[37.086,55.742],[37.09,55.741],[37.092,55.744],[37.097,55.744],[37.107,55.742],[37.112,55.739],[37.112,55.738],[37.116,55.738],[37.117,55.737],[37.122,55.735],[37.122,55.734],[37.128,55.728],[37.119,55.724],[37.123,55.721],[37.119,55.72],[37.119,55.721],[37.112,55.717],[37.113,55.716],[37.108,55.716],[37.104,55.716],[37.096,55.716],[37.079,55.715],[37.068,55.723],[37.062,55.72],[37.06,55.718],[37.059,55.713],[37.057,55.711],[37.052,55.709],[37.04,55.709],[37.038,55.709],[37.035,55.711],[37.034,55.714],[37.028,55.712],[37.025,55.71],[37.027,55.71],[37.029,55.712],[37.035,55.708],[37.035,55.706],[37.017,55.707],[37.017,55.705],[37.004,55.705],[37.003,55.707],[37.0,55.707],[36.992,55.712],[36.998,55.712],[36.998,55.711],[37.0,55.708],[37.002,55.708],[37.003,55.711],[37.0,55.712],[37.0,55.713],[37.003,55.714],[37.007,55.716],[37.008,55.715],[37.011,55.715],[37.013,55.712],[37.013,55.71],[37.011,55.71],[37.009,55.707],[37.021,55.707],[37.021,55.708],[37.024,55.71],[37.02,55.711],[37.015,55.711],[37.017,55.716],[37.012,55.716],[37.013,55.719],[37.012,55.72],[37.008,55.72],[37.009,55.723],[37.007,55.723],[37.006,55.725],[37.0,55.723],[36.998,55.72],[36.996,55.719],[36.991,55.719],[36.982,55.723],[36.977,55.724],[36.975,55.725],[36.972,55.726],[36.967,55.728],[36.962,55.728],[36.963,55.734],[36.965,55.735],[36.971,55.736],[36.974,55.736],[36.98,55.735],[36.981,55.732],[36.984,55.73],[36.985,55.727],[36.994,55.732],[36.991,55.733],[36.999,55.738],[37.003,55.735],[37.006,55.74],[37.003,55.74],[36.994,55.738],[36.991,55.735],[36.99,55.735],[36.984,55.739],[36.993,55.74],[36.994,55.741],[36.99,55.742],[36.991,55.74],[36.981,55.739],[36.978,55.742],[36.974,55.741],[36.976,55.738],[36.972,55.738],[36.964,55.736],[36.962,55.733],[36.948,55.732],[36.946,55.737],[36.935,55.737],[36.936,55.739],[36.941,55.739],[36.941,55.742],[36.943,55.742],[36.946,55.745],[36.945,55.748],[36.949,55.75],[36.949,55.752],[36.946,55.751],[36.944,55.755],[36.938,55.754],[36.935,55.744],[36.934,55.743],[36.924,55.737],[36.916,55.737],[36.911,55.736],[36.911,55.738],[36.908,55.741],[36.905,55.741],[36.907,55.738],[36.911,55.739],[36.91,55.737],[36.911,55.736],[36.916,55.737],[36.924,55.737],[36.921,55.733],[36.918,55.733],[36.919,55.731],[36.914,55.733],[36.909,55.732],[36.904,55.732],[36.896,55.733],[36.89,55.733],[36.895,55.734],[36.898,55.733],[36.901,55.735],[36.899,55.742],[36.9,55.745],[36.903,55.745],[36.908,55.747],[36.908,55.749],[36.916,55.747]]],[[[37.336,55.802],[37.343,55.805],[37.347,55.807],[37.358,55.804],[37.359,55.801],[37.354,55.799],[37.352,55.797],[37.349,55.796],[37.358,55.793],[37.368,55.79],[37.37,55.788],[37.359,55.784],[37.36,55.783],[37.352,55.778],[37.352,55.774],[37.351,55.773],[37.347,55.77],[37.345,55.77],[37.344,55.769],[37.338,55.769],[37.34,55.77],[37.332,55.772],[37.332,55.768],[37.329,55.767],[37.321,55.767],[37.319,55.77],[37.313,55.769],[37.308,55.771],[37.31,55.772],[37.311,55.775],[37.315,55.775],[37.322,55.777],[37.328,55.781],[37.313,55.786],[37.313,55.78],[37.312,55.78],[37.312,55.784],[37.311,55.784],[37.313,55.788],[37.315,55.788],[37.314,55.79],[37.31,55.792],[37.316,55.793],[37.314,55.794],[37.324,55.797],[37.321,55.798],[37.317,55.796],[37.315,55.797],[37.313,55.796],[37.309,55.796],[37.308,55.797],[37.314,55.798],[37.315,55.799],[37.322,55.801],[37.334,55.8],[37.336,55.802]]],[[[37.304,55.804],[37.302,55.799],[37.293,55.796],[37.293,55.798],[37.291,55.802],[37.299,55.803],[37.304,55.804]]]]}},{"type":"Feature","properties":{"territory_id":2482,"name":"Можайский","region":"Москва","type":"внутригородская территория города федерального значения","in_panel":true},"geometry":{"type":"Polygon","coordinates":[[[37.377,55.729],[37.382,55.729],[37.387,55.73],[37.392,55.73],[37.414,55.727],[37.44,55.727],[37.448,55.727],[37.454,55.711],[37.455,55.71],[37.455,55.709],[37.449,55.709],[37.448,55.707],[37.445,55.706],[37.436,55.706],[37.431,55.704],[37.421,55.708],[37.42,55.705],[37.412,55.708],[37.412,55.707],[37.405,55.703],[37.406,55.701],[37.402,55.699],[37.397,55.697],[37.394,55.696],[37.394,55.695],[37.39,55.697],[37.377,55.691],[37.375,55.689],[37.372,55.69],[37.373,55.691],[37.368,55.692],[37.366,55.69],[37.364,55.691],[37.363,55.689],[37.364,55.688],[37.36,55.689],[37.361,55.69],[37.358,55.692],[37.355,55.686],[37.361,55.682],[37.358,55.679],[37.354,55.676],[37.349,55.679],[37.346,55.676],[37.326,55.683],[37.331,55.682],[37.333,55.683],[37.334,55.682],[37.334,55.684],[37.329,55.686],[37.338,55.694],[37.339,55.693],[37.338,55.69],[37.339,55.688],[37.344,55.689],[37.343,55.694],[37.345,55.698],[37.347,55.698],[37.352,55.7],[37.351,55.702],[37.354,55.703],[37.353,55.7],[37.364,55.701],[37.371,55.704],[37.368,55.704],[37.366,55.707],[37.369,55.707],[37.369,55.708],[37.365,55.708],[37.364,55.709],[37.372,55.711],[37.376,55.712],[37.378,55.709],[37.378,55.697],[37.382,55.699],[37.385,55.697],[37.388,55.698],[37.39,55.697],[37.392,55.698],[37.389,55.701],[37.39,55.702],[37.388,55.704],[37.392,55.706],[37.387,55.711],[37.382,55.713],[37.384,55.715],[37.381,55.721],[37.378,55.723],[37.379,55.725],[37.377,55.729]]]}},{"type":"Feature","properties":{"territory_id":2483,"name":"Ново-Переделкино","region":"Москва","type":"внутригородская территория города федерального значения","in_panel":true},"geometry":{"type":"Polygon","coordinates":[[[37.37,55.66],[37.368,55.653],[37.371,55.651],[37.377,55.651],[37.377,55.649],[37.374,55.647],[37.373,55.645],[37.376,55.642],[37.374,55.639],[37.375,55.637],[37.377,55.636],[37.381,55.633],[37.387,55.632],[37.376,55.625],[37.376,55.623],[37.371,55.625],[37.366,55.631],[37.362,55.63],[37.36,55.631],[37.36,55.633],[37.358,55.635],[37.351,55.636],[37.347,55.634],[37.343,55.633],[37.339,55.635],[37.336,55.635],[37.334,55.638],[37.33,55.64],[37.332,55.646],[37.331,55.647],[37.338,55.653],[37.343,55.654],[37.342,55.657],[37.344,55.655],[37.346,55.656],[37.344,55.657],[37.347,55.66],[37.342,55.66],[37.344,55.662],[37.348,55.662],[37.348,55.666],[37.354,55.664],[37.351,55.662],[37.35,55.661],[37.353,55.66],[37.358,55.663],[37.358,55.666],[37.365,55.669],[37.369,55.669],[37.37,55.668],[37.37,55.66]]]}},{"type":"Feature","properties":{"territory_id":2484,"name":"Очаково-Матвеевское","region":"Москва","type":"внутригородская территория города федерального значения","in_panel":true},"geometry":{"type":"Polygon","coordinates":[[[37.402,55.699],[37.406,55.701],[37.405,55.703],[37.412,55.707],[37.412,55.708],[37.42,55.705],[37.421,55.708],[37.431,55.704],[37.436,55.706],[37.445,55.706],[37.448,55.707],[37.449,55.709],[37.455,55.709],[37.455,55.71],[37.46,55.711],[37.464,55.71],[37.468,55.712],[37.464,55.714],[37.467,55.716],[37.468,55.714],[37.471,55.715],[37.472,55.717],[37.469,55.719],[37.472,55.718],[37.473,55.72],[37.477,55.722],[37.485,55.721],[37.489,55.718],[37.493,55.718],[37.493,55.72],[37.495,55.72],[37.493,55.718],[37.493,55.713],[37.491,55.709],[37.488,55.707],[37.477,55.703],[37.47,55.698],[37.466,55.695],[37.478,55.686],[37.477,55.686],[37.47,55.682],[37.461,55.675],[37.457,55.673],[37.448,55.67],[37.443,55.668],[37.439,55.664],[37.437,55.663],[37.432,55.662],[37.431,55.664],[37.418,55.681],[37.417,55.681],[37.415,55.682],[37.415,55.685],[37.412,55.69],[37.41,55.693],[37.402,55.699]]]}},{"type":"Feature","properties":{"territory_id":2485,"name":"Проспект Вернадского","region":"Москва","type":"внутригородская территория города федерального значения","in_panel":true},"geometry":{"type":"Polygon","coordinates":[[[37.478,55.686],[37.481,55.681],[37.485,55.683],[37.486,55.682],[37.49,55.684],[37.487,55.687],[37.489,55.689],[37.494,55.687],[37.498,55.688],[37.506,55.688],[37.507,55.687],[37.507,55.685],[37.509,55.682],[37.508,55.681],[37.51,55.679],[37.512,55.68],[37.524,55.674],[37.507,55.662],[37.507,55.663],[37.503,55.665],[37.499,55.669],[37.493,55.67],[37.487,55.67],[37.483,55.672],[37.482,55.674],[37.477,55.678],[37.474,55.679],[37.475,55.682],[37.478,55.684],[37.477,55.686],[37.478,55.686]]]}},{"type":"Feature","properties":{"territory_id":2486,"name":"Раменки","region":"Москва","type":"внутригородская территория города федерального значения","in_panel":true},"geometry":{"type":"Polygon","coordinates":[[[37.495,55.72],[37.499,55.723],[37.504,55.725],[37.518,55.731],[37.531,55.735],[37.538,55.736],[37.543,55.733],[37.548,55.728],[37.545,55.727],[37.542,55.724],[37.541,55.72],[37.543,55.716],[37.549,55.712],[37.553,55.711],[37.559,55.71],[37.537,55.694],[37.53,55.69],[37.512,55.68],[37.51,55.679],[37.508,55.681],[37.509,55.682],[37.507,55.685],[37.507,55.687],[37.506,55.688],[37.498,55.688],[37.494,55.687],[37.489,55.689],[37.487,55.687],[37.49,55.684],[37.486,55.682],[37.485,55.683],[37.481,55.681],[37.478,55.686],[37.466,55.695],[37.47,55.698],[37.477,55.703],[37.488,55.707],[37.491,55.709],[37.493,55.713],[37.493,55.718],[37.495,55.72]]]}},{"type":"Feature","properties":{"territory_id":2487,"name":"Солнцево","region":"Москва","type":"внутригородская территория города федерального значения","in_panel":true},"geometry":{"type":"Polygon","coordinates":[[[37.417,55.681],[37.418,55.681],[37.431,55.664],[37.432,55.662],[37.435,55.659],[37.434,55.66],[37.429,55.661],[37.415,55.66],[37.415,55.658],[37.413,55.658],[37.415,55.656],[37.416,55.656],[37.417,55.653],[37.414,55.651],[37.415,55.648],[37.417,55.648],[37.417,55.643],[37.417,55.638],[37.415,55.638],[37.415,55.636],[37.412,55.636],[37.41,55.629],[37.403,55.63],[37.398,55.63],[37.398,55.629],[37.395,55.629],[37.394,55.628],[37.388,55.628],[37.389,55.632],[37.387,55.632],[37.381,55.633],[37.377,55.636],[37.375,55.637],[37.374,55.639],[37.376,55.642],[37.373,55.645],[37.374,55.647],[37.377,55.649],[37.377,55.651],[37.371,55.651],[37.368,55.653],[37.37,55.66],[37.377,55.659],[37.378,55.66],[37.38,55.664],[37.386,55.665],[37.39,55.662],[37.394,55.661],[37.402,55.662],[37.409,55.663],[37.415,55.665],[37.413,55.667],[37.404,55.671],[37.406,55.674],[37.411,55.677],[37.411,55.678],[37.417,55.681]]]}},{"type":"Feature","properties":{"territory_id":2488,"name":"Тропарево-Никулино","region":"Москва","type":"внутригородская территория города федерального значения","in_panel":true},"geometry":{"type":"Polygon","coordinates":[[[37.432,55.662],[37.437,55.663],[37.439,55.664],[37.443,55.668],[37.448,55.67],[37.457,55.673],[37.461,55.675],[37.47,55.682],[37.477,55.686],[37.478,55.684],[37.475,55.682],[37.474,55.679],[37.477,55.678],[37.482,55.674],[37.483,55.672],[37.487,55.67],[37.493,55.67],[37.499,55.669],[37.503,55.665],[37.507,55.663],[37.507,55.662],[37.502,55.659],[37.482,55.649],[37.456,55.637],[37.457,55.641],[37.435,55.659],[37.432,55.662]]]}},{"type":"Feature","properties":{"territory_id":2489,"name":"Филевский парк","region":"Москва","type":"внутригородская территория города федерального значения","in_panel":true},"geometry":{"type":"Polygon","coordinates":[[[37.427,55.748],[37.431,55.75],[37.437,55.749],[37.437,55.746],[37.447,55.742],[37.453,55.741],[37.455,55.741],[37.462,55.742],[37.467,55.744],[37.473,55.747],[37.475,55.75],[37.476,55.752],[37.477,55.757],[37.476,55.765],[37.48,55.768],[37.485,55.768],[37.49,55.768],[37.498,55.766],[37.506,55.762],[37.514,55.758],[37.516,55.757],[37.518,55.753],[37.522,55.747],[37.517,55.745],[37.514,55.744],[37.508,55.738],[37.505,55.737],[37.499,55.735],[37.489,55.733],[37.48,55.743],[37.454,55.736],[37.453,55.737],[37.447,55.735],[37.445,55.735],[37.438,55.737],[37.439,55.74],[37.433,55.743],[37.431,55.746],[37.427,55.748]]]}},{"type":"Feature","properties":{"territory_id":2490,"name":"Фили-Давыдково","region":"Москва","type":"внутригородская территория города федерального значения","in_panel":true},"geometry":{"type":"Polygon","coordinates":[[[37.455,55.71],[37.454,55.711],[37.448,55.727],[37.445,55.732],[37.443,55.734],[37.438,55.737],[37.445,55.735],[37.447,55.735],[37.453,55.737],[37.454,55.736],[37.48,55.743],[37.489,55.733],[37.499,55.723],[37.495,55.72],[37.493,55.72],[37.493,55.718],[37.489,55.718],[37.485,55.721],[37.477,55.722],[37.473,55.72],[37.472,55.718],[37.469,55.719],[37.472,55.717],[37.471,55.715],[37.468,55.714],[37.467,55.716],[37.464,55.714],[37.468,55.712],[37.464,55.71],[37.46,55.711],[37.455,55.71]]]}},{"type":"Feature","properties":{"territory_id":2491,"name":"Крюково","region":"Москва","type":"внутригородская территория города федерального значения","in_panel":true},"geometry":{"type":"Polygon","coordinates":[[[37.151,55.999],[37.168,55.984],[37.173,55.98],[37.18,55.977],[37.189,55.974],[37.208,55.97],[37.208,55.969],[37.212,55.967],[37.209,55.964],[37.206,55.963],[37.207,55.961],[37.209,55.96],[37.21,55.957],[37.213,55.956],[37.217,55.958],[37.219,55.957],[37.219,55.955],[37.221,55.954],[37.218,55.951],[37.22,55.95],[37.218,55.948],[37.217,55.949],[37.211,55.948],[37.208,55.949],[37.205,55.948],[37.202,55.949],[37.203,55.953],[37.189,55.956],[37.186,55.953],[37.183,55.954],[37.184,55.957],[37.183,55.958],[37.178,55.958],[37.173,55.958],[37.174,55.959],[37.171,55.961],[37.169,55.961],[37.168,55.959],[37.163,55.959],[37.16,55.962],[37.151,55.962],[37.147,55.964],[37.148,55.966],[37.146,55.966],[37.146,55.97],[37.149,55.97],[37.149,55.977],[37.144,55.989],[37.149,55.992],[37.153,55.993],[37.151,55.996],[37.149,55.998],[37.151,55.999]]]}},{"type":"Feature","properties":{"territory_id":2492,"name":"Матушкино","region":"Москва","type":"внутригородская территория города федерального значения","in_panel":true},"geometry":{"type":"Polygon","coordinates":[[[37.232,56.004],[37.225,56.004],[37.228,55.999],[37.226,55.999],[37.22,56.0],[37.22,55.999],[37.212,56.001],[37.209,56.001],[37.214,55.993],[37.212,55.987],[37.205,55.988],[37.205,55.992],[37.202,55.995],[37.198,55.997],[37.197,56.0],[37.201,56.0],[37.199,56.003],[37.194,56.004],[37.189,56.002],[37.186,56.002],[37.185,56.005],[37.179,56.005],[37.179,56.008],[37.182,56.008],[37.18,56.011],[37.19,56.014],[37.196,56.019],[37.203,56.015],[37.207,56.017],[37.211,56.013],[37.211,56.012],[37.232,56.004]]]}},{"type":"Feature","properties":{"territory_id":2493,"name":"Силино","region":"Москва","type":"внутригородская территория города федерального значения","in_panel":true},"geometry":{"type":"Polygon","coordinates":[[[37.196,56.019],[37.19,56.014],[37.18,56.011],[37.182,56.008],[37.179,56.008],[37.179,56.005],[37.185,56.005],[37.186,56.002],[37.189,56.002],[37.194,56.004],[37.199,56.003],[37.201,56.0],[37.197,56.0],[37.198,55.997],[37.202,55.995],[37.205,55.992],[37.205,55.988],[37.203,55.989],[37.196,55.989],[37.196,55.99],[37.192,55.992],[37.185,55.99],[37.18,55.984],[37.178,55.982],[37.173,55.98],[37.168,55.984],[37.151,55.999],[37.151,56.0],[37.139,56.01],[37.132,56.016],[37.136,56.019],[37.143,56.018],[37.145,56.018],[37.15,56.017],[37.151,56.016],[37.158,56.018],[37.16,56.016],[37.159,56.014],[37.162,56.013],[37.165,56.014],[37.168,56.014],[37.171,56.015],[37.178,56.015],[37.185,56.019],[37.189,56.021],[37.196,56.019]]]}},{"type":"Feature","properties":{"territory_id":2494,"name":"Аэропорт","region":"Москва","type":"внутригородская территория города федерального значения","in_panel":true},"geometry":{"type":"Polygon","coordinates":[[[37.549,55.807],[37.548,55.807],[37.556,55.801],[37.564,55.794],[37.57,55.791],[37.574,55.792],[37.566,55.785],[37.551,55.792],[37.533,55.8],[37.52,55.804],[37.511,55.806],[37.519,55.815],[37.53,55.816],[37.536,55.814],[37.541,55.812],[37.549,55.807]]]}},{"type":"Feature","properties":{"territory_id":2495,"name":"Беговой","region":"Москва","type":"внутригородская территория города федерального значения","in_panel":true},"geometry":{"type":"Polygon","coordinates":[[[37.552,55.773],[37.552,55.774],[37.555,55.776],[37.551,55.777],[37.545,55.781],[37.544,55.784],[37.542,55.783],[37.542,55.785],[37.551,55.792],[37.566,55.785],[37.574,55.792],[37.584,55.792],[37.587,55.793],[37.588,55.793],[37.589,55.792],[37.587,55.785],[37.585,55.78],[37.581,55.777],[37.575,55.776],[37.571,55.775],[37.552,55.773]]]}},{"type":"Feature","properties":{"territory_id":2496,"name":"Бескудниковский","region":"Москва","type":"внутригородская территория города федерального значения","in_panel":true},"geometry":{"type":"Polygon","coordinates":[[[37.53,55.873],[37.532,55.873],[37.531,55.875],[37.534,55.875],[37.534,55.876],[37.546,55.878],[37.547,55.877],[37.558,55.879],[37.558,55.874],[37.567,55.864],[37.564,55.863],[37.564,55.859],[37.568,55.859],[37.567,55.854],[37.573,55.855],[37.574,55.848],[37.567,55.85],[37.56,55.857],[37.549,55.864],[37.533,55.871],[37.53,55.873]]]}},{"type":"Feature","properties":{"territory_id":2497,"name":"Войковский","region":"Москва","type":"внутригородская территория города федерального значения","in_panel":true},"geometry":{"type":"Polygon","coordinates":[[[37.473,55.84],[37.48,55.841],[37.481,55.839],[37.494,55.839],[37.505,55.837],[37.509,55.833],[37.508,55.832],[37.515,55.828],[37.514,55.827],[37.519,55.821],[37.518,55.819],[37.522,55.818],[37.519,55.815],[37.51,55.815],[37.487,55.815],[37.488,55.82],[37.491,55.823],[37.493,55.824],[37.491,55.827],[37.486,55.827],[37.478,55.827],[37.474,55.83],[37.479,55.831],[37.478,55.833],[37.472,55.838],[37.473,55.84]]]}},{"type":"Feature","properties":{"territory_id":2498,"name":"Восточное Дегунино","region":"Москва","type":"внутригородская территория города федерального значения","in_panel":true},"geometry":{"type":"Polygon","coordinates":[[[37.552,55.898],[37.564,55.893],[37.567,55.89],[37.567,55.887],[37.568,55.877],[37.571,55.87],[37.574,55.863],[37.575,55.861],[37.573,55.855],[37.567,55.854],[37.568,55.859],[37.564,55.859],[37.564,55.863],[37.567,55.864],[37.558,55.874],[37.558,55.879],[37.547,55.877],[37.546,55.878],[37.544,55.882],[37.543,55.887],[37.551,55.887],[37.551,55.897],[37.552,55.898]]]}},{"type":"Feature","properties":{"territory_id":2499,"name":"Головинский","region":"Москва","type":"внутригородская территория города федерального значения","in_panel":true},"geometry":{"type":"Polygon","coordinates":[[[37.497,55.853],[37.511,55.858],[37.505,55.862],[37.51,55.864],[37.514,55.868],[37.547,55.854],[37.555,55.848],[37.55,55.847],[37.523,55.841],[37.522,55.842],[37.517,55.841],[37.515,55.838],[37.505,55.837],[37.494,55.839],[37.481,55.839],[37.48,55.841],[37.473,55.84],[37.47,55.843],[37.464,55.847],[37.467,55.848],[37.476,55.85],[37.491,55.851],[37.497,55.853]]]}},{"type":"Feature","properties":{"territory_id":2500,"name":"Дмитровский","region":"Москва","type":"внутригородская территория города федерального значения","in_panel":true},"geometry":{"type":"Polygon","coordinates":[[[37.536,55.908],[37.537,55.907],[37.539,55.904],[37.542,55.902],[37.552,55.898],[37.551,55.897],[37.551,55.887],[37.543,55.887],[37.544,55.882],[37.546,55.878],[37.534,55.876],[37.534,55.875],[37.531,55.875],[37.532,55.873],[37.53,55.873],[37.526,55.875],[37.512,55.889],[37.506,55.886],[37.501,55.889],[37.496,55.892],[37.524,55.905],[37.528,55.906],[37.536,55.908]]]}},{"type":"Feature","properties":{"territory_id":2501,"name":"Западное Дегунино","region":"Москва","type":"внутригородская территория города федерального значения","in_panel":true},"geometry":{"type":"Polygon","coordinates":[[[37.496,55.892],[37.501,55.889],[37.506,55.886],[37.512,55.889],[37.526,55.875],[37.53,55.873],[37.533,55.871],[37.549,55.864],[37.56,55.857],[37.567,55.85],[37.561,55.85],[37.555,55.848],[37.547,55.854],[37.514,55.868],[37.474,55.885],[37.482,55.888],[37.484,55.891],[37.486,55.888],[37.493,55.891],[37.495,55.893],[37.496,55.892]]]}},{"type":"Feature","properties":{"territory_id":2502,"name":"Коптево","region":"Москва","type":"внутригородская территория города федерального значения","in_panel":true},"geometry":{"type":"Polygon","coordinates":[[[37.555,55.848],[37.561,55.845],[37.541,55.837],[37.534,55.834],[37.532,55.831],[37.533,55.825],[37.532,55.822],[37.535,55.82],[37.538,55.816],[37.541,55.812],[37.536,55.814],[37.53,55.816],[37.519,55.815],[37.522,55.818],[37.518,55.819],[37.519,55.821],[37.514,55.827],[37.515,55.828],[37.508,55.832],[37.509,55.833],[37.505,55.837],[37.515,55.838],[37.517,55.841],[37.522,55.842],[37.523,55.841],[37.55,55.847],[37.555,55.848]]]}},{"type":"Feature","properties":{"territory_id":2503,"name":"Левобережный","region":"Москва","type":"внутригородская территория города федерального значения","in_panel":true},"geometry":{"type":"Polygon","coordinates":[[[37.465,55.883],[37.463,55.882],[37.466,55.88],[37.469,55.876],[37.479,55.867],[37.476,55.866],[37.485,55.858],[37.489,55.859],[37.497,55.853],[37.491,55.851],[37.476,55.85],[37.467,55.848],[37.464,55.847],[37.461,55.853],[37.455,55.865],[37.454,55.87],[37.451,55.87],[37.439,55.877],[37.436,55.88],[37.44,55.881],[37.442,55.884],[37.445,55.883],[37.449,55.883],[37.465,55.883]]]}},{"type":"Feature","properties":{"territory_id":2504,"name":"Молжаниновский","region":"Москва","type":"внутригородская территория города федерального значения","in_panel":true},"geometry":{"type":"Polygon","coordinates":[[[37.39,55.913],[37.387,55.912],[37.377,55.911],[37.37,55.908],[37.366,55.914],[37.366,55.915],[37.37,55.918],[37.372,55.92],[37.378,55.921],[37.376,55.922],[37.356,55.93],[37.35,55.927],[37.349,55.926],[37.344,55.924],[37.344,55.927],[37.34,55.931],[37.337,55.933],[37.331,55.934],[37.343,55.939],[37.35,55.937],[37.354,55.939],[37.348,55.943],[37.342,55.947],[37.341,55.946],[37.336,55.951],[37.335,55.954],[37.342,55.956],[37.35,55.957],[37.346,55.954],[37.349,55.952],[37.35,55.952],[37.353,55.951],[37.359,55.956],[37.372,55.956],[37.376,55.955],[37.375,55.954],[37.381,55.951],[37.384,55.952],[37.383,55.953],[37.389,55.953],[37.39,55.952],[37.393,55.952],[37.392,55.95],[37.394,55.949],[37.397,55.949],[37.408,55.952],[37.408,55.954],[37.411,55.953],[37.415,55.955],[37.419,55.953],[37.42,55.952],[37.422,55.951],[37.421,55.95],[37.421,55.947],[37.417,55.947],[37.416,55.946],[37.41,55.945],[37.408,55.941],[37.407,55.939],[37.408,55.935],[37.41,55.932],[37.41,55.93],[37.408,55.929],[37.41,55.927],[37.411,55.925],[37.408,55.924],[37.397,55.926],[37.394,55.921],[37.395,55.919],[37.399,55.917],[37.39,55.913]]]}},{"type":"Feature","properties":{"territory_id":2505,"name":"Савеловский","region":"Москва","type":"внутригородская территория города федерального значения","in_panel":true},"geometry":{"type":"Polygon","coordinates":[[[37.581,55.808],[37.582,55.806],[37.584,55.801],[37.584,55.795],[37.587,55.793],[37.584,55.792],[37.574,55.792],[37.57,55.791],[37.564,55.794],[37.556,55.801],[37.548,55.807],[37.549,55.807],[37.556,55.805],[37.56,55.805],[37.572,55.807],[37.581,55.808]]]}},{"type":"Feature","properties":{"territory_id":2506,"name":"Сокол","region":"Москва","type":"внутригородская территория города федерального значения","in_panel":true},"geometry":{"type":"Polygon","coordinates":[[[37.487,55.815],[37.51,55.815],[37.519,55.815],[37.511,55.806],[37.52,55.804],[37.518,55.795],[37.518,55.794],[37.504,55.791],[37.501,55.796],[37.491,55.808],[37.488,55.812],[37.487,55.815]]]}},{"type":"Feature","properties":{"territory_id":2507,"name":"Тимирязевский","region":"Москва","type":"внутригородская территория города федерального значения","in_panel":true},"geometry":{"type":"Polygon","coordinates":[[[37.567,55.85],[37.574,55.848],[37.575,55.844],[37.579,55.839],[37.578,55.837],[37.576,55.835],[37.574,55.832],[37.574,55.831],[37.574,55.823],[37.578,55.817],[37.58,55.811],[37.585,55.809],[37.581,55.808],[37.572,55.807],[37.56,55.805],[37.556,55.805],[37.549,55.807],[37.541,55.812],[37.538,55.816],[37.535,55.82],[37.532,55.822],[37.533,55.825],[37.532,55.831],[37.534,55.834],[37.541,55.837],[37.561,55.845],[37.555,55.848],[37.561,55.85],[37.567,55.85]]]}},{"type":"Feature","properties":{"territory_id":2508,"name":"Ховрино","region":"Москва","type":"внутригородская территория города федерального значения","in_panel":true},"geometry":{"type":"Polygon","coordinates":[[[37.474,55.885],[37.514,55.868],[37.51,55.864],[37.505,55.862],[37.511,55.858],[37.497,55.853],[37.489,55.859],[37.485,55.858],[37.476,55.866],[37.479,55.867],[37.469,55.876],[37.466,55.88],[37.463,55.882],[37.465,55.883],[37.474,55.885]]]}},{"type":"Feature","properties":{"territory_id":2509,"name":"Хорошевский","region":"Москва","type":"внутригородская территория города федерального значения","in_panel":true},"geometry":{"type":"Polygon","coordinates":[[[37.504,55.791],[37.518,55.794],[37.518,55.795],[37.52,55.804],[37.533,55.8],[37.551,55.792],[37.542,55.785],[37.542,55.783],[37.544,55.784],[37.545,55.781],[37.551,55.777],[37.555,55.776],[37.552,55.774],[37.552,55.773],[37.544,55.773],[37.539,55.771],[37.537,55.769],[37.536,55.766],[37.531,55.763],[37.524,55.76],[37.522,55.762],[37.509,55.775],[37.506,55.78],[37.504,55.791]]]}},{"type":"Feature","properties":{"territory_id":2510,"name":"Алексеевский","region":"Москва","type":"внутригородская территория города федерального значения","in_panel":true},"geometry":{"type":"Polygon","coordinates":[[[37.671,55.824],[37.668,55.82],[37.658,55.808],[37.654,55.804],[37.65,55.799],[37.65,55.793],[37.652,55.789],[37.646,55.791],[37.643,55.793],[37.635,55.797],[37.639,55.818],[37.64,55.82],[37.65,55.829],[37.654,55.833],[37.655,55.832],[37.653,55.83],[37.654,55.829],[37.665,55.827],[37.667,55.825],[37.671,55.824]]]}},{"type":"Feature","properties":{"territory_id":2511,"name":"Алтуфьевский","region":"Москва","type":"внутригородская территория города федерального значения","in_panel":true},"geometry":{"type":"Polygon","coordinates":[[[37.587,55.887],[37.593,55.887],[37.598,55.886],[37.603,55.883],[37.608,55.879],[37.586,55.875],[37.585,55.87],[37.572,55.87],[37.571,55.87],[37.568,55.877],[37.567,55.887],[37.587,55.887]]]}},{"type":"Feature","properties":{"territory_id":2512,"name":"Бабушкинский","region":"Москва","type":"внутригородская территория города федерального значения","in_panel":true},"geometry":{"type":"Polygon","coordinates":[[[37.675,55.884],[37.678,55.881],[37.681,55.877],[37.676,55.871],[37.675,55.868],[37.684,55.864],[37.682,55.863],[37.682,55.862],[37.675,55.856],[37.673,55.854],[37.672,55.85],[37.663,55.856],[37.661,55.857],[37.653,55.858],[37.647,55.861],[37.642,55.865],[37.645,55.865],[37.648,55.867],[37.652,55.87],[37.656,55.871],[37.659,55.873],[37.657,55.877],[37.657,55.879],[37.66,55.881],[37.665,55.882],[37.669,55.882],[37.675,55.884]]]}},{"type":"Feature","properties":{"territory_id":2513,"name":"Бибирево","region":"Москва","type":"внутригородская территория города федерального значения","in_panel":true},"geometry":{"type":"Polygon","coordinates":[[[37.644,55.898],[37.636,55.894],[37.623,55.889],[37.623,55.888],[37.62,55.886],[37.614,55.883],[37.617,55.88],[37.611,55.88],[37.608,55.879],[37.603,55.883],[37.598,55.886],[37.593,55.887],[37.587,55.887],[37.587,55.908],[37.591,55.914],[37.591,55.911],[37.593,55.909],[37.62,55.902],[37.629,55.9],[37.644,55.898]]]}},{"type":"Feature","properties":{"territory_id":2514,"name":"Бутырский","region":"Москва","type":"внутригородская территория города федерального значения","in_panel":true},"geometry":{"type":"Polygon","coordinates":[[[37.576,55.835],[37.58,55.832],[37.586,55.829],[37.589,55.827],[37.603,55.818],[37.614,55.811],[37.609,55.809],[37.595,55.805],[37.596,55.799],[37.592,55.796],[37.589,55.792],[37.588,55.793],[37.587,55.793],[37.584,55.795],[37.584,55.801],[37.582,55.806],[37.581,55.808],[37.585,55.809],[37.58,55.811],[37.578,55.817],[37.574,55.823],[37.574,55.831],[37.574,55.832],[37.576,55.835]]]}},{"type":"Feature","properties":{"territory_id":2515,"name":"Лианозово","region":"Москва","type":"внутригородская территория города федерального значения","in_panel":true},"geometry":{"type":"Polygon","coordinates":[[[37.591,55.914],[37.587,55.908],[37.587,55.887],[37.567,55.887],[37.567,55.89],[37.564,55.893],[37.552,55.898],[37.542,55.902],[37.539,55.904],[37.537,55.907],[37.556,55.909],[37.571,55.911],[37.579,55.911],[37.587,55.91],[37.591,55.914]]]}},{"type":"Feature","properties":{"territory_id":2516,"name":"Лосиноостровский","region":"Москва","type":"внутригородская территория города федерального значения","in_panel":true},"geometry":{"type":"Polygon","coordinates":[[[37.72,55.886],[37.715,55.882],[37.687,55.865],[37.682,55.862],[37.682,55.863],[37.684,55.864],[37.675,55.868],[37.676,55.871],[37.681,55.877],[37.678,55.881],[37.675,55.884],[37.678,55.883],[37.682,55.886],[37.682,55.888],[37.685,55.891],[37.685,55.895],[37.694,55.895],[37.703,55.893],[37.711,55.89],[37.72,55.886]]]}},{"type":"Feature","properties":{"territory_id":2517,"name":"Марфино","region":"Москва","type":"внутригородская территория города федерального значения","in_panel":true},"geometry":{"type":"Polygon","coordinates":[[[37.574,55.848],[37.577,55.848],[37.593,55.847],[37.59,55.845],[37.587,55.845],[37.586,55.844],[37.589,55.839],[37.586,55.84],[37.582,55.838],[37.58,55.839],[37.58,55.834],[37.586,55.833],[37.592,55.834],[37.591,55.836],[37.6,55.831],[37.601,55.829],[37.604,55.818],[37.603,55.818],[37.589,55.827],[37.586,55.829],[37.58,55.832],[37.576,55.835],[37.578,55.837],[37.579,55.839],[37.575,55.844],[37.574,55.848]]]}},{"type":"Feature","properties":{"territory_id":2518,"name":"Марьина роща","region":"Москва","type":"внутригородская территория города федерального значения","in_panel":true},"geometry":{"type":"Polygon","coordinates":[[[37.614,55.811],[37.635,55.797],[37.635,55.792],[37.628,55.793],[37.616,55.793],[37.617,55.786],[37.615,55.783],[37.612,55.783],[37.605,55.785],[37.602,55.785],[37.599,55.792],[37.589,55.792],[37.592,55.796],[37.596,55.799],[37.595,55.805],[37.609,55.809],[37.614,55.811]]]}},{"type":"Feature","properties":{"territory_id":2519,"name":"Останкинский","region":"Москва","type":"внутригородская территория города федерального значения","in_panel":true},"geometry":{"type":"Polygon","coordinates":[[[37.625,55.857],[37.626,55.855],[37.627,55.846],[37.636,55.846],[37.637,55.838],[37.632,55.839],[37.632,55.836],[37.634,55.835],[37.634,55.834],[37.637,55.834],[37.64,55.832],[37.65,55.829],[37.64,55.82],[37.639,55.818],[37.635,55.797],[37.614,55.811],[37.603,55.818],[37.604,55.818],[37.601,55.829],[37.6,55.831],[37.591,55.836],[37.592,55.834],[37.586,55.833],[37.58,55.834],[37.58,55.839],[37.582,55.838],[37.586,55.84],[37.589,55.839],[37.586,55.844],[37.587,55.845],[37.59,55.845],[37.593,55.847],[37.612,55.846],[37.62,55.854],[37.62,55.859],[37.625,55.857]]]}},{"type":"Feature","properties":{"territory_id":2520,"name":"Отрадное","region":"Москва","type":"внутригородская территория города федерального значения","in_panel":true},"geometry":{"type":"Polygon","coordinates":[[[37.617,55.88],[37.616,55.878],[37.617,55.875],[37.62,55.873],[37.629,55.869],[37.631,55.865],[37.635,55.863],[37.635,55.861],[37.633,55.859],[37.633,55.857],[37.627,55.857],[37.625,55.857],[37.62,55.859],[37.62,55.854],[37.612,55.846],[37.593,55.847],[37.577,55.848],[37.574,55.848],[37.573,55.855],[37.575,55.861],[37.574,55.863],[37.571,55.87],[37.572,55.87],[37.585,55.87],[37.586,55.875],[37.608,55.879],[37.611,55.88],[37.617,55.88]]]}},{"type":"Feature","properties":{"territory_id":2521,"name":"Ростокино","region":"Москва","type":"внутригородская территория города федерального значения","in_panel":true},"geometry":{"type":"Polygon","coordinates":[[[37.67,55.839],[37.672,55.829],[37.671,55.824],[37.667,55.825],[37.665,55.827],[37.654,55.829],[37.653,55.83],[37.655,55.832],[37.654,55.833],[37.65,55.829],[37.64,55.832],[37.637,55.834],[37.634,55.834],[37.634,55.835],[37.632,55.836],[37.632,55.839],[37.637,55.838],[37.636,55.846],[37.648,55.845],[37.654,55.844],[37.663,55.841],[37.67,55.839]]]}},{"type":"Feature","properties":{"territory_id":2522,"name":"Свиблово","region":"Москва","type":"внутригородская территория города федерального значения","in_panel":true},"geometry":{"type":"Polygon","coordinates":[[[37.663,55.841],[37.654,55.844],[37.648,55.845],[37.636,55.846],[37.627,55.846],[37.626,55.855],[37.625,55.857],[37.627,55.857],[37.633,55.857],[37.633,55.859],[37.635,55.861],[37.642,55.865],[37.647,55.861],[37.653,55.858],[37.661,55.857],[37.663,55.856],[37.672,55.85],[37.671,55.847],[37.663,55.841]]]}},{"type":"Feature","properties":{"territory_id":2523,"name":"Северное Медведково","region":"Москва","type":"внутригородская территория города федерального значения","in_panel":true},"geometry":{"type":"Polygon","coordinates":[[[37.685,55.895],[37.685,55.891],[37.682,55.888],[37.682,55.886],[37.678,55.883],[37.675,55.884],[37.669,55.882],[37.665,55.882],[37.66,55.881],[37.657,55.879],[37.657,55.877],[37.646,55.877],[37.636,55.878],[37.642,55.884],[37.634,55.885],[37.62,55.886],[37.623,55.888],[37.623,55.889],[37.636,55.894],[37.644,55.898],[37.657,55.896],[37.669,55.896],[37.673,55.898],[37.676,55.896],[37.685,55.895]]]}},{"type":"Feature","properties":{"territory_id":2524,"name":"Северный","region":"Москва","type":"внутригородская территория города федерального значения","in_panel":true},"geometry":{"type":"Polygon","coordinates":[[[37.556,55.909],[37.537,55.907],[37.536,55.908],[37.519,55.942],[37.538,55.944],[37.543,55.944],[37.538,55.953],[37.547,55.954],[37.549,55.951],[37.552,55.951],[37.552,55.954],[37.555,55.954],[37.555,55.952],[37.574,55.958],[37.575,55.956],[37.578,55.956],[37.581,55.954],[37.579,55.954],[37.58,55.952],[37.579,55.949],[37.562,55.951],[37.563,55.948],[37.565,55.941],[37.57,55.941],[37.57,55.936],[37.567,55.936],[37.566,55.933],[37.561,55.932],[37.561,55.928],[37.556,55.909]]]}},{"type":"Feature","properties":{"territory_id":2525,"name":"Южное Медведково","region":"Москва","type":"внутригородская территория города федерального значения","in_panel":true},"geometry":{"type":"Polygon","coordinates":[[[37.62,55.886],[37.634,55.885],[37.642,55.884],[37.636,55.878],[37.646,55.877],[37.657,55.877],[37.659,55.873],[37.656,55.871],[37.652,55.87],[37.648,55.867],[37.645,55.865],[37.642,55.865],[37.635,55.861],[37.635,55.863],[37.631,55.865],[37.629,55.869],[37.62,55.873],[37.617,55.875],[37.616,55.878],[37.617,55.88],[37.614,55.883],[37.62,55.886]]]}},{"type":"Feature","properties":{"territory_id":2526,"name":"Ярославский","region":"Москва","type":"внутригородская территория города федерального значения","in_panel":true},"geometry":{"type":"Polygon","coordinates":[[[37.735,55.878],[37.731,55.877],[37.732,55.875],[37.724,55.873],[37.722,55.874],[37.708,55.866],[37.707,55.864],[37.709,55.863],[37.709,55.861],[37.718,55.861],[37.722,55.853],[37.719,55.851],[37.72,55.851],[37.714,55.847],[37.706,55.848],[37.704,55.849],[37.697,55.848],[37.694,55.852],[37.695,55.853],[37.693,55.856],[37.689,55.856],[37.687,55.855],[37.692,55.853],[37.69,55.851],[37.692,55.85],[37.69,55.848],[37.678,55.842],[37.676,55.839],[37.67,55.839],[37.663,55.841],[37.671,55.847],[37.672,55.85],[37.673,55.854],[37.675,55.856],[37.682,55.862],[37.687,55.865],[37.715,55.882],[37.72,55.886],[37.724,55.884],[37.728,55.884],[37.732,55.886],[37.729,55.882],[37.73,55.881],[37.735,55.878]],[[37.703,55.863],[37.705,55.861],[37.701,55.861],[37.703,55.863]]]}},{"type":"Feature","properties":{"territory_id":2527,"name":"Куркино","region":"Москва","type":"внутригородская территория города федерального значения","in_panel":true},"geometry":{"type":"Polygon","coordinates":[[[37.37,55.908],[37.377,55.911],[37.387,55.912],[37.39,55.913],[37.39,55.904],[37.391,55.902],[37.399,55.901],[37.404,55.891],[37.404,55.888],[37.406,55.886],[37.409,55.885],[37.409,55.881],[37.416,55.879],[37.417,55.878],[37.421,55.878],[37.427,55.877],[37.431,55.878],[37.421,55.875],[37.411,55.871],[37.404,55.876],[37.394,55.877],[37.382,55.878],[37.38,55.88],[37.373,55.882],[37.371,55.884],[37.374,55.886],[37.373,55.888],[37.373,55.891],[37.377,55.893],[37.374,55.895],[37.367,55.894],[37.366,55.895],[37.366,55.897],[37.368,55.898],[37.362,55.902],[37.371,55.904],[37.366,55.907],[37.37,55.908]]]}},{"type":"Feature","properties":{"territory_id":2528,"name":"Митино","region":"Москва","type":"внутригородская территория города федерального значения","in_panel":true},"geometry":{"type":"Polygon","coordinates":[[[37.395,55.854],[37.394,55.852],[37.392,55.849],[37.392,55.846],[37.395,55.84],[37.396,55.837],[37.396,55.834],[37.394,55.829],[37.394,55.83],[37.385,55.831],[37.38,55.831],[37.369,55.828],[37.366,55.826],[37.362,55.822],[37.359,55.823],[37.357,55.827],[37.354,55.826],[37.356,55.823],[37.352,55.821],[37.349,55.822],[37.352,55.824],[37.349,55.827],[37.345,55.826],[37.349,55.829],[37.349,55.832],[37.344,55.833],[37.342,55.834],[37.345,55.836],[37.34,55.839],[37.341,55.84],[37.347,55.841],[37.349,55.844],[37.343,55.845],[37.333,55.845],[37.332,55.846],[37.337,55.848],[37.338,55.85],[37.34,55.852],[37.34,55.856],[37.342,55.86],[37.347,55.862],[37.346,55.863],[37.35,55.864],[37.358,55.864],[37.362,55.868],[37.366,55.868],[37.37,55.867],[37.378,55.868],[37.378,55.862],[37.38,55.859],[37.377,55.858],[37.375,55.855],[37.38,55.854],[37.382,55.855],[37.386,55.855],[37.387,55.856],[37.39,55.854],[37.392,55.855],[37.395,55.854]]]}},{"type":"Feature","properties":{"territory_id":2529,"name":"Покровское-Стрешнево","region":"Москва","type":"внутригородская территория города федерального значения","in_panel":true},"geometry":{"type":"Polygon","coordinates":[[[37.394,55.829],[37.396,55.834],[37.405,55.832],[37.408,55.833],[37.411,55.833],[37.415,55.833],[37.415,55.835],[37.417,55.836],[37.425,55.838],[37.427,55.837],[37.428,55.835],[37.435,55.836],[37.437,55.836],[37.458,55.835],[37.465,55.837],[37.47,55.843],[37.473,55.84],[37.472,55.838],[37.478,55.833],[37.479,55.831],[37.474,55.83],[37.478,55.827],[37.486,55.827],[37.491,55.827],[37.493,55.824],[37.491,55.823],[37.488,55.82],[37.487,55.815],[37.483,55.815],[37.477,55.814],[37.47,55.812],[37.467,55.812],[37.457,55.811],[37.453,55.812],[37.449,55.814],[37.446,55.81],[37.446,55.807],[37.441,55.809],[37.438,55.809],[37.43,55.809],[37.427,55.809],[37.42,55.812],[37.415,55.815],[37.414,55.819],[37.413,55.821],[37.407,55.826],[37.398,55.828],[37.394,55.829]]]}},{"type":"Feature","properties":{"territory_id":2530,"name":"Северное Тушино","region":"Москва","type":"внутригородская территория города федерального значения","in_panel":true},"geometry":{"type":"Polygon","coordinates":[[[37.411,55.871],[37.421,55.875],[37.431,55.878],[37.436,55.88],[37.439,55.877],[37.451,55.87],[37.454,55.87],[37.455,55.865],[37.461,55.853],[37.441,55.851],[37.421,55.849],[37.411,55.851],[37.404,55.85],[37.394,55.852],[37.395,55.854],[37.398,55.86],[37.402,55.864],[37.405,55.867],[37.411,55.871]]]}},{"type":"Feature","properties":{"territory_id":2531,"name":"Строгино","region":"Москва","type":"внутригородская территория города федерального значения","in_panel":true},"geometry":{"type":"Polygon","coordinates":[[[37.385,55.809],[37.388,55.81],[37.392,55.824],[37.394,55.829],[37.398,55.828],[37.407,55.826],[37.413,55.821],[37.414,55.819],[37.415,55.815],[37.42,55.812],[37.427,55.809],[37.43,55.809],[37.438,55.809],[37.441,55.809],[37.446,55.807],[37.448,55.803],[37.446,55.794],[37.446,55.793],[37.438,55.788],[37.43,55.786],[37.423,55.787],[37.418,55.792],[37.413,55.792],[37.41,55.791],[37.407,55.786],[37.404,55.782],[37.403,55.779],[37.404,55.777],[37.409,55.776],[37.402,55.772],[37.398,55.771],[37.387,55.771],[37.383,55.772],[37.371,55.771],[37.369,55.773],[37.369,55.783],[37.371,55.788],[37.368,55.79],[37.369,55.791],[37.374,55.792],[37.384,55.802],[37.387,55.807],[37.385,55.809]]]}},{"type":"Feature","properties":{"territory_id":2532,"name":"Хорошево-Мневники","region":"Москва","type":"внутригородская территория города федерального значения","in_panel":true},"geometry":{"type":"Polygon","coordinates":[[[37.409,55.776],[37.404,55.777],[37.403,55.779],[37.404,55.782],[37.407,55.786],[37.41,55.791],[37.413,55.792],[37.418,55.792],[37.423,55.787],[37.43,55.786],[37.438,55.788],[37.446,55.793],[37.446,55.794],[37.455,55.794],[37.455,55.792],[37.465,55.791],[37.469,55.789],[37.475,55.789],[37.479,55.789],[37.49,55.788],[37.5,55.789],[37.504,55.791],[37.506,55.78],[37.509,55.775],[37.522,55.762],[37.514,55.758],[37.506,55.762],[37.498,55.766],[37.49,55.768],[37.485,55.768],[37.48,55.768],[37.476,55.765],[37.477,55.757],[37.476,55.752],[37.475,55.75],[37.473,55.747],[37.467,55.744],[37.462,55.742],[37.455,55.741],[37.453,55.741],[37.447,55.742],[37.437,55.746],[37.437,55.749],[37.439,55.751],[37.453,55.754],[37.458,55.756],[37.463,55.76],[37.465,55.762],[37.464,55.766],[37.455,55.774],[37.451,55.777],[37.445,55.777],[37.436,55.774],[37.431,55.774],[37.417,55.775],[37.409,55.776]]]}},{"type":"Feature","properties":{"territory_id":2533,"name":"Щукино","region":"Москва","type":"внутригородская территория города федерального значения","in_panel":true},"geometry":{"type":"Polygon","coordinates":[[[37.446,55.807],[37.446,55.81],[37.449,55.814],[37.453,55.812],[37.457,55.811],[37.467,55.812],[37.47,55.812],[37.477,55.814],[37.483,55.815],[37.487,55.815],[37.488,55.812],[37.491,55.808],[37.501,55.796],[37.504,55.791],[37.5,55.789],[37.49,55.788],[37.479,55.789],[37.475,55.789],[37.469,55.789],[37.465,55.791],[37.455,55.792],[37.455,55.794],[37.446,55.794],[37.448,55.803],[37.446,55.807]]]}},{"type":"Feature","properties":{"territory_id":2534,"name":"Южное Тушино","region":"Москва","type":"внутригородская территория города федерального значения","in_panel":true},"geometry":{"type":"Polygon","coordinates":[[[37.394,55.852],[37.404,55.85],[37.411,55.851],[37.421,55.849],[37.441,55.851],[37.461,55.853],[37.464,55.847],[37.47,55.843],[37.465,55.837],[37.458,55.835],[37.437,55.836],[37.435,55.836],[37.428,55.835],[37.427,55.837],[37.425,55.838],[37.417,55.836],[37.415,55.835],[37.415,55.833],[37.411,55.833],[37.408,55.833],[37.405,55.832],[37.396,55.834],[37.396,55.837],[37.395,55.84],[37.392,55.846],[37.392,55.849],[37.394,55.852]]]}},{"type":"Feature","properties":{"territory_id":2535,"name":"Арбат","region":"Москва","type":"внутригородская территория города федерального значения","in_panel":true},"geometry":{"type":"Polygon","coordinates":[[[37.574,55.745],[37.574,55.749],[37.572,55.752],[37.574,55.753],[37.577,55.755],[37.584,55.755],[37.584,55.758],[37.601,55.754],[37.606,55.754],[37.607,55.756],[37.612,55.755],[37.609,55.749],[37.604,55.75],[37.603,55.749],[37.6,55.749],[37.599,55.747],[37.596,55.748],[37.586,55.746],[37.587,55.744],[37.584,55.744],[37.583,55.745],[37.579,55.746],[37.574,55.745]]]}},{"type":"Feature","properties":{"territory_id":2536,"name":"Басманный","region":"Москва","type":"внутригородская территория города федерального значения","in_panel":true},"geometry":{"type":"Polygon","coordinates":[[[37.699,55.782],[37.705,55.781],[37.71,55.779],[37.714,55.775],[37.703,55.77],[37.697,55.767],[37.692,55.769],[37.689,55.768],[37.686,55.764],[37.684,55.76],[37.681,55.759],[37.674,55.759],[37.671,55.758],[37.673,55.754],[37.671,55.751],[37.666,55.753],[37.658,55.755],[37.649,55.753],[37.643,55.753],[37.637,55.754],[37.635,55.754],[37.631,55.757],[37.628,55.76],[37.629,55.76],[37.631,55.76],[37.634,55.762],[37.637,55.765],[37.645,55.768],[37.648,55.769],[37.655,55.77],[37.663,55.77],[37.664,55.773],[37.668,55.775],[37.676,55.778],[37.68,55.777],[37.685,55.781],[37.688,55.782],[37.699,55.782]]]}},{"type":"Feature","properties":{"territory_id":2537,"name":"Замоскворечье","region":"Москва","type":"внутригородская территория города федерального значения","in_panel":true},"geometry":{"type":"Polygon","coordinates":[[[37.625,55.749],[37.632,55.749],[37.638,55.747],[37.641,55.745],[37.645,55.741],[37.648,55.735],[37.65,55.731],[37.654,55.729],[37.652,55.728],[37.646,55.73],[37.645,55.728],[37.644,55.722],[37.642,55.722],[37.636,55.724],[37.636,55.722],[37.633,55.723],[37.628,55.721],[37.618,55.72],[37.615,55.727],[37.62,55.727],[37.62,55.729],[37.624,55.73],[37.625,55.742],[37.625,55.746],[37.626,55.746],[37.625,55.749]]]}},{"type":"Feature","properties":{"territory_id":2538,"name":"Савелки","region":"Москва","type":"внутригородская территория города федерального значения","in_panel":true},"geometry":{"type":"Polygon","coordinates":[[[37.225,55.981],[37.226,55.984],[37.225,55.985],[37.219,55.985],[37.216,55.987],[37.212,55.987],[37.214,55.993],[37.209,56.001],[37.212,56.001],[37.22,55.999],[37.22,56.0],[37.226,55.999],[37.228,55.999],[37.225,56.004],[37.232,56.004],[37.242,56.0],[37.245,56.001],[37.248,55.998],[37.261,55.993],[37.257,55.99],[37.254,55.988],[37.256,55.987],[37.263,55.989],[37.265,55.986],[37.265,55.983],[37.268,55.982],[37.264,55.973],[37.261,55.971],[37.261,55.968],[37.268,55.968],[37.262,55.967],[37.26,55.968],[37.252,55.968],[37.253,55.97],[37.242,55.979],[37.24,55.979],[37.235,55.98],[37.233,55.979],[37.23,55.98],[37.227,55.98],[37.225,55.981]]]}},{"type":"Feature","properties":{"territory_id":2539,"name":"Красносельский","region":"Москва","type":"внутригородская территория города федерального значения","in_panel":true},"geometry":{"type":"Polygon","coordinates":[[[37.652,55.789],[37.686,55.783],[37.688,55.782],[37.685,55.781],[37.68,55.777],[37.676,55.778],[37.668,55.775],[37.664,55.773],[37.663,55.77],[37.655,55.77],[37.648,55.769],[37.645,55.768],[37.637,55.765],[37.634,55.762],[37.631,55.76],[37.629,55.76],[37.628,55.76],[37.631,55.763],[37.629,55.763],[37.631,55.766],[37.633,55.773],[37.637,55.772],[37.639,55.777],[37.641,55.78],[37.645,55.78],[37.642,55.788],[37.642,55.79],[37.64,55.792],[37.643,55.793],[37.646,55.791],[37.652,55.789]]]}},{"type":"Feature","properties":{"territory_id":2540,"name":"Мещанский","region":"Москва","type":"внутригородская территория города федерального значения","in_panel":true},"geometry":{"type":"Polygon","coordinates":[[[37.635,55.797],[37.643,55.793],[37.64,55.792],[37.642,55.79],[37.642,55.788],[37.645,55.78],[37.641,55.78],[37.639,55.777],[37.637,55.772],[37.633,55.773],[37.631,55.766],[37.629,55.763],[37.631,55.763],[37.628,55.76],[37.621,55.759],[37.62,55.762],[37.62,55.765],[37.621,55.767],[37.621,55.773],[37.619,55.774],[37.617,55.78],[37.615,55.782],[37.612,55.783],[37.615,55.783],[37.617,55.786],[37.616,55.793],[37.628,55.793],[37.635,55.792],[37.635,55.797]]]}},{"type":"Feature","properties":{"territory_id":2541,"name":"Пресненский","region":"Москва","type":"внутригородская территория города федерального значения","in_panel":true},"geometry":{"type":"Polygon","coordinates":[[[37.514,55.758],[37.522,55.762],[37.524,55.76],[37.531,55.763],[37.536,55.766],[37.537,55.769],[37.539,55.771],[37.544,55.773],[37.552,55.773],[37.571,55.775],[37.575,55.776],[37.577,55.773],[37.583,55.775],[37.594,55.769],[37.597,55.768],[37.595,55.767],[37.599,55.764],[37.601,55.765],[37.604,55.763],[37.61,55.758],[37.607,55.756],[37.606,55.754],[37.601,55.754],[37.584,55.758],[37.584,55.755],[37.577,55.755],[37.574,55.753],[37.572,55.752],[37.568,55.753],[37.564,55.754],[37.56,55.753],[37.555,55.751],[37.544,55.747],[37.537,55.745],[37.528,55.745],[37.522,55.747],[37.518,55.753],[37.516,55.757],[37.514,55.758]]]}},{"type":"Feature","properties":{"territory_id":2542,"name":"Таганский","region":"Москва","type":"внутригородская территория города федерального значения","in_panel":true},"geometry":{"type":"Polygon","coordinates":[[[37.698,55.74],[37.7,55.736],[37.698,55.735],[37.694,55.729],[37.692,55.73],[37.685,55.733],[37.686,55.73],[37.681,55.729],[37.681,55.728],[37.671,55.726],[37.667,55.731],[37.666,55.732],[37.661,55.731],[37.663,55.727],[37.657,55.726],[37.654,55.729],[37.65,55.731],[37.648,55.735],[37.645,55.741],[37.641,55.745],[37.638,55.747],[37.632,55.749],[37.633,55.753],[37.635,55.754],[37.637,55.754],[37.643,55.753],[37.649,55.753],[37.658,55.755],[37.666,55.753],[37.671,55.751],[37.68,55.749],[37.685,55.747],[37.695,55.742],[37.698,55.74]]]}},{"type":"Feature","properties":{"territory_id":2543,"name":"Тверской","region":"Москва","type":"внутригородская территория города федерального значения","in_panel":true},"geometry":{"type":"Polygon","coordinates":[[[37.609,55.749],[37.612,55.755],[37.607,55.756],[37.61,55.758],[37.604,55.763],[37.601,55.765],[37.599,55.764],[37.595,55.767],[37.597,55.768],[37.594,55.769],[37.583,55.775],[37.577,55.773],[37.575,55.776],[37.581,55.777],[37.585,55.78],[37.587,55.785],[37.589,55.792],[37.588,55.793],[37.589,55.792],[37.599,55.792],[37.602,55.785],[37.605,55.785],[37.612,55.783],[37.615,55.782],[37.617,55.78],[37.619,55.774],[37.621,55.773],[37.621,55.767],[37.62,55.765],[37.62,55.762],[37.621,55.759],[37.628,55.76],[37.629,55.76],[37.628,55.76],[37.631,55.757],[37.635,55.754],[37.633,55.753],[37.632,55.749],[37.625,55.749],[37.617,55.748],[37.612,55.747],[37.609,55.749]]]}},{"type":"Feature","properties":{"territory_id":2544,"name":"Хамовники","region":"Москва","type":"внутригородская территория города федерального значения","in_panel":true},"geometry":{"type":"Polygon","coordinates":[[[37.548,55.728],[37.553,55.73],[37.564,55.735],[37.568,55.739],[37.574,55.745],[37.579,55.746],[37.583,55.745],[37.584,55.744],[37.587,55.744],[37.586,55.746],[37.596,55.748],[37.599,55.747],[37.6,55.749],[37.603,55.749],[37.604,55.75],[37.609,55.749],[37.612,55.747],[37.608,55.743],[37.606,55.738],[37.6,55.735],[37.596,55.731],[37.593,55.726],[37.586,55.719],[37.582,55.717],[37.578,55.714],[37.575,55.713],[37.565,55.711],[37.559,55.71],[37.553,55.711],[37.549,55.712],[37.543,55.716],[37.541,55.72],[37.542,55.724],[37.545,55.727],[37.548,55.728]]]}},{"type":"Feature","properties":{"territory_id":2545,"name":"Якиманка","region":"Москва","type":"внутригородская территория города федерального значения","in_panel":true},"geometry":{"type":"Polygon","coordinates":[[[37.578,55.714],[37.582,55.717],[37.586,55.719],[37.593,55.726],[37.596,55.731],[37.6,55.735],[37.606,55.738],[37.608,55.743],[37.612,55.747],[37.617,55.748],[37.625,55.749],[37.626,55.746],[37.625,55.746],[37.625,55.742],[37.624,55.73],[37.62,55.729],[37.62,55.727],[37.615,55.727],[37.618,55.72],[37.616,55.72],[37.614,55.721],[37.61,55.721],[37.609,55.719],[37.6,55.721],[37.597,55.72],[37.594,55.718],[37.592,55.719],[37.591,55.718],[37.593,55.717],[37.588,55.714],[37.588,55.713],[37.586,55.711],[37.582,55.711],[37.578,55.714]]]}},{"type":"Feature","properties":{"territory_id":2546,"name":"Выхино-Жулебино","region":"Москва","type":"внутригородская территория города федерального значения","in_panel":true},"geometry":{"type":"Polygon","coordinates":[[[37.835,55.678],[37.83,55.677],[37.825,55.68],[37.822,55.678],[37.818,55.68],[37.808,55.675],[37.804,55.678],[37.805,55.68],[37.803,55.68],[37.806,55.688],[37.799,55.689],[37.791,55.687],[37.788,55.688],[37.787,55.69],[37.789,55.69],[37.795,55.707],[37.799,55.722],[37.836,55.71],[37.852,55.704],[37.858,55.701],[37.856,55.699],[37.864,55.694],[37.86,55.691],[37.865,55.688],[37.865,55.687],[37.859,55.677],[37.857,55.676],[37.843,55.682],[37.836,55.685],[37.833,55.684],[37.832,55.683],[37.835,55.678]]]}},{"type":"Feature","properties":{"territory_id":2547,"name":"Капотня","region":"Москва","type":"внутригородская территория города федерального значения","in_panel":true},"geometry":{"type":"Polygon","coordinates":[[[37.794,55.623],[37.79,55.626],[37.785,55.633],[37.784,55.643],[37.786,55.645],[37.785,55.647],[37.783,55.649],[37.788,55.658],[37.794,55.658],[37.812,55.657],[37.841,55.657],[37.84,55.656],[37.836,55.651],[37.832,55.648],[37.825,55.643],[37.823,55.642],[37.824,55.641],[37.823,55.639],[37.818,55.639],[37.794,55.623]]]}},{"type":"Feature","properties":{"territory_id":2548,"name":"Кузьминки","region":"Москва","type":"внутригородская территория города федерального значения","in_panel":true},"geometry":{"type":"Polygon","coordinates":[[[37.803,55.68],[37.798,55.68],[37.793,55.683],[37.789,55.681],[37.785,55.683],[37.767,55.687],[37.761,55.689],[37.761,55.691],[37.759,55.69],[37.756,55.691],[37.756,55.692],[37.745,55.708],[37.748,55.708],[37.748,55.71],[37.749,55.71],[37.762,55.714],[37.766,55.715],[37.774,55.717],[37.781,55.709],[37.795,55.707],[37.789,55.69],[37.787,55.69],[37.788,55.688],[37.791,55.687],[37.799,55.689],[37.806,55.688],[37.803,55.68]]]}},{"type":"Feature","properties":{"territory_id":2549,"name":"Лефортово","region":"Москва","type":"внутригородская территория города федерального значения","in_panel":true},"geometry":{"type":"Polygon","coordinates":[[[37.737,55.746],[37.734,55.741],[37.729,55.733],[37.722,55.734],[37.716,55.736],[37.713,55.739],[37.711,55.743],[37.701,55.744],[37.701,55.742],[37.697,55.742],[37.698,55.74],[37.695,55.742],[37.685,55.747],[37.68,55.749],[37.671,55.751],[37.673,55.754],[37.671,55.758],[37.674,55.759],[37.681,55.759],[37.684,55.76],[37.686,55.764],[37.689,55.768],[37.692,55.769],[37.697,55.767],[37.703,55.77],[37.714,55.775],[37.72,55.767],[37.721,55.762],[37.718,55.756],[37.72,55.752],[37.725,55.749],[37.737,55.746]]]}},{"type":"Feature","properties":{"territory_id":2550,"name":"Люблино","region":"Москва","type":"внутригородская территория города федерального значения","in_panel":true},"geometry":{"type":"Polygon","coordinates":[[[37.841,55.657],[37.812,55.657],[37.794,55.658],[37.788,55.658],[37.782,55.664],[37.776,55.667],[37.767,55.668],[37.764,55.669],[37.759,55.668],[37.75,55.666],[37.737,55.66],[37.734,55.659],[37.727,55.656],[37.72,55.66],[37.716,55.658],[37.713,55.659],[37.722,55.665],[37.725,55.669],[37.731,55.68],[37.735,55.687],[37.733,55.692],[37.739,55.692],[37.742,55.69],[37.747,55.69],[37.754,55.689],[37.756,55.691],[37.759,55.69],[37.761,55.691],[37.761,55.689],[37.767,55.687],[37.785,55.683],[37.789,55.681],[37.793,55.683],[37.798,55.68],[37.803,55.68],[37.805,55.68],[37.804,55.678],[37.808,55.675],[37.818,55.68],[37.822,55.678],[37.825,55.68],[37.83,55.677],[37.835,55.678],[37.84,55.664],[37.84,55.658],[37.841,55.657]]]}},{"type":"Feature","properties":{"territory_id":2551,"name":"Марьино","region":"Москва","type":"внутригородская территория города федерального значения","in_panel":true},"geometry":{"type":"Polygon","coordinates":[[[37.788,55.658],[37.783,55.649],[37.78,55.649],[37.766,55.645],[37.75,55.641],[37.745,55.64],[37.73,55.641],[37.713,55.639],[37.699,55.642],[37.693,55.644],[37.695,55.646],[37.699,55.648],[37.713,55.659],[37.716,55.658],[37.72,55.66],[37.727,55.656],[37.734,55.659],[37.737,55.66],[37.75,55.666],[37.759,55.668],[37.764,55.669],[37.767,55.668],[37.776,55.667],[37.782,55.664],[37.788,55.658]]]}},{"type":"Feature","properties":{"territory_id":2552,"name":"Некрасовка","region":"Москва","type":"внутригородская территория города федерального значения","in_panel":true},"geometry":{"type":"Polygon","coordinates":[[[37.946,55.721],[37.937,55.716],[37.928,55.716],[37.926,55.715],[37.926,55.712],[37.922,55.708],[37.907,55.707],[37.907,55.705],[37.911,55.705],[37.913,55.702],[37.913,55.698],[37.915,55.697],[37.919,55.699],[37.925,55.697],[37.927,55.698],[37.94,55.698],[37.94,55.697],[37.936,55.697],[37.928,55.695],[37.923,55.689],[37.919,55.688],[37.917,55.686],[37.913,55.683],[37.914,55.682],[37.919,55.681],[37.92,55.676],[37.949,55.676],[37.95,55.675],[37.963,55.674],[37.961,55.676],[37.962,55.677],[37.964,55.68],[37.963,55.683],[37.963,55.686],[37.965,55.686],[37.962,55.688],[37.961,55.689],[37.958,55.689],[37.96,55.693],[37.958,55.694],[37.954,55.693],[37.956,55.695],[37.951,55.696],[37.948,55.695],[37.945,55.697],[37.945,55.699],[37.947,55.7],[37.953,55.701],[37.954,55.703],[37.957,55.701],[37.96,55.705],[37.958,55.706],[37.947,55.709],[37.95,55.711],[37.953,55.711],[37.964,55.709],[37.967,55.71],[37.96,55.714],[37.961,55.715],[37.967,55.716],[37.958,55.718],[37.956,55.72],[37.947,55.72],[37.946,55.721]]]}},{"type":"Feature","properties":{"territory_id":2553,"name":"Нижегородский","region":"Москва","type":"внутригородская территория города федерального значения","in_panel":true},"geometry":{"type":"Polygon","coordinates":[[[37.767,55.734],[37.762,55.733],[37.759,55.73],[37.755,55.729],[37.736,55.725],[37.717,55.722],[37.715,55.724],[37.702,55.72],[37.7,55.721],[37.694,55.723],[37.681,55.728],[37.681,55.729],[37.686,55.73],[37.685,55.733],[37.692,55.73],[37.694,55.729],[37.698,55.735],[37.7,55.736],[37.698,55.74],[37.697,55.742],[37.701,55.742],[37.701,55.744],[37.711,55.743],[37.713,55.739],[37.716,55.736],[37.722,55.734],[37.729,55.733],[37.734,55.741],[37.737,55.746],[37.741,55.744],[37.747,55.74],[37.75,55.739],[37.763,55.737],[37.767,55.734]]]}},{"type":"Feature","properties":{"territory_id":2554,"name":"Печатники","region":"Москва","type":"внутригородская территория города федерального значения","in_panel":true},"geometry":{"type":"Polygon","coordinates":[[[37.713,55.659],[37.699,55.648],[37.695,55.646],[37.693,55.644],[37.689,55.645],[37.678,55.65],[37.675,55.652],[37.672,55.654],[37.672,55.656],[37.673,55.665],[37.675,55.668],[37.682,55.671],[37.687,55.671],[37.689,55.673],[37.705,55.677],[37.712,55.681],[37.712,55.688],[37.708,55.693],[37.695,55.695],[37.684,55.697],[37.687,55.7],[37.691,55.706],[37.686,55.706],[37.679,55.715],[37.7,55.721],[37.702,55.72],[37.715,55.724],[37.717,55.722],[37.726,55.714],[37.729,55.71],[37.73,55.701],[37.732,55.694],[37.733,55.692],[37.735,55.687],[37.731,55.68],[37.725,55.669],[37.722,55.665],[37.713,55.659]]]}},{"type":"Feature","properties":{"territory_id":2555,"name":"Рязанский","region":"Москва","type":"внутригородская территория города федерального значения","in_panel":true},"geometry":{"type":"Polygon","coordinates":[[[37.799,55.722],[37.795,55.707],[37.781,55.709],[37.774,55.717],[37.766,55.715],[37.762,55.714],[37.749,55.71],[37.743,55.721],[37.74,55.724],[37.736,55.725],[37.755,55.729],[37.759,55.73],[37.762,55.733],[37.767,55.734],[37.776,55.73],[37.799,55.722]]]}},{"type":"Feature","properties":{"territory_id":2556,"name":"Текстильщики","region":"Москва","type":"внутригородская территория города федерального значения","in_panel":true},"geometry":{"type":"Polygon","coordinates":[[[37.733,55.692],[37.732,55.694],[37.73,55.701],[37.729,55.71],[37.726,55.714],[37.717,55.722],[37.736,55.725],[37.74,55.724],[37.743,55.721],[37.749,55.71],[37.748,55.71],[37.748,55.708],[37.745,55.708],[37.756,55.692],[37.756,55.691],[37.754,55.689],[37.747,55.69],[37.742,55.69],[37.739,55.692],[37.733,55.692]]]}},{"type":"Feature","properties":{"territory_id":2557,"name":"Южнопортовый","region":"Москва","type":"внутригородская территория города федерального значения","in_panel":true},"geometry":{"type":"Polygon","coordinates":[[[37.684,55.697],[37.674,55.699],[37.671,55.701],[37.667,55.701],[37.668,55.705],[37.664,55.719],[37.664,55.725],[37.663,55.727],[37.661,55.731],[37.666,55.732],[37.667,55.731],[37.671,55.726],[37.681,55.728],[37.694,55.723],[37.7,55.721],[37.679,55.715],[37.686,55.706],[37.691,55.706],[37.687,55.7],[37.684,55.697]]]}},{"type":"Feature","properties":{"territory_id":2558,"name":"Академический","region":"Москва","type":"внутригородская территория города федерального значения","in_panel":true},"geometry":{"type":"Polygon","coordinates":[[[37.552,55.684],[37.563,55.692],[37.587,55.706],[37.596,55.696],[37.602,55.692],[37.598,55.69],[37.586,55.679],[37.58,55.677],[37.58,55.675],[37.578,55.673],[37.563,55.678],[37.556,55.682],[37.552,55.684]]]}},{"type":"Feature","properties":{"territory_id":2559,"name":"Гагаринский","region":"Москва","type":"внутригородская территория города федерального значения","in_panel":true},"geometry":{"type":"Polygon","coordinates":[[[37.559,55.71],[37.565,55.711],[37.575,55.713],[37.578,55.714],[37.582,55.711],[37.589,55.707],[37.587,55.706],[37.563,55.692],[37.552,55.684],[37.547,55.681],[37.539,55.685],[37.53,55.69],[37.537,55.694],[37.559,55.71]]]}},{"type":"Feature","properties":{"territory_id":2560,"name":"Зюзино","region":"Москва","type":"внутригородская территория города федерального значения","in_panel":true},"geometry":{"type":"Polygon","coordinates":[[[37.564,55.649],[37.565,55.651],[37.581,55.666],[37.589,55.666],[37.59,55.665],[37.597,55.666],[37.601,55.665],[37.608,55.664],[37.614,55.663],[37.605,55.656],[37.606,55.641],[37.595,55.642],[37.589,55.643],[37.58,55.645],[37.572,55.648],[37.564,55.649]]]}},{"type":"Feature","properties":{"territory_id":2561,"name":"Коньково","region":"Москва","type":"внутригородская территория города федерального значения","in_panel":true},"geometry":{"type":"Polygon","coordinates":[[[37.513,55.626],[37.517,55.63],[37.52,55.634],[37.515,55.636],[37.499,55.642],[37.509,55.65],[37.513,55.648],[37.525,55.657],[37.539,55.656],[37.546,55.653],[37.551,55.651],[37.564,55.649],[37.56,55.645],[37.557,55.643],[37.55,55.641],[37.546,55.64],[37.544,55.637],[37.541,55.632],[37.541,55.629],[37.536,55.627],[37.524,55.624],[37.513,55.626]]]}},{"type":"Feature","properties":{"territory_id":2562,"name":"Котловка","region":"Москва","type":"внутригородская территория города федерального значения","in_panel":true},"geometry":{"type":"Polygon","coordinates":[[[37.608,55.664],[37.601,55.665],[37.597,55.666],[37.59,55.665],[37.589,55.666],[37.581,55.666],[37.586,55.67],[37.578,55.673],[37.58,55.675],[37.58,55.677],[37.586,55.679],[37.598,55.69],[37.602,55.692],[37.604,55.691],[37.605,55.689],[37.605,55.686],[37.607,55.684],[37.61,55.684],[37.614,55.684],[37.615,55.681],[37.612,55.679],[37.611,55.677],[37.609,55.676],[37.606,55.673],[37.606,55.669],[37.612,55.666],[37.608,55.664]]]}},{"type":"Feature","properties":{"territory_id":2563,"name":"Ломоносовский","region":"Москва","type":"внутригородская территория города федерального значения","in_panel":true},"geometry":{"type":"Polygon","coordinates":[[[37.512,55.68],[37.53,55.69],[37.539,55.685],[37.547,55.681],[37.552,55.684],[37.556,55.682],[37.546,55.673],[37.545,55.674],[37.542,55.672],[37.541,55.669],[37.534,55.668],[37.531,55.669],[37.529,55.671],[37.524,55.674],[37.512,55.68]]]}},{"type":"Feature","properties":{"territory_id":2564,"name":"Обручевский","region":"Москва","type":"внутригородская территория города федерального значения","in_panel":true},"geometry":{"type":"Polygon","coordinates":[[[37.507,55.662],[37.524,55.674],[37.529,55.671],[37.531,55.669],[37.534,55.668],[37.541,55.669],[37.542,55.672],[37.545,55.674],[37.546,55.673],[37.551,55.671],[37.555,55.671],[37.539,55.656],[37.525,55.657],[37.513,55.648],[37.509,55.65],[37.499,55.642],[37.487,55.647],[37.482,55.649],[37.502,55.659],[37.507,55.662]]]}},{"type":"Feature","properties":{"territory_id":2565,"name":"Северное Бутово","region":"Москва","type":"внутригородская территория города федерального значения","in_panel":true},"geometry":{"type":"Polygon","coordinates":[[[37.589,55.557],[37.577,55.549],[37.576,55.55],[37.576,55.552],[37.574,55.554],[37.568,55.555],[37.563,55.554],[37.56,55.554],[37.56,55.558],[37.559,55.56],[37.554,55.56],[37.555,55.561],[37.552,55.562],[37.551,55.564],[37.553,55.564],[37.553,55.568],[37.548,55.569],[37.546,55.57],[37.541,55.571],[37.537,55.573],[37.54,55.573],[37.54,55.576],[37.537,55.577],[37.539,55.58],[37.546,55.578],[37.551,55.58],[37.549,55.583],[37.546,55.584],[37.546,55.586],[37.547,55.587],[37.548,55.587],[37.57,55.582],[37.574,55.582],[37.573,55.581],[37.59,55.577],[37.592,55.575],[37.597,55.569],[37.597,55.567],[37.602,55.566],[37.604,55.565],[37.596,55.561],[37.589,55.557]]]}},{"type":"Feature","properties":{"territory_id":2566,"name":"Теплый Стан","region":"Москва","type":"внутригородская территория города федерального значения","in_panel":true},"geometry":{"type":"Polygon","coordinates":[[[37.456,55.637],[37.482,55.649],[37.487,55.647],[37.499,55.642],[37.515,55.636],[37.52,55.634],[37.517,55.63],[37.513,55.626],[37.505,55.619],[37.498,55.614],[37.491,55.61],[37.488,55.608],[37.489,55.611],[37.489,55.613],[37.482,55.619],[37.461,55.637],[37.456,55.637]]]}},{"type":"Feature","properties":{"territory_id":2567,"name":"Черемушки","region":"Москва","type":"внутригородская территория города федерального значения","in_panel":true},"geometry":{"type":"Polygon","coordinates":[[[37.546,55.673],[37.556,55.682],[37.563,55.678],[37.578,55.673],[37.586,55.67],[37.581,55.666],[37.565,55.651],[37.564,55.649],[37.551,55.651],[37.546,55.653],[37.539,55.656],[37.555,55.671],[37.551,55.671],[37.546,55.673]]]}},{"type":"Feature","properties":{"territory_id":2568,"name":"Южное Бутово","region":"Москва","type":"внутригородская территория города федерального значения","in_panel":true},"geometry":{"type":"Polygon","coordinates":[[[37.592,55.512],[37.599,55.508],[37.597,55.505],[37.605,55.502],[37.603,55.5],[37.604,55.499],[37.6,55.497],[37.6,55.496],[37.595,55.493],[37.592,55.494],[37.59,55.493],[37.591,55.491],[37.572,55.499],[37.572,55.5],[37.577,55.517],[37.568,55.517],[37.566,55.517],[37.567,55.52],[37.565,55.52],[37.561,55.515],[37.558,55.514],[37.551,55.513],[37.547,55.513],[37.547,55.512],[37.554,55.51],[37.553,55.506],[37.548,55.506],[37.547,55.504],[37.542,55.505],[37.542,55.504],[37.534,55.506],[37.533,55.503],[37.53,55.504],[37.53,55.508],[37.535,55.508],[37.536,55.511],[37.539,55.512],[37.54,55.514],[37.536,55.516],[37.535,55.518],[37.527,55.521],[37.52,55.522],[37.519,55.525],[37.507,55.527],[37.504,55.526],[37.502,55.528],[37.499,55.527],[37.495,55.528],[37.494,55.529],[37.486,55.53],[37.483,55.529],[37.483,55.527],[37.48,55.526],[37.476,55.527],[37.476,55.532],[37.475,55.533],[37.476,55.537],[37.486,55.54],[37.493,55.54],[37.508,55.543],[37.511,55.545],[37.514,55.549],[37.529,55.555],[37.545,55.552],[37.549,55.553],[37.549,55.554],[37.552,55.555],[37.554,55.56],[37.559,55.56],[37.56,55.558],[37.56,55.554],[37.563,55.554],[37.568,55.555],[37.574,55.554],[37.576,55.552],[37.576,55.55],[37.577,55.549],[37.589,55.557],[37.583,55.538],[37.584,55.537],[37.578,55.522],[37.586,55.518],[37.592,55.512]]]}},{"type":"Feature","properties":{"territory_id":2569,"name":"Ясенево","region":"Москва","type":"внутригородская территория города федерального значения","in_panel":true},"geometry":{"type":"Polygon","coordinates":[[[37.574,55.582],[37.57,55.582],[37.548,55.587],[37.547,55.587],[37.53,55.591],[37.529,55.589],[37.526,55.592],[37.518,55.594],[37.512,55.596],[37.507,55.598],[37.502,55.602],[37.494,55.609],[37.491,55.61],[37.488,55.608],[37.491,55.61],[37.498,55.614],[37.505,55.619],[37.513,55.626],[37.524,55.624],[37.536,55.627],[37.541,55.629],[37.541,55.632],[37.544,55.637],[37.546,55.64],[37.55,55.641],[37.557,55.643],[37.56,55.645],[37.564,55.649],[37.572,55.648],[37.58,55.645],[37.579,55.643],[37.581,55.641],[37.582,55.638],[37.577,55.634],[37.577,55.633],[37.586,55.631],[37.584,55.627],[37.583,55.625],[37.58,55.622],[37.577,55.622],[37.575,55.62],[37.579,55.62],[37.576,55.616],[37.578,55.615],[37.575,55.613],[37.576,55.612],[37.575,55.609],[37.57,55.608],[37.572,55.606],[37.576,55.606],[37.578,55.604],[37.582,55.604],[37.582,55.603],[37.577,55.599],[37.577,55.598],[37.581,55.598],[37.579,55.596],[37.577,55.592],[37.577,55.588],[37.577,55.586],[37.574,55.582]]]}},{"type":"Feature","properties":{"territory_id":2570,"name":"Бирюлево Восточное","region":"Москва","type":"внутригородская территория города федерального значения","in_panel":true},"geometry":{"type":"Polygon","coordinates":[[[37.664,55.572],[37.661,55.576],[37.659,55.583],[37.649,55.601],[37.645,55.606],[37.643,55.608],[37.641,55.611],[37.647,55.613],[37.66,55.615],[37.667,55.617],[37.671,55.62],[37.673,55.62],[37.675,55.622],[37.68,55.622],[37.678,55.618],[37.678,55.614],[37.681,55.61],[37.687,55.607],[37.691,55.607],[37.692,55.605],[37.696,55.604],[37.696,55.603],[37.7,55.602],[37.702,55.6],[37.705,55.598],[37.71,55.598],[37.717,55.596],[37.725,55.589],[37.716,55.586],[37.701,55.58],[37.693,55.577],[37.692,55.576],[37.691,55.572],[37.689,55.573],[37.685,55.574],[37.676,55.572],[37.664,55.572]]]}},{"type":"Feature","properties":{"territory_id":2571,"name":"Бирюлево Западное","region":"Москва","type":"внутригородская территория города федерального значения","in_panel":true},"geometry":{"type":"Polygon","coordinates":[[[37.613,55.575],[37.615,55.59],[37.617,55.593],[37.621,55.596],[37.628,55.599],[37.633,55.604],[37.637,55.608],[37.641,55.611],[37.643,55.608],[37.645,55.606],[37.649,55.601],[37.659,55.583],[37.661,55.576],[37.664,55.572],[37.613,55.575]]]}},{"type":"Feature","properties":{"territory_id":2572,"name":"Братеево","region":"Москва","type":"внутригородская территория города федерального значения","in_panel":true},"geometry":{"type":"Polygon","coordinates":[[[37.785,55.617],[37.78,55.619],[37.775,55.619],[37.769,55.62],[37.76,55.623],[37.754,55.627],[37.751,55.631],[37.739,55.631],[37.737,55.631],[37.733,55.631],[37.729,55.631],[37.73,55.632],[37.728,55.633],[37.728,55.635],[37.73,55.641],[37.745,55.64],[37.75,55.641],[37.766,55.645],[37.78,55.649],[37.783,55.649],[37.785,55.647],[37.786,55.645],[37.784,55.643],[37.785,55.633],[37.79,55.626],[37.794,55.623],[37.784,55.618],[37.785,55.617]]]}},{"type":"Feature","properties":{"territory_id":2573,"name":"Даниловский","region":"Москва","type":"внутригородская территория города федерального значения","in_panel":true},"geometry":{"type":"Polygon","coordinates":[[[37.667,55.701],[37.665,55.686],[37.644,55.684],[37.636,55.685],[37.632,55.687],[37.629,55.692],[37.628,55.694],[37.628,55.703],[37.629,55.705],[37.621,55.706],[37.611,55.704],[37.608,55.708],[37.606,55.711],[37.608,55.717],[37.614,55.717],[37.614,55.72],[37.616,55.72],[37.618,55.72],[37.628,55.721],[37.633,55.723],[37.636,55.722],[37.636,55.724],[37.642,55.722],[37.644,55.722],[37.645,55.728],[37.646,55.73],[37.652,55.728],[37.654,55.729],[37.657,55.726],[37.663,55.727],[37.664,55.725],[37.664,55.719],[37.668,55.705],[37.667,55.701]]]}},{"type":"Feature","properties":{"territory_id":2574,"name":"Донской","region":"Москва","type":"внутригородская территория города федерального значения","in_panel":true},"geometry":{"type":"Polygon","coordinates":[[[37.582,55.711],[37.586,55.711],[37.588,55.713],[37.588,55.714],[37.593,55.717],[37.591,55.718],[37.592,55.719],[37.594,55.718],[37.597,55.72],[37.6,55.721],[37.609,55.719],[37.61,55.721],[37.614,55.721],[37.616,55.72],[37.614,55.72],[37.614,55.717],[37.608,55.717],[37.606,55.711],[37.608,55.708],[37.611,55.704],[37.621,55.706],[37.629,55.705],[37.628,55.703],[37.628,55.694],[37.629,55.692],[37.622,55.691],[37.615,55.689],[37.61,55.689],[37.604,55.691],[37.602,55.692],[37.596,55.696],[37.587,55.706],[37.589,55.707],[37.582,55.711]]]}},{"type":"Feature","properties":{"territory_id":2575,"name":"Зябликово","region":"Москва","type":"внутригородская территория города федерального значения","in_panel":true},"geometry":{"type":"Polygon","coordinates":[[[37.775,55.619],[37.775,55.618],[37.773,55.616],[37.761,55.614],[37.754,55.612],[37.746,55.611],[37.743,55.612],[37.731,55.611],[37.73,55.613],[37.728,55.619],[37.728,55.624],[37.729,55.626],[37.727,55.627],[37.73,55.63],[37.729,55.631],[37.733,55.631],[37.737,55.631],[37.739,55.631],[37.751,55.631],[37.754,55.627],[37.76,55.623],[37.769,55.62],[37.775,55.619]]]}},{"type":"Feature","properties":{"territory_id":2576,"name":"Москворечье-Сабурово","region":"Москва","type":"внутригородская территория города федерального значения","in_panel":true},"geometry":{"type":"Polygon","coordinates":[[[37.729,55.631],[37.716,55.631],[37.707,55.631],[37.704,55.63],[37.696,55.629],[37.693,55.628],[37.69,55.629],[37.691,55.634],[37.687,55.636],[37.656,55.638],[37.655,55.638],[37.641,55.639],[37.642,55.641],[37.633,55.64],[37.625,55.64],[37.624,55.643],[37.622,55.652],[37.622,55.658],[37.632,55.656],[37.634,55.657],[37.637,55.655],[37.642,55.658],[37.657,55.652],[37.659,55.651],[37.661,55.65],[37.664,55.653],[37.67,55.656],[37.672,55.656],[37.672,55.654],[37.675,55.652],[37.678,55.65],[37.689,55.645],[37.693,55.644],[37.699,55.642],[37.713,55.639],[37.73,55.641],[37.728,55.635],[37.728,55.633],[37.73,55.632],[37.729,55.631]]]}},{"type":"Feature","properties":{"territory_id":2577,"name":"Нагатино-Садовники","region":"Москва","type":"внутригородская территория города федерального значения","in_panel":true},"geometry":{"type":"Polygon","coordinates":[[[37.622,55.658],[37.623,55.667],[37.627,55.673],[37.624,55.682],[37.622,55.691],[37.629,55.692],[37.632,55.687],[37.636,55.685],[37.644,55.684],[37.665,55.686],[37.664,55.681],[37.662,55.67],[37.661,55.668],[37.654,55.66],[37.654,55.655],[37.655,55.653],[37.659,55.651],[37.657,55.652],[37.642,55.658],[37.637,55.655],[37.634,55.657],[37.632,55.656],[37.622,55.658]]]}},{"type":"Feature","properties":{"territory_id":2578,"name":"Нагатинский затон","region":"Москва","type":"внутригородская территория города федерального значения","in_panel":true},"geometry":{"type":"Polygon","coordinates":[[[37.672,55.656],[37.67,55.656],[37.664,55.653],[37.661,55.65],[37.659,55.651],[37.655,55.653],[37.654,55.655],[37.654,55.66],[37.661,55.668],[37.662,55.67],[37.664,55.681],[37.665,55.686],[37.667,55.701],[37.671,55.701],[37.674,55.699],[37.684,55.697],[37.695,55.695],[37.708,55.693],[37.712,55.688],[37.712,55.681],[37.705,55.677],[37.689,55.673],[37.687,55.671],[37.682,55.671],[37.675,55.668],[37.673,55.665],[37.672,55.656]]]}},{"type":"Feature","properties":{"territory_id":2579,"name":"Нагорный","region":"Москва","type":"внутригородская территория города федерального значения","in_panel":true},"geometry":{"type":"Polygon","coordinates":[[[37.624,55.643],[37.62,55.642],[37.62,55.641],[37.606,55.641],[37.605,55.656],[37.614,55.663],[37.608,55.664],[37.612,55.666],[37.606,55.669],[37.606,55.673],[37.609,55.676],[37.611,55.677],[37.612,55.679],[37.615,55.681],[37.614,55.684],[37.61,55.684],[37.607,55.684],[37.605,55.686],[37.605,55.689],[37.604,55.691],[37.61,55.689],[37.615,55.689],[37.622,55.691],[37.624,55.682],[37.627,55.673],[37.623,55.667],[37.622,55.658],[37.622,55.652],[37.624,55.643]]]}},{"type":"Feature","properties":{"territory_id":2580,"name":"Орехово-Борисово Северное","region":"Москва","type":"внутригородская территория города федерального значения","in_panel":true},"geometry":{"type":"Polygon","coordinates":[[[37.691,55.607],[37.687,55.607],[37.681,55.61],[37.678,55.614],[37.678,55.618],[37.68,55.622],[37.675,55.622],[37.673,55.62],[37.671,55.62],[37.684,55.63],[37.685,55.631],[37.687,55.636],[37.691,55.634],[37.69,55.629],[37.693,55.628],[37.696,55.629],[37.704,55.63],[37.707,55.631],[37.716,55.631],[37.729,55.631],[37.73,55.63],[37.727,55.627],[37.729,55.626],[37.728,55.624],[37.728,55.619],[37.73,55.613],[37.703,55.609],[37.698,55.606],[37.694,55.606],[37.691,55.607]]]}},{"type":"Feature","properties":{"territory_id":2581,"name":"Орехово-Борисово Южное","region":"Москва","type":"внутригородская территория города федерального значения","in_panel":true},"geometry":{"type":"Polygon","coordinates":[[[37.725,55.589],[37.717,55.596],[37.71,55.598],[37.705,55.598],[37.702,55.6],[37.7,55.602],[37.696,55.603],[37.696,55.604],[37.692,55.605],[37.691,55.607],[37.694,55.606],[37.698,55.606],[37.703,55.609],[37.73,55.613],[37.731,55.611],[37.743,55.612],[37.746,55.611],[37.754,55.612],[37.761,55.614],[37.773,55.616],[37.775,55.618],[37.775,55.619],[37.78,55.619],[37.785,55.617],[37.78,55.616],[37.776,55.614],[37.757,55.603],[37.751,55.6],[37.734,55.593],[37.733,55.592],[37.732,55.589],[37.73,55.59],[37.726,55.59],[37.725,55.589]]]}},{"type":"Feature","properties":{"territory_id":2582,"name":"Царицыно","region":"Москва","type":"внутригородская территория города федерального значения","in_panel":true},"geometry":{"type":"Polygon","coordinates":[[[37.641,55.611],[37.635,55.615],[37.631,55.622],[37.629,55.626],[37.625,55.64],[37.633,55.64],[37.642,55.641],[37.641,55.639],[37.655,55.638],[37.656,55.638],[37.687,55.636],[37.685,55.631],[37.684,55.63],[37.671,55.62],[37.667,55.617],[37.66,55.615],[37.647,55.613],[37.641,55.611]]]}},{"type":"Feature","properties":{"territory_id":2583,"name":"Чертаново Северное","region":"Москва","type":"внутригородская территория города федерального значения","in_panel":true},"geometry":{"type":"Polygon","coordinates":[[[37.625,55.64],[37.629,55.626],[37.631,55.622],[37.624,55.621],[37.615,55.622],[37.614,55.621],[37.592,55.624],[37.588,55.624],[37.586,55.624],[37.586,55.625],[37.583,55.625],[37.584,55.627],[37.586,55.631],[37.577,55.633],[37.577,55.634],[37.582,55.638],[37.581,55.641],[37.579,55.643],[37.58,55.645],[37.589,55.643],[37.595,55.642],[37.606,55.641],[37.62,55.641],[37.62,55.642],[37.624,55.643],[37.625,55.64]]]}},{"type":"Feature","properties":{"territory_id":2584,"name":"Чертаново Центральное","region":"Москва","type":"внутригородская территория города федерального значения","in_panel":true},"geometry":{"type":"Polygon","coordinates":[[[37.633,55.604],[37.621,55.608],[37.609,55.61],[37.606,55.603],[37.6,55.604],[37.59,55.605],[37.59,55.606],[37.584,55.605],[37.582,55.604],[37.578,55.604],[37.576,55.606],[37.572,55.606],[37.57,55.608],[37.575,55.609],[37.576,55.612],[37.575,55.613],[37.578,55.615],[37.576,55.616],[37.579,55.62],[37.575,55.62],[37.577,55.622],[37.58,55.622],[37.583,55.625],[37.586,55.625],[37.586,55.624],[37.588,55.624],[37.592,55.624],[37.614,55.621],[37.615,55.622],[37.624,55.621],[37.631,55.622],[37.635,55.615],[37.641,55.611],[37.637,55.608],[37.633,55.604]]]}},{"type":"Feature","properties":{"territory_id":2585,"name":"Чертаново Южное","region":"Москва","type":"внутригородская территория города федерального значения","in_panel":true},"geometry":{"type":"Polygon","coordinates":[[[37.602,55.566],[37.597,55.567],[37.597,55.569],[37.592,55.575],[37.59,55.577],[37.573,55.581],[37.574,55.582],[37.577,55.586],[37.577,55.588],[37.577,55.592],[37.579,55.596],[37.581,55.598],[37.577,55.598],[37.577,55.599],[37.582,55.603],[37.582,55.604],[37.584,55.605],[37.59,55.606],[37.59,55.605],[37.6,55.604],[37.606,55.603],[37.609,55.61],[37.621,55.608],[37.633,55.604],[37.628,55.599],[37.621,55.596],[37.617,55.593],[37.615,55.59],[37.613,55.575],[37.6,55.575],[37.598,55.574],[37.601,55.571],[37.602,55.566]]]}},{"type":"Feature","properties":{"territory_id":2586,"name":"Старое Крюково","region":"Москва","type":"внутригородская территория города федерального значения","in_panel":true},"geometry":{"type":"Polygon","coordinates":[[[37.208,55.97],[37.189,55.974],[37.18,55.977],[37.173,55.98],[37.178,55.982],[37.18,55.984],[37.185,55.99],[37.192,55.992],[37.196,55.99],[37.196,55.989],[37.203,55.989],[37.205,55.988],[37.212,55.987],[37.216,55.987],[37.219,55.985],[37.225,55.985],[37.226,55.984],[37.225,55.981],[37.223,55.982],[37.219,55.98],[37.217,55.978],[37.219,55.977],[37.217,55.976],[37.213,55.977],[37.211,55.97],[37.212,55.969],[37.208,55.97]]]}},{"type":"Feature","properties":{"territory_id":2587,"name":"Троицк","region":"Москва","type":"внутригородская территория города федерального значения","in_panel":true},"geometry":{"type":"Polygon","coordinates":[[[37.318,55.51],[37.322,55.51],[37.323,55.51],[37.322,55.507],[37.319,55.506],[37.319,55.502],[37.319,55.5],[37.328,55.496],[37.326,55.493],[37.326,55.491],[37.324,55.486],[37.318,55.477],[37.321,55.476],[37.32,55.476],[37.32,55.475],[37.315,55.472],[37.314,55.473],[37.304,55.466],[37.305,55.466],[37.302,55.461],[37.304,55.46],[37.302,55.456],[37.305,55.451],[37.302,55.451],[37.294,55.456],[37.292,55.452],[37.288,55.453],[37.283,55.452],[37.279,55.452],[37.277,55.45],[37.275,55.448],[37.269,55.448],[37.268,55.451],[37.269,55.452],[37.269,55.455],[37.263,55.458],[37.266,55.461],[37.265,55.462],[37.261,55.472],[37.26,55.475],[37.266,55.477],[37.27,55.477],[37.273,55.478],[37.277,55.479],[37.277,55.487],[37.274,55.49],[37.27,55.49],[37.271,55.492],[37.274,55.493],[37.275,55.495],[37.278,55.496],[37.285,55.5],[37.288,55.5],[37.294,55.497],[37.298,55.493],[37.299,55.495],[37.298,55.496],[37.3,55.498],[37.3,55.499],[37.296,55.501],[37.29,55.501],[37.289,55.502],[37.29,55.504],[37.294,55.505],[37.304,55.504],[37.308,55.504],[37.308,55.507],[37.312,55.506],[37.315,55.508],[37.315,55.51],[37.318,55.511],[37.318,55.51]]]}},{"type":"Feature","properties":{"territory_id":2588,"name":"Щербинка","region":"Москва","type":"внутригородская территория города федерального значения","in_panel":true},"geometry":{"type":"Polygon","coordinates":[[[37.572,55.5],[37.572,55.499],[37.575,55.497],[37.575,55.493],[37.573,55.491],[37.575,55.49],[37.575,55.487],[37.567,55.488],[37.567,55.49],[37.557,55.49],[37.554,55.49],[37.55,55.487],[37.546,55.487],[37.539,55.492],[37.533,55.493],[37.534,55.495],[37.536,55.498],[37.537,55.499],[37.537,55.502],[37.533,55.503],[37.529,55.504],[37.529,55.508],[37.519,55.518],[37.509,55.521],[37.505,55.521],[37.507,55.522],[37.52,55.522],[37.527,55.521],[37.535,55.518],[37.536,55.516],[37.54,55.514],[37.539,55.512],[37.536,55.511],[37.535,55.508],[37.53,55.508],[37.53,55.504],[37.533,55.503],[37.534,55.506],[37.542,55.504],[37.542,55.505],[37.547,55.504],[37.548,55.506],[37.553,55.506],[37.554,55.51],[37.547,55.512],[37.547,55.513],[37.551,55.513],[37.558,55.514],[37.561,55.515],[37.565,55.52],[37.567,55.52],[37.566,55.517],[37.568,55.517],[37.577,55.517],[37.572,55.5]]]}},{"type":"Feature","properties":{"territory_id":2589,"name":"Внуковское","region":"Москва","type":"внутригородская территория города федерального значения","in_panel":true},"geometry":{"type":"Polygon","coordinates":[[[37.342,55.66],[37.347,55.66],[37.344,55.657],[37.346,55.656],[37.344,55.655],[37.342,55.657],[37.343,55.654],[37.338,55.653],[37.331,55.647],[37.332,55.646],[37.33,55.64],[37.334,55.638],[37.336,55.635],[37.339,55.635],[37.343,55.633],[37.347,55.634],[37.34,55.63],[37.344,55.63],[37.347,55.627],[37.347,55.623],[37.339,55.622],[37.333,55.62],[37.325,55.618],[37.324,55.619],[37.326,55.621],[37.324,55.622],[37.32,55.621],[37.318,55.622],[37.315,55.621],[37.314,55.623],[37.306,55.619],[37.308,55.617],[37.305,55.618],[37.299,55.619],[37.297,55.618],[37.294,55.615],[37.289,55.617],[37.284,55.615],[37.28,55.616],[37.283,55.618],[37.282,55.619],[37.279,55.616],[37.274,55.62],[37.263,55.614],[37.262,55.618],[37.255,55.616],[37.251,55.614],[37.248,55.614],[37.254,55.61],[37.251,55.608],[37.249,55.604],[37.246,55.602],[37.244,55.602],[37.242,55.607],[37.231,55.611],[37.224,55.617],[37.218,55.618],[37.217,55.622],[37.218,55.622],[37.222,55.62],[37.225,55.622],[37.227,55.62],[37.229,55.621],[37.226,55.623],[37.229,55.624],[37.232,55.625],[37.236,55.625],[37.238,55.628],[37.235,55.629],[37.24,55.633],[37.244,55.634],[37.241,55.634],[37.239,55.635],[37.236,55.636],[37.235,55.639],[37.239,55.642],[37.241,55.642],[37.241,55.644],[37.249,55.646],[37.253,55.648],[37.257,55.649],[37.262,55.65],[37.266,55.649],[37.266,55.65],[37.271,55.652],[37.271,55.651],[37.277,55.649],[37.283,55.65],[37.29,55.648],[37.29,55.652],[37.289,55.655],[37.293,55.655],[37.293,55.652],[37.29,55.652],[37.29,55.648],[37.306,55.646],[37.311,55.647],[37.313,55.65],[37.312,55.651],[37.323,55.651],[37.324,55.661],[37.319,55.662],[37.32,55.664],[37.326,55.664],[37.329,55.663],[37.33,55.664],[37.334,55.664],[37.338,55.663],[37.337,55.662],[37.332,55.66],[37.341,55.657],[37.342,55.66]]]}},{"type":"Feature","properties":{"territory_id":2590,"name":"Воскресенское","region":"Москва","type":"внутригородская территория города федерального значения","in_panel":true},"geometry":{"type":"Polygon","coordinates":[[[37.565,55.487],[37.558,55.488],[37.555,55.488],[37.542,55.485],[37.542,55.486],[37.535,55.492],[37.533,55.492],[37.533,55.495],[37.535,55.497],[37.536,55.501],[37.532,55.502],[37.531,55.501],[37.527,55.502],[37.529,55.504],[37.524,55.506],[37.529,55.508],[37.519,55.518],[37.505,55.521],[37.505,55.522],[37.493,55.519],[37.491,55.517],[37.484,55.513],[37.48,55.515],[37.472,55.511],[37.466,55.507],[37.469,55.505],[37.466,55.504],[37.465,55.502],[37.459,55.497],[37.458,55.497],[37.457,55.494],[37.455,55.494],[37.454,55.496],[37.449,55.496],[37.449,55.498],[37.451,55.499],[37.445,55.502],[37.442,55.504],[37.437,55.504],[37.439,55.502],[37.438,55.501],[37.435,55.501],[37.432,55.504],[37.433,55.506],[37.429,55.506],[37.429,55.504],[37.424,55.504],[37.422,55.505],[37.42,55.506],[37.418,55.507],[37.415,55.505],[37.418,55.501],[37.414,55.502],[37.408,55.501],[37.405,55.502],[37.409,55.505],[37.41,55.508],[37.405,55.51],[37.407,55.513],[37.416,55.511],[37.417,55.512],[37.413,55.513],[37.411,55.516],[37.407,55.516],[37.405,55.517],[37.407,55.519],[37.404,55.521],[37.401,55.521],[37.399,55.52],[37.397,55.521],[37.397,55.527],[37.393,55.527],[37.392,55.529],[37.393,55.532],[37.401,55.535],[37.398,55.539],[37.4,55.54],[37.412,55.545],[37.42,55.539],[37.425,55.541],[37.424,55.542],[37.43,55.544],[37.434,55.542],[37.442,55.54],[37.446,55.542],[37.445,55.538],[37.449,55.539],[37.459,55.537],[37.462,55.536],[37.466,55.536],[37.465,55.533],[37.47,55.534],[37.471,55.529],[37.476,55.527],[37.48,55.526],[37.483,55.527],[37.483,55.529],[37.486,55.53],[37.494,55.529],[37.495,55.528],[37.499,55.527],[37.502,55.528],[37.504,55.526],[37.507,55.527],[37.519,55.525],[37.52,55.522],[37.507,55.522],[37.505,55.521],[37.509,55.521],[37.519,55.518],[37.529,55.508],[37.529,55.504],[37.533,55.503],[37.537,55.502],[37.537,55.499],[37.536,55.498],[37.534,55.495],[37.533,55.493],[37.539,55.492],[37.546,55.487],[37.55,55.487],[37.554,55.49],[37.557,55.49],[37.567,55.49],[37.567,55.488],[37.575,55.487],[37.575,55.49],[37.573,55.491],[37.575,55.493],[37.575,55.497],[37.572,55.499],[37.572,55.5],[37.572,55.499],[37.591,55.491],[37.59,55.493],[37.592,55.494],[37.595,55.493],[37.6,55.496],[37.6,55.497],[37.604,55.499],[37.603,55.5],[37.605,55.502],[37.597,55.505],[37.599,55.508],[37.592,55.512],[37.598,55.515],[37.601,55.511],[37.604,55.513],[37.605,55.513],[37.602,55.51],[37.608,55.51],[37.609,55.502],[37.606,55.502],[37.609,55.501],[37.61,55.493],[37.607,55.492],[37.611,55.491],[37.611,55.49],[37.606,55.488],[37.605,55.492],[37.602,55.489],[37.597,55.489],[37.595,55.489],[37.583,55.494],[37.582,55.492],[37.586,55.489],[37.584,55.488],[37.587,55.487],[37.583,55.486],[37.58,55.484],[37.578,55.484],[37.579,55.487],[37.567,55.488],[37.565,55.487]]]}},{"type":"Feature","properties":{"territory_id":2591,"name":"Вороновское","region":"Москва","type":"внутригородская территория города федерального значения","in_panel":true},"geometry":{"type":"Polygon","coordinates":[[[37.202,55.24],[37.185,55.245],[37.181,55.246],[37.179,55.244],[37.176,55.249],[37.172,55.25],[37.171,55.248],[37.169,55.248],[37.167,55.247],[37.165,55.247],[37.167,55.248],[37.164,55.249],[37.167,55.25],[37.162,55.249],[37.159,55.25],[37.164,55.253],[37.158,55.254],[37.13,55.271],[37.127,55.27],[37.126,55.271],[37.122,55.27],[37.121,55.27],[37.119,55.273],[37.117,55.274],[37.116,55.271],[37.115,55.271],[37.107,55.273],[37.109,55.274],[37.1,55.276],[37.056,55.288],[37.022,55.302],[37.021,55.301],[37.017,55.301],[37.013,55.299],[37.011,55.299],[37.01,55.298],[37.006,55.298],[37.004,55.299],[37.005,55.3],[37.004,55.301],[37.005,55.303],[37.004,55.304],[37.001,55.305],[36.998,55.306],[36.997,55.308],[36.999,55.308],[36.996,55.31],[36.995,55.308],[36.99,55.31],[36.991,55.311],[36.988,55.313],[36.986,55.316],[36.99,55.325],[36.989,55.325],[36.99,55.328],[36.991,55.328],[36.991,55.33],[36.992,55.333],[36.995,55.334],[36.998,55.332],[36.999,55.333],[37.011,55.341],[36.974,55.352],[36.97,55.352],[36.97,55.356],[36.974,55.36],[36.975,55.361],[36.977,55.364],[36.976,55.368],[36.978,55.371],[36.98,55.372],[36.981,55.375],[36.986,55.374],[36.99,55.375],[36.994,55.375],[36.998,55.377],[36.998,55.378],[37.002,55.38],[37.008,55.385],[37.009,55.386],[37.012,55.39],[37.013,55.392],[37.01,55.392],[37.008,55.394],[37.01,55.397],[37.016,55.399],[37.021,55.399],[37.027,55.402],[37.028,55.402],[37.036,55.403],[37.036,55.402],[37.043,55.399],[37.053,55.4],[37.055,55.399],[37.054,55.397],[37.053,55.395],[37.056,55.394],[37.059,55.392],[37.059,55.387],[37.067,55.391],[37.069,55.391],[37.07,55.393],[37.073,55.392],[37.072,55.39],[37.073,55.387],[37.071,55.385],[37.074,55.383],[37.07,55.379],[37.072,55.378],[37.073,55.375],[37.082,55.373],[37.083,55.372],[37.086,55.371],[37.086,55.372],[37.09,55.371],[37.1,55.369],[37.098,55.369],[37.098,55.367],[37.095,55.366],[37.097,55.362],[37.098,55.362],[37.098,55.366],[37.103,55.368],[37.102,55.365],[37.105,55.364],[37.109,55.364],[37.112,55.365],[37.114,55.365],[37.115,55.367],[37.117,55.366],[37.119,55.366],[37.121,55.37],[37.127,55.369],[37.128,55.369],[37.134,55.368],[37.139,55.364],[37.14,55.364],[37.144,55.368],[37.148,55.366],[37.15,55.367],[37.154,55.364],[37.156,55.365],[37.159,55.365],[37.162,55.366],[37.159,55.369],[37.163,55.369],[37.168,55.369],[37.173,55.369],[37.173,55.366],[37.176,55.368],[37.185,55.368],[37.186,55.37],[37.189,55.372],[37.192,55.375],[37.197,55.379],[37.205,55.383],[37.207,55.382],[37.214,55.382],[37.217,55.384],[37.219,55.384],[37.224,55.387],[37.226,55.384],[37.224,55.382],[37.231,55.376],[37.236,55.376],[37.239,55.374],[37.236,55.371],[37.231,55.368],[37.232,55.367],[37.233,55.359],[37.234,55.358],[37.244,55.361],[37.247,55.359],[37.26,55.358],[37.263,55.356],[37.263,55.353],[37.267,55.354],[37.268,55.35],[37.27,55.35],[37.272,55.348],[37.269,55.348],[37.27,55.344],[37.272,55.343],[37.273,55.34],[37.273,55.335],[37.267,55.331],[37.264,55.332],[37.259,55.331],[37.26,55.329],[37.258,55.329],[37.257,55.328],[37.252,55.33],[37.251,55.329],[37.255,55.326],[37.255,55.323],[37.254,55.322],[37.256,55.321],[37.251,55.319],[37.249,55.321],[37.248,55.319],[37.243,55.318],[37.244,55.316],[37.247,55.313],[37.246,55.31],[37.25,55.309],[37.249,55.308],[37.244,55.307],[37.243,55.305],[37.24,55.305],[37.239,55.301],[37.235,55.302],[37.234,55.299],[37.236,55.297],[37.235,55.296],[37.235,55.293],[37.236,55.292],[37.238,55.293],[37.24,55.292],[37.243,55.294],[37.246,55.294],[37.246,55.293],[37.25,55.292],[37.25,55.294],[37.253,55.294],[37.255,55.292],[37.255,55.289],[37.256,55.289],[37.263,55.266],[37.264,55.266],[37.262,55.262],[37.268,55.261],[37.272,55.259],[37.268,55.256],[37.277,55.252],[37.274,55.245],[37.27,55.241],[37.264,55.24],[37.254,55.24],[37.251,55.24],[37.247,55.242],[37.246,55.239],[37.235,55.243],[37.236,55.244],[37.233,55.246],[37.235,55.248],[37.229,55.25],[37.223,55.252],[37.219,55.253],[37.216,55.252],[37.214,55.253],[37.21,55.251],[37.208,55.249],[37.206,55.249],[37.201,55.244],[37.205,55.242],[37.202,55.24]]]}},{"type":"Feature","properties":{"territory_id":2592,"name":"Десеновское","region":"Москва","type":"внутригородская территория города федерального значения","in_panel":true},"geometry":{"type":"Polygon","coordinates":[[[37.387,55.452],[37.384,55.453],[37.379,55.453],[37.371,55.453],[37.37,55.454],[37.366,55.453],[37.363,55.454],[37.36,55.455],[37.358,55.459],[37.35,55.459],[37.348,55.457],[37.348,55.455],[37.337,55.453],[37.335,55.454],[37.339,55.459],[37.338,55.461],[37.339,55.462],[37.345,55.463],[37.347,55.464],[37.34,55.465],[37.337,55.466],[37.337,55.467],[37.34,55.467],[37.34,55.469],[37.346,55.468],[37.351,55.469],[37.35,55.47],[37.354,55.47],[37.355,55.474],[37.32,55.476],[37.321,55.476],[37.318,55.477],[37.324,55.486],[37.326,55.491],[37.326,55.493],[37.328,55.496],[37.319,55.5],[37.319,55.502],[37.319,55.506],[37.322,55.507],[37.323,55.51],[37.322,55.51],[37.318,55.51],[37.318,55.512],[37.322,55.513],[37.322,55.512],[37.325,55.514],[37.331,55.514],[37.333,55.515],[37.328,55.517],[37.328,55.522],[37.331,55.521],[37.339,55.522],[37.341,55.525],[37.347,55.525],[37.35,55.528],[37.347,55.53],[37.347,55.532],[37.339,55.535],[37.342,55.536],[37.347,55.535],[37.348,55.537],[37.345,55.538],[37.342,55.54],[37.342,55.541],[37.348,55.542],[37.348,55.543],[37.353,55.546],[37.352,55.547],[37.354,55.55],[37.357,55.549],[37.358,55.549],[37.365,55.548],[37.366,55.548],[37.37,55.548],[37.375,55.546],[37.377,55.547],[37.383,55.545],[37.388,55.546],[37.392,55.544],[37.395,55.545],[37.397,55.544],[37.397,55.542],[37.4,55.54],[37.398,55.539],[37.401,55.535],[37.393,55.532],[37.392,55.529],[37.393,55.527],[37.397,55.527],[37.397,55.521],[37.399,55.52],[37.401,55.521],[37.404,55.521],[37.407,55.519],[37.405,55.517],[37.407,55.516],[37.411,55.516],[37.413,55.513],[37.417,55.512],[37.416,55.511],[37.407,55.513],[37.405,55.51],[37.41,55.508],[37.409,55.505],[37.405,55.502],[37.408,55.501],[37.414,55.502],[37.418,55.501],[37.415,55.505],[37.418,55.507],[37.42,55.506],[37.422,55.505],[37.424,55.504],[37.429,55.504],[37.429,55.506],[37.433,55.506],[37.432,55.504],[37.435,55.501],[37.438,55.501],[37.439,55.502],[37.437,55.504],[37.442,55.504],[37.445,55.502],[37.451,55.499],[37.449,55.498],[37.449,55.496],[37.454,55.496],[37.455,55.494],[37.449,55.49],[37.446,55.491],[37.441,55.487],[37.441,55.484],[37.439,55.481],[37.439,55.479],[37.432,55.476],[37.426,55.476],[37.43,55.472],[37.429,55.469],[37.425,55.47],[37.421,55.468],[37.42,55.469],[37.416,55.466],[37.412,55.466],[37.411,55.463],[37.408,55.465],[37.405,55.465],[37.4,55.467],[37.403,55.468],[37.395,55.469],[37.391,55.467],[37.392,55.464],[37.394,55.463],[37.389,55.457],[37.384,55.458],[37.384,55.457],[37.386,55.456],[37.388,55.454],[37.387,55.452]]]}},{"type":"Feature","properties":{"territory_id":2593,"name":"Киевский","region":"Москва","type":"внутригородская территория города федерального значения","in_panel":true},"geometry":{"type":"MultiPolygon","coordinates":[[[[36.804,55.452],[36.813,55.451],[36.833,55.451],[36.846,55.451],[36.86,55.451],[36.865,55.451],[36.858,55.448],[36.862,55.447],[36.869,55.449],[36.875,55.451],[36.882,55.456],[36.886,55.455],[36.895,55.45],[36.882,55.443],[36.891,55.437],[36.893,55.437],[36.897,55.439],[36.892,55.425],[36.894,55.423],[36.892,55.421],[36.892,55.411],[36.904,55.4],[36.905,55.397],[36.906,55.389],[36.909,55.386],[36.912,55.386],[36.915,55.385],[36.914,55.387],[36.924,55.386],[36.923,55.382],[36.929,55.381],[36.933,55.379],[36.937,55.378],[36.944,55.381],[36.946,55.381],[36.946,55.384],[36.95,55.384],[36.952,55.382],[36.957,55.381],[36.954,55.38],[36.953,55.376],[36.964,55.368],[36.961,55.364],[36.964,55.361],[36.974,55.362],[36.974,55.36],[36.97,55.356],[36.97,55.352],[36.974,55.352],[37.011,55.341],[36.999,55.333],[36.998,55.332],[36.995,55.334],[36.992,55.333],[36.991,55.33],[36.991,55.328],[36.99,55.328],[36.989,55.325],[36.99,55.325],[36.986,55.316],[36.978,55.319],[36.964,55.324],[36.96,55.322],[36.945,55.329],[36.947,55.331],[36.942,55.333],[36.939,55.337],[36.937,55.337],[36.936,55.341],[36.916,55.351],[36.916,55.354],[36.907,55.355],[36.903,55.356],[36.904,55.357],[36.856,55.381],[36.863,55.385],[36.848,55.392],[36.862,55.401],[36.834,55.414],[36.842,55.419],[36.827,55.421],[36.821,55.425],[36.823,55.425],[36.826,55.428],[36.828,55.429],[36.822,55.429],[36.819,55.427],[36.811,55.436],[36.803,55.441],[36.804,55.452]]],[[[36.904,55.317],[36.906,55.317],[36.909,55.32],[36.91,55.326],[36.909,55.329],[36.91,55.331],[36.916,55.33],[36.913,55.326],[36.923,55.325],[36.919,55.319],[36.918,55.317],[36.912,55.317],[36.911,55.314],[36.907,55.311],[36.903,55.313],[36.901,55.315],[36.904,55.317]]]]}},{"type":"Feature","properties":{"territory_id":2594,"name":"Кленовское","region":"Москва","type":"внутригородская территория города федерального значения","in_panel":false},"geometry":{"type":"Polygon","coordinates":[[[37.272,55.259],[37.268,55.261],[37.262,55.262],[37.264,55.266],[37.263,55.266],[37.256,55.289],[37.255,55.289],[37.255,55.292],[37.253,55.294],[37.25,55.294],[37.25,55.292],[37.246,55.293],[37.246,55.294],[37.243,55.294],[37.24,55.292],[37.238,55.293],[37.236,55.292],[37.235,55.293],[37.235,55.296],[37.236,55.297],[37.234,55.299],[37.235,55.302],[37.239,55.301],[37.24,55.305],[37.243,55.305],[37.244,55.307],[37.249,55.308],[37.25,55.309],[37.246,55.31],[37.247,55.313],[37.244,55.316],[37.243,55.318],[37.248,55.319],[37.249,55.321],[37.251,55.319],[37.256,55.321],[37.254,55.322],[37.255,55.323],[37.255,55.326],[37.251,55.329],[37.252,55.33],[37.257,55.328],[37.258,55.329],[37.26,55.329],[37.259,55.331],[37.264,55.332],[37.267,55.331],[37.273,55.335],[37.273,55.34],[37.272,55.343],[37.27,55.344],[37.269,55.348],[37.272,55.348],[37.27,55.35],[37.268,55.35],[37.267,55.354],[37.263,55.353],[37.263,55.356],[37.26,55.358],[37.263,55.361],[37.269,55.358],[37.272,55.359],[37.273,55.364],[37.278,55.367],[37.286,55.369],[37.284,55.364],[37.286,55.364],[37.287,55.362],[37.285,55.359],[37.287,55.359],[37.286,55.357],[37.287,55.355],[37.291,55.353],[37.289,55.351],[37.293,55.351],[37.296,55.354],[37.298,55.355],[37.299,55.357],[37.308,55.357],[37.314,55.358],[37.314,55.359],[37.317,55.358],[37.314,55.355],[37.316,55.354],[37.324,55.354],[37.325,55.352],[37.327,55.351],[37.331,55.353],[37.334,55.352],[37.338,55.354],[37.338,55.356],[37.34,55.356],[37.34,55.358],[37.343,55.357],[37.344,55.356],[37.347,55.358],[37.351,55.356],[37.377,55.366],[37.379,55.366],[37.377,55.364],[37.374,55.364],[37.37,55.362],[37.373,55.361],[37.371,55.358],[37.373,55.358],[37.373,55.356],[37.371,55.353],[37.374,55.352],[37.378,55.351],[37.384,55.352],[37.389,55.351],[37.386,55.348],[37.386,55.347],[37.391,55.345],[37.394,55.343],[37.397,55.343],[37.398,55.341],[37.395,55.339],[37.396,55.336],[37.398,55.335],[37.398,55.333],[37.395,55.332],[37.391,55.334],[37.389,55.332],[37.391,55.329],[37.388,55.328],[37.39,55.327],[37.393,55.328],[37.401,55.326],[37.41,55.323],[37.411,55.322],[37.41,55.32],[37.414,55.319],[37.418,55.317],[37.424,55.316],[37.428,55.315],[37.422,55.312],[37.415,55.312],[37.41,55.309],[37.407,55.311],[37.402,55.313],[37.4,55.314],[37.397,55.316],[37.396,55.315],[37.389,55.316],[37.383,55.317],[37.386,55.315],[37.388,55.312],[37.39,55.312],[37.391,55.31],[37.393,55.31],[37.394,55.308],[37.39,55.303],[37.393,55.3],[37.399,55.302],[37.404,55.3],[37.404,55.296],[37.409,55.297],[37.411,55.296],[37.413,55.294],[37.409,55.292],[37.41,55.29],[37.418,55.291],[37.415,55.29],[37.415,55.286],[37.414,55.284],[37.411,55.279],[37.412,55.279],[37.407,55.261],[37.405,55.251],[37.4,55.25],[37.385,55.247],[37.363,55.242],[37.353,55.239],[37.334,55.238],[37.335,55.237],[37.333,55.229],[37.327,55.229],[37.317,55.228],[37.318,55.223],[37.317,55.221],[37.309,55.222],[37.301,55.225],[37.3,55.231],[37.304,55.232],[37.307,55.232],[37.305,55.234],[37.305,55.238],[37.307,55.24],[37.303,55.243],[37.294,55.242],[37.291,55.249],[37.272,55.259]]]}},{"type":"Feature","properties":{"territory_id":2595,"name":"Кокошкино","region":"Москва","type":"внутригородская территория города федерального значения","in_panel":true},"geometry":{"type":"Polygon","coordinates":[[[37.211,55.62],[37.21,55.619],[37.202,55.616],[37.196,55.612],[37.183,55.606],[37.187,55.603],[37.184,55.602],[37.184,55.601],[37.19,55.603],[37.191,55.602],[37.193,55.598],[37.191,55.598],[37.186,55.596],[37.185,55.595],[37.183,55.596],[37.179,55.595],[37.181,55.592],[37.178,55.59],[37.185,55.586],[37.179,55.585],[37.176,55.585],[37.172,55.586],[37.167,55.583],[37.162,55.583],[37.159,55.585],[37.154,55.584],[37.148,55.585],[37.147,55.588],[37.149,55.589],[37.148,55.591],[37.149,55.592],[37.147,55.593],[37.144,55.593],[37.141,55.595],[37.137,55.595],[37.132,55.599],[37.134,55.601],[37.134,55.604],[37.133,55.606],[37.142,55.609],[37.146,55.609],[37.147,55.606],[37.152,55.604],[37.16,55.604],[37.164,55.606],[37.172,55.605],[37.177,55.607],[37.181,55.611],[37.182,55.613],[37.187,55.613],[37.185,55.619],[37.189,55.62],[37.192,55.62],[37.207,55.623],[37.211,55.62]]]}},{"type":"Feature","properties":{"territory_id":2596,"name":"Краснопахорское","region":"Москва","type":"внутригородская территория города федерального значения","in_panel":true},"geometry":{"type":"Polygon","coordinates":[[[37.15,55.439],[37.153,55.44],[37.155,55.443],[37.158,55.442],[37.162,55.444],[37.164,55.444],[37.164,55.445],[37.16,55.445],[37.16,55.447],[37.155,55.446],[37.155,55.445],[37.151,55.445],[37.151,55.448],[37.154,55.447],[37.165,55.448],[37.168,55.449],[37.18,55.449],[37.183,55.45],[37.186,55.449],[37.19,55.449],[37.19,55.452],[37.187,55.453],[37.193,55.456],[37.195,55.454],[37.202,55.456],[37.205,55.454],[37.208,55.453],[37.214,55.453],[37.22,55.455],[37.218,55.457],[37.202,55.462],[37.206,55.464],[37.204,55.465],[37.207,55.467],[37.211,55.466],[37.212,55.466],[37.217,55.465],[37.219,55.466],[37.218,55.467],[37.22,55.468],[37.223,55.468],[37.226,55.467],[37.229,55.468],[37.231,55.466],[37.236,55.467],[37.255,55.469],[37.256,55.471],[37.261,55.472],[37.265,55.462],[37.266,55.461],[37.263,55.458],[37.269,55.455],[37.269,55.452],[37.268,55.451],[37.269,55.448],[37.275,55.448],[37.277,55.45],[37.279,55.452],[37.283,55.452],[37.288,55.453],[37.292,55.452],[37.294,55.456],[37.302,55.451],[37.305,55.451],[37.302,55.456],[37.304,55.46],[37.302,55.461],[37.305,55.466],[37.304,55.466],[37.314,55.473],[37.315,55.472],[37.32,55.475],[37.32,55.476],[37.355,55.474],[37.354,55.47],[37.35,55.47],[37.351,55.469],[37.346,55.468],[37.34,55.469],[37.34,55.467],[37.337,55.467],[37.337,55.466],[37.34,55.465],[37.347,55.464],[37.345,55.463],[37.339,55.462],[37.338,55.461],[37.339,55.459],[37.335,55.454],[37.337,55.453],[37.348,55.455],[37.348,55.457],[37.35,55.459],[37.358,55.459],[37.36,55.455],[37.363,55.454],[37.361,55.444],[37.359,55.444],[37.355,55.442],[37.357,55.438],[37.362,55.436],[37.359,55.435],[37.355,55.435],[37.349,55.432],[37.346,55.434],[37.343,55.435],[37.344,55.433],[37.342,55.429],[37.342,55.428],[37.337,55.426],[37.333,55.423],[37.33,55.423],[37.326,55.42],[37.324,55.419],[37.321,55.404],[37.318,55.404],[37.319,55.401],[37.317,55.401],[37.304,55.401],[37.302,55.386],[37.306,55.383],[37.303,55.382],[37.3,55.38],[37.3,55.379],[37.305,55.378],[37.308,55.379],[37.31,55.378],[37.313,55.375],[37.309,55.373],[37.303,55.37],[37.301,55.37],[37.298,55.371],[37.3,55.373],[37.294,55.373],[37.286,55.369],[37.278,55.367],[37.273,55.364],[37.272,55.359],[37.269,55.358],[37.263,55.361],[37.26,55.358],[37.247,55.359],[37.244,55.361],[37.234,55.358],[37.233,55.359],[37.232,55.367],[37.231,55.368],[37.236,55.371],[37.239,55.374],[37.236,55.376],[37.231,55.376],[37.224,55.382],[37.226,55.384],[37.224,55.387],[37.227,55.389],[37.225,55.39],[37.228,55.393],[37.233,55.395],[37.232,55.397],[37.237,55.401],[37.236,55.402],[37.235,55.408],[37.229,55.41],[37.226,55.412],[37.226,55.414],[37.221,55.412],[37.219,55.416],[37.222,55.419],[37.217,55.417],[37.214,55.416],[37.212,55.411],[37.21,55.411],[37.21,55.413],[37.206,55.413],[37.204,55.411],[37.202,55.412],[37.2,55.413],[37.195,55.415],[37.195,55.418],[37.191,55.42],[37.19,55.42],[37.192,55.422],[37.192,55.424],[37.186,55.425],[37.181,55.426],[37.177,55.425],[37.15,55.439]]]}},{"type":"Feature","properties":{"territory_id":2597,"name":"Марушкинское","region":"Москва","type":"внутригородская территория города федерального значения","in_panel":true},"geometry":{"type":"Polygon","coordinates":[[[37.132,55.599],[37.137,55.595],[37.141,55.595],[37.144,55.593],[37.147,55.593],[37.149,55.592],[37.148,55.591],[37.149,55.589],[37.147,55.588],[37.148,55.585],[37.154,55.584],[37.159,55.585],[37.162,55.583],[37.167,55.583],[37.172,55.586],[37.176,55.585],[37.179,55.585],[37.185,55.586],[37.178,55.59],[37.181,55.592],[37.179,55.595],[37.183,55.596],[37.185,55.595],[37.186,55.596],[37.191,55.598],[37.193,55.598],[37.191,55.602],[37.192,55.601],[37.194,55.603],[37.198,55.605],[37.195,55.607],[37.201,55.61],[37.203,55.609],[37.204,55.607],[37.207,55.607],[37.21,55.605],[37.212,55.602],[37.216,55.602],[37.218,55.604],[37.214,55.608],[37.221,55.611],[37.218,55.613],[37.217,55.615],[37.224,55.617],[37.231,55.611],[37.242,55.607],[37.244,55.602],[37.246,55.602],[37.242,55.597],[37.235,55.593],[37.236,55.588],[37.234,55.587],[37.23,55.585],[37.231,55.584],[37.242,55.585],[37.251,55.583],[37.266,55.586],[37.268,55.584],[37.263,55.581],[37.267,55.579],[37.266,55.576],[37.262,55.575],[37.263,55.574],[37.256,55.573],[37.247,55.571],[37.248,55.567],[37.25,55.564],[37.252,55.564],[37.255,55.564],[37.254,55.563],[37.257,55.558],[37.26,55.557],[37.264,55.555],[37.267,55.559],[37.271,55.559],[37.271,55.56],[37.274,55.559],[37.274,55.562],[37.28,55.563],[37.288,55.563],[37.287,55.561],[37.284,55.562],[37.283,55.56],[37.291,55.56],[37.29,55.559],[37.292,55.558],[37.295,55.558],[37.298,55.562],[37.302,55.561],[37.303,55.559],[37.303,55.557],[37.3,55.556],[37.298,55.554],[37.299,55.553],[37.289,55.552],[37.288,55.553],[37.281,55.554],[37.278,55.552],[37.271,55.55],[37.268,55.546],[37.255,55.547],[37.258,55.55],[37.249,55.55],[37.249,55.547],[37.247,55.544],[37.242,55.544],[37.242,55.55],[37.241,55.551],[37.239,55.55],[37.239,55.547],[37.233,55.546],[37.232,55.547],[37.223,55.547],[37.221,55.549],[37.22,55.546],[37.211,55.547],[37.209,55.548],[37.212,55.555],[37.214,55.557],[37.21,55.559],[37.205,55.558],[37.207,55.556],[37.202,55.555],[37.198,55.556],[37.201,55.554],[37.197,55.554],[37.192,55.553],[37.187,55.557],[37.181,55.556],[37.177,55.554],[37.175,55.556],[37.177,55.557],[37.176,55.56],[37.178,55.562],[37.176,55.564],[37.125,55.55],[37.123,55.553],[37.115,55.566],[37.11,55.568],[37.096,55.577],[37.087,55.59],[37.095,55.593],[37.092,55.596],[37.099,55.596],[37.096,55.6],[37.102,55.602],[37.109,55.604],[37.116,55.606],[37.119,55.602],[37.124,55.599],[37.132,55.599]]]}},{"type":"Feature","properties":{"territory_id":2598,"name":"Михайлово-Ярцевское","region":"Москва","type":"внутригородская территория города федерального значения","in_panel":true},"geometry":{"type":"Polygon","coordinates":[[[37.15,55.439],[37.177,55.425],[37.181,55.426],[37.186,55.425],[37.192,55.424],[37.192,55.422],[37.19,55.42],[37.191,55.42],[37.195,55.418],[37.195,55.415],[37.2,55.413],[37.202,55.412],[37.204,55.411],[37.206,55.413],[37.21,55.413],[37.21,55.411],[37.212,55.411],[37.214,55.416],[37.217,55.417],[37.222,55.419],[37.219,55.416],[37.221,55.412],[37.226,55.414],[37.226,55.412],[37.229,55.41],[37.235,55.408],[37.236,55.402],[37.237,55.401],[37.232,55.397],[37.233,55.395],[37.228,55.393],[37.225,55.39],[37.227,55.389],[37.224,55.387],[37.219,55.384],[37.217,55.384],[37.214,55.382],[37.207,55.382],[37.205,55.383],[37.197,55.379],[37.192,55.375],[37.189,55.372],[37.186,55.37],[37.185,55.368],[37.176,55.368],[37.173,55.366],[37.173,55.369],[37.168,55.369],[37.163,55.369],[37.159,55.369],[37.162,55.366],[37.159,55.365],[37.156,55.365],[37.154,55.364],[37.15,55.367],[37.148,55.366],[37.144,55.368],[37.14,55.364],[37.139,55.364],[37.134,55.368],[37.128,55.369],[37.127,55.369],[37.121,55.37],[37.119,55.366],[37.117,55.366],[37.115,55.367],[37.114,55.365],[37.112,55.365],[37.109,55.364],[37.105,55.364],[37.102,55.365],[37.103,55.368],[37.098,55.366],[37.098,55.362],[37.097,55.362],[37.095,55.366],[37.098,55.367],[37.098,55.369],[37.1,55.369],[37.09,55.371],[37.086,55.372],[37.086,55.371],[37.083,55.372],[37.082,55.373],[37.073,55.375],[37.072,55.378],[37.07,55.379],[37.074,55.383],[37.071,55.385],[37.073,55.387],[37.072,55.39],[37.073,55.392],[37.07,55.393],[37.069,55.391],[37.067,55.391],[37.059,55.387],[37.059,55.392],[37.056,55.394],[37.053,55.395],[37.054,55.397],[37.055,55.399],[37.061,55.399],[37.064,55.399],[37.076,55.407],[37.074,55.412],[37.075,55.413],[37.073,55.418],[37.074,55.422],[37.077,55.426],[37.083,55.425],[37.086,55.426],[37.09,55.43],[37.094,55.432],[37.097,55.431],[37.1,55.434],[37.1,55.437],[37.107,55.439],[37.108,55.44],[37.111,55.44],[37.117,55.438],[37.12,55.439],[37.118,55.44],[37.124,55.442],[37.131,55.442],[37.134,55.443],[37.136,55.438],[37.137,55.44],[37.136,55.441],[37.141,55.443],[37.148,55.438],[37.15,55.439]]]}},{"type":"Feature","properties":{"territory_id":2599,"name":"Московский","region":"Москва","type":"внутригородская территория города федерального значения","in_panel":true},"geometry":{"type":"Polygon","coordinates":[[[37.347,55.634],[37.351,55.636],[37.358,55.635],[37.36,55.633],[37.36,55.631],[37.362,55.63],[37.366,55.631],[37.371,55.625],[37.376,55.623],[37.376,55.625],[37.387,55.632],[37.389,55.632],[37.388,55.628],[37.394,55.628],[37.395,55.629],[37.398,55.629],[37.398,55.63],[37.403,55.63],[37.41,55.629],[37.412,55.636],[37.415,55.636],[37.415,55.638],[37.417,55.638],[37.417,55.643],[37.417,55.648],[37.415,55.648],[37.414,55.651],[37.417,55.653],[37.416,55.656],[37.415,55.656],[37.413,55.658],[37.415,55.658],[37.415,55.66],[37.429,55.661],[37.434,55.66],[37.435,55.659],[37.457,55.641],[37.456,55.637],[37.447,55.633],[37.441,55.631],[37.44,55.627],[37.441,55.624],[37.444,55.623],[37.446,55.621],[37.437,55.612],[37.433,55.609],[37.409,55.61],[37.408,55.608],[37.409,55.606],[37.412,55.606],[37.409,55.603],[37.402,55.599],[37.401,55.591],[37.4,55.589],[37.391,55.581],[37.382,55.578],[37.377,55.576],[37.372,55.578],[37.366,55.58],[37.36,55.582],[37.357,55.585],[37.353,55.582],[37.35,55.585],[37.348,55.584],[37.346,55.586],[37.343,55.585],[37.344,55.583],[37.34,55.581],[37.34,55.584],[37.338,55.586],[37.335,55.587],[37.332,55.588],[37.332,55.59],[37.329,55.588],[37.332,55.585],[37.323,55.584],[37.32,55.588],[37.314,55.588],[37.309,55.59],[37.309,55.591],[37.313,55.593],[37.316,55.595],[37.319,55.596],[37.319,55.599],[37.315,55.599],[37.313,55.601],[37.31,55.601],[37.311,55.604],[37.308,55.604],[37.308,55.607],[37.314,55.61],[37.315,55.613],[37.313,55.615],[37.311,55.615],[37.308,55.617],[37.306,55.619],[37.314,55.623],[37.315,55.621],[37.318,55.622],[37.32,55.621],[37.324,55.622],[37.326,55.621],[37.324,55.619],[37.325,55.618],[37.333,55.62],[37.339,55.622],[37.347,55.623],[37.347,55.627],[37.344,55.63],[37.34,55.63],[37.347,55.634]]]}},{"type":"Feature","properties":{"territory_id":2600,"name":"Мосрентген","region":"Москва","type":"внутригородская территория города федерального значения","in_panel":true},"geometry":{"type":"Polygon","coordinates":[[[37.456,55.637],[37.461,55.637],[37.482,55.619],[37.489,55.613],[37.489,55.611],[37.488,55.608],[37.482,55.6],[37.479,55.601],[37.474,55.601],[37.463,55.604],[37.459,55.607],[37.458,55.61],[37.462,55.617],[37.46,55.617],[37.451,55.621],[37.446,55.621],[37.444,55.623],[37.441,55.624],[37.44,55.627],[37.441,55.631],[37.447,55.633],[37.456,55.637]]]}},{"type":"Feature","properties":{"territory_id":2601,"name":"Новофедоровское","region":"Москва","type":"внутригородская территория города федерального значения","in_panel":true},"geometry":{"type":"Polygon","coordinates":[[[37.108,55.44],[37.107,55.439],[37.1,55.437],[37.1,55.434],[37.097,55.431],[37.094,55.432],[37.09,55.43],[37.086,55.426],[37.083,55.425],[37.077,55.426],[37.074,55.422],[37.073,55.418],[37.075,55.413],[37.074,55.412],[37.076,55.407],[37.064,55.399],[37.061,55.399],[37.055,55.399],[37.053,55.4],[37.043,55.399],[37.036,55.402],[37.036,55.403],[37.028,55.402],[37.027,55.402],[37.021,55.399],[37.016,55.399],[37.01,55.397],[37.008,55.394],[37.01,55.392],[37.013,55.392],[37.012,55.39],[37.009,55.386],[37.008,55.385],[37.002,55.38],[36.998,55.378],[36.998,55.377],[36.994,55.375],[36.99,55.375],[36.986,55.374],[36.981,55.375],[36.98,55.372],[36.978,55.371],[36.976,55.368],[36.977,55.364],[36.975,55.361],[36.974,55.36],[36.974,55.362],[36.964,55.361],[36.961,55.364],[36.964,55.368],[36.953,55.376],[36.954,55.38],[36.957,55.381],[36.952,55.382],[36.95,55.384],[36.946,55.384],[36.946,55.381],[36.944,55.381],[36.937,55.378],[36.933,55.379],[36.929,55.381],[36.923,55.382],[36.924,55.386],[36.914,55.387],[36.915,55.385],[36.912,55.386],[36.909,55.386],[36.906,55.389],[36.905,55.397],[36.904,55.4],[36.892,55.411],[36.892,55.421],[36.894,55.423],[36.892,55.425],[36.897,55.439],[36.893,55.437],[36.891,55.437],[36.882,55.443],[36.895,55.45],[36.886,55.455],[36.882,55.456],[36.875,55.451],[36.869,55.449],[36.862,55.447],[36.858,55.448],[36.865,55.451],[36.86,55.451],[36.846,55.451],[36.833,55.451],[36.813,55.451],[36.804,55.452],[36.805,55.466],[36.815,55.466],[36.816,55.475],[36.816,55.495],[36.816,55.508],[36.828,55.508],[36.869,55.507],[36.919,55.506],[36.92,55.515],[36.936,55.515],[36.935,55.517],[36.942,55.515],[36.939,55.513],[36.936,55.509],[36.938,55.507],[36.935,55.505],[36.937,55.499],[36.938,55.499],[36.935,55.496],[36.978,55.494],[36.976,55.475],[36.973,55.455],[36.983,55.455],[36.984,55.458],[36.989,55.457],[36.99,55.459],[36.994,55.458],[36.993,55.457],[36.996,55.456],[37.0,55.453],[37.002,55.453],[37.006,55.451],[37.003,55.449],[37.006,55.446],[37.019,55.445],[37.02,55.457],[37.032,55.456],[37.036,55.458],[37.037,55.464],[37.061,55.463],[37.059,55.455],[37.077,55.454],[37.08,55.453],[37.081,55.451],[37.079,55.45],[37.081,55.448],[37.081,55.447],[37.083,55.445],[37.087,55.446],[37.089,55.441],[37.096,55.443],[37.097,55.443],[37.101,55.445],[37.1,55.446],[37.111,55.448],[37.113,55.448],[37.108,55.445],[37.113,55.441],[37.108,55.44]]]}},{"type":"Feature","properties":{"territory_id":2602,"name":"Первомайское","region":"Москва","type":"внутригородская территория города федерального значения","in_panel":true},"geometry":{"type":"Polygon","coordinates":[[[37.125,55.55],[37.176,55.564],[37.178,55.562],[37.176,55.56],[37.177,55.557],[37.175,55.556],[37.177,55.554],[37.181,55.556],[37.187,55.557],[37.192,55.553],[37.197,55.554],[37.201,55.554],[37.198,55.556],[37.202,55.555],[37.207,55.556],[37.205,55.558],[37.21,55.559],[37.214,55.557],[37.212,55.555],[37.209,55.548],[37.211,55.547],[37.22,55.546],[37.221,55.549],[37.223,55.547],[37.232,55.547],[37.233,55.546],[37.239,55.547],[37.239,55.55],[37.241,55.551],[37.242,55.55],[37.242,55.544],[37.247,55.544],[37.249,55.547],[37.249,55.55],[37.258,55.55],[37.255,55.547],[37.268,55.546],[37.269,55.546],[37.268,55.544],[37.271,55.542],[37.28,55.543],[37.282,55.539],[37.29,55.54],[37.286,55.544],[37.288,55.544],[37.297,55.544],[37.305,55.542],[37.311,55.544],[37.314,55.539],[37.318,55.539],[37.319,55.538],[37.328,55.538],[37.329,55.54],[37.333,55.54],[37.336,55.541],[37.342,55.545],[37.344,55.547],[37.352,55.547],[37.353,55.546],[37.348,55.543],[37.348,55.542],[37.342,55.541],[37.342,55.54],[37.345,55.538],[37.348,55.537],[37.347,55.535],[37.342,55.536],[37.339,55.535],[37.347,55.532],[37.347,55.53],[37.35,55.528],[37.347,55.525],[37.341,55.525],[37.339,55.522],[37.331,55.521],[37.328,55.522],[37.328,55.517],[37.333,55.515],[37.331,55.514],[37.325,55.514],[37.322,55.512],[37.322,55.513],[37.318,55.512],[37.318,55.51],[37.318,55.511],[37.315,55.51],[37.315,55.508],[37.312,55.506],[37.308,55.507],[37.308,55.504],[37.304,55.504],[37.294,55.505],[37.29,55.504],[37.289,55.502],[37.29,55.501],[37.296,55.501],[37.3,55.499],[37.3,55.498],[37.298,55.496],[37.299,55.495],[37.298,55.493],[37.294,55.497],[37.288,55.5],[37.285,55.5],[37.278,55.496],[37.275,55.495],[37.274,55.493],[37.271,55.492],[37.27,55.49],[37.274,55.49],[37.277,55.487],[37.277,55.479],[37.273,55.478],[37.27,55.477],[37.266,55.477],[37.26,55.475],[37.261,55.472],[37.256,55.471],[37.255,55.469],[37.236,55.467],[37.231,55.466],[37.229,55.468],[37.226,55.467],[37.223,55.468],[37.22,55.468],[37.218,55.467],[37.219,55.466],[37.217,55.465],[37.212,55.466],[37.211,55.466],[37.207,55.467],[37.204,55.465],[37.206,55.464],[37.202,55.462],[37.218,55.457],[37.22,55.455],[37.214,55.453],[37.208,55.453],[37.205,55.454],[37.202,55.456],[37.195,55.454],[37.193,55.456],[37.187,55.453],[37.19,55.452],[37.19,55.449],[37.186,55.449],[37.183,55.45],[37.18,55.449],[37.168,55.449],[37.165,55.448],[37.154,55.447],[37.151,55.448],[37.151,55.445],[37.155,55.445],[37.155,55.446],[37.16,55.447],[37.16,55.445],[37.164,55.445],[37.164,55.444],[37.162,55.444],[37.158,55.442],[37.155,55.443],[37.153,55.44],[37.15,55.439],[37.142,55.443],[37.095,55.463],[37.092,55.465],[37.093,55.47],[37.107,55.47],[37.113,55.469],[37.113,55.47],[37.139,55.473],[37.139,55.475],[37.136,55.482],[37.127,55.487],[37.129,55.489],[37.124,55.492],[37.124,55.493],[37.127,55.495],[37.124,55.496],[37.126,55.497],[37.132,55.498],[37.132,55.499],[37.136,55.5],[37.138,55.515],[37.136,55.516],[37.136,55.513],[37.131,55.513],[37.128,55.513],[37.119,55.513],[37.119,55.518],[37.117,55.519],[37.12,55.519],[37.119,55.524],[37.116,55.53],[37.12,55.531],[37.122,55.535],[37.123,55.538],[37.114,55.539],[37.115,55.547],[37.125,55.55]]]}},{"type":"Feature","properties":{"territory_id":2603,"name":"Роговское","region":"Москва","type":"внутригородская территория города федерального значения","in_panel":false},"geometry":{"type":"Polygon","coordinates":[[[37.202,55.24],[37.185,55.245],[37.181,55.246],[37.179,55.244],[37.176,55.249],[37.172,55.25],[37.171,55.248],[37.169,55.248],[37.167,55.247],[37.165,55.247],[37.167,55.248],[37.164,55.249],[37.167,55.25],[37.162,55.249],[37.159,55.25],[37.164,55.253],[37.158,55.254],[37.13,55.271],[37.127,55.27],[37.126,55.271],[37.122,55.27],[37.121,55.27],[37.119,55.273],[37.117,55.274],[37.116,55.271],[37.115,55.271],[37.107,55.273],[37.109,55.274],[37.1,55.276],[37.056,55.288],[37.022,55.302],[37.021,55.301],[37.017,55.301],[37.013,55.299],[37.011,55.299],[37.01,55.298],[37.006,55.298],[37.004,55.299],[37.005,55.3],[37.004,55.301],[37.005,55.303],[37.004,55.304],[37.001,55.305],[36.998,55.306],[36.997,55.308],[36.999,55.308],[36.996,55.31],[36.995,55.308],[36.99,55.31],[36.991,55.311],[36.988,55.313],[36.986,55.316],[36.988,55.309],[36.988,55.307],[36.985,55.302],[36.987,55.3],[36.984,55.297],[36.992,55.293],[36.993,55.291],[36.998,55.292],[36.998,55.29],[37.003,55.289],[37.013,55.29],[37.022,55.289],[37.021,55.284],[37.026,55.284],[37.026,55.283],[37.0,55.278],[36.99,55.276],[36.987,55.276],[36.983,55.268],[36.98,55.269],[36.975,55.266],[36.969,55.267],[36.966,55.266],[36.963,55.267],[36.957,55.265],[36.953,55.265],[36.957,55.261],[36.954,55.259],[36.951,55.259],[36.949,55.257],[36.949,55.255],[36.948,55.253],[36.948,55.25],[36.953,55.249],[36.951,55.246],[36.944,55.248],[36.943,55.245],[36.937,55.241],[36.941,55.242],[36.947,55.241],[36.949,55.24],[36.95,55.238],[36.949,55.234],[36.946,55.231],[36.947,55.228],[36.95,55.225],[36.946,55.223],[36.948,55.22],[36.947,55.219],[36.951,55.218],[36.957,55.217],[36.962,55.214],[36.962,55.212],[36.965,55.212],[36.962,55.209],[36.966,55.205],[36.966,55.204],[36.967,55.2],[36.969,55.198],[36.976,55.19],[36.98,55.186],[36.981,55.186],[36.982,55.182],[36.983,55.18],[36.99,55.181],[36.992,55.183],[36.996,55.182],[36.997,55.18],[37.001,55.181],[37.007,55.181],[37.008,55.183],[37.016,55.184],[37.02,55.183],[37.014,55.177],[37.016,55.177],[37.018,55.177],[37.018,55.174],[37.019,55.173],[37.02,55.167],[37.02,55.161],[37.019,55.16],[37.015,55.16],[37.021,55.156],[37.023,55.156],[37.027,55.153],[37.028,55.15],[37.033,55.148],[37.038,55.146],[37.039,55.143],[37.042,55.143],[37.046,55.142],[37.045,55.143],[37.065,55.144],[37.064,55.147],[37.111,55.149],[37.111,55.154],[37.142,55.156],[37.141,55.164],[37.156,55.165],[37.157,55.162],[37.162,55.165],[37.166,55.164],[37.167,55.165],[37.17,55.164],[37.171,55.165],[37.171,55.17],[37.17,55.171],[37.17,55.174],[37.167,55.181],[37.168,55.183],[37.167,55.185],[37.173,55.192],[37.174,55.195],[37.169,55.195],[37.167,55.211],[37.168,55.212],[37.17,55.216],[37.166,55.216],[37.163,55.232],[37.172,55.231],[37.176,55.233],[37.178,55.234],[37.185,55.237],[37.189,55.236],[37.194,55.235],[37.2,55.238],[37.202,55.24]]]}},{"type":"Feature","properties":{"territory_id":2604,"name":"Рязановское","region":"Москва","type":"внутригородская территория города федерального значения","in_panel":true},"geometry":{"type":"Polygon","coordinates":[[[37.439,55.479],[37.439,55.481],[37.441,55.484],[37.441,55.487],[37.446,55.491],[37.449,55.49],[37.455,55.494],[37.457,55.494],[37.458,55.497],[37.459,55.497],[37.465,55.502],[37.466,55.504],[37.469,55.505],[37.466,55.507],[37.472,55.511],[37.48,55.515],[37.484,55.513],[37.491,55.517],[37.493,55.519],[37.505,55.522],[37.505,55.521],[37.519,55.518],[37.529,55.508],[37.524,55.506],[37.529,55.504],[37.527,55.502],[37.531,55.501],[37.532,55.502],[37.536,55.501],[37.535,55.497],[37.533,55.495],[37.533,55.492],[37.535,55.492],[37.542,55.486],[37.542,55.485],[37.555,55.488],[37.558,55.488],[37.565,55.487],[37.564,55.482],[37.561,55.473],[37.545,55.473],[37.546,55.465],[37.547,55.465],[37.546,55.462],[37.548,55.462],[37.546,55.46],[37.548,55.46],[37.548,55.457],[37.544,55.458],[37.543,55.457],[37.537,55.455],[37.537,55.453],[37.533,55.454],[37.532,55.452],[37.532,55.447],[37.535,55.445],[37.537,55.44],[37.538,55.437],[37.535,55.436],[37.529,55.436],[37.513,55.436],[37.507,55.437],[37.503,55.438],[37.499,55.441],[37.492,55.443],[37.487,55.445],[37.486,55.448],[37.495,55.449],[37.499,55.451],[37.492,55.456],[37.493,55.457],[37.496,55.458],[37.495,55.46],[37.49,55.461],[37.485,55.458],[37.478,55.461],[37.47,55.462],[37.465,55.465],[37.458,55.465],[37.458,55.468],[37.464,55.469],[37.465,55.471],[37.46,55.47],[37.457,55.473],[37.452,55.472],[37.447,55.475],[37.449,55.48],[37.445,55.482],[37.439,55.479]]]}},{"type":"Feature","properties":{"territory_id":2605,"name":"Сосенское","region":"Москва","type":"внутригородская территория города федерального значения","in_panel":true},"geometry":{"type":"Polygon","coordinates":[[[37.554,55.56],[37.552,55.555],[37.549,55.554],[37.549,55.553],[37.545,55.552],[37.529,55.555],[37.514,55.549],[37.511,55.545],[37.508,55.543],[37.493,55.54],[37.486,55.54],[37.476,55.537],[37.475,55.533],[37.476,55.532],[37.476,55.527],[37.471,55.529],[37.47,55.534],[37.465,55.533],[37.466,55.536],[37.462,55.536],[37.459,55.537],[37.449,55.539],[37.445,55.538],[37.446,55.542],[37.442,55.54],[37.434,55.542],[37.43,55.544],[37.424,55.542],[37.425,55.541],[37.42,55.539],[37.412,55.545],[37.4,55.54],[37.402,55.542],[37.406,55.547],[37.405,55.549],[37.4,55.549],[37.399,55.55],[37.401,55.552],[37.397,55.553],[37.396,55.553],[37.392,55.554],[37.394,55.556],[37.389,55.557],[37.389,55.559],[37.385,55.56],[37.384,55.561],[37.379,55.562],[37.377,55.562],[37.379,55.564],[37.376,55.565],[37.377,55.568],[37.374,55.569],[37.369,55.566],[37.368,55.567],[37.372,55.569],[37.374,55.576],[37.377,55.576],[37.382,55.578],[37.391,55.581],[37.4,55.589],[37.401,55.591],[37.402,55.599],[37.409,55.603],[37.412,55.606],[37.409,55.606],[37.408,55.608],[37.409,55.61],[37.433,55.609],[37.437,55.612],[37.446,55.621],[37.451,55.621],[37.46,55.617],[37.462,55.617],[37.458,55.61],[37.459,55.607],[37.463,55.604],[37.474,55.601],[37.479,55.601],[37.482,55.6],[37.488,55.608],[37.491,55.61],[37.494,55.609],[37.502,55.602],[37.507,55.598],[37.512,55.596],[37.518,55.594],[37.526,55.592],[37.529,55.589],[37.53,55.591],[37.547,55.587],[37.546,55.586],[37.546,55.584],[37.549,55.583],[37.551,55.58],[37.546,55.578],[37.539,55.58],[37.537,55.577],[37.54,55.576],[37.54,55.573],[37.537,55.573],[37.541,55.571],[37.546,55.57],[37.548,55.569],[37.553,55.568],[37.553,55.564],[37.551,55.564],[37.552,55.562],[37.555,55.561],[37.554,55.56]]]}},{"type":"Feature","properties":{"territory_id":2606,"name":"Филимонковское","region":"Москва","type":"внутригородская территория города федерального значения","in_panel":true},"geometry":{"type":"Polygon","coordinates":[[[37.268,55.546],[37.271,55.55],[37.278,55.552],[37.281,55.554],[37.288,55.553],[37.289,55.552],[37.299,55.553],[37.298,55.554],[37.3,55.556],[37.303,55.557],[37.303,55.559],[37.302,55.561],[37.298,55.562],[37.295,55.558],[37.292,55.558],[37.29,55.559],[37.291,55.56],[37.283,55.56],[37.284,55.562],[37.287,55.561],[37.288,55.563],[37.28,55.563],[37.274,55.562],[37.274,55.559],[37.271,55.56],[37.271,55.559],[37.267,55.559],[37.264,55.555],[37.26,55.557],[37.257,55.558],[37.254,55.563],[37.255,55.564],[37.252,55.564],[37.25,55.564],[37.248,55.567],[37.247,55.571],[37.256,55.573],[37.263,55.574],[37.262,55.575],[37.266,55.576],[37.267,55.579],[37.263,55.581],[37.268,55.584],[37.266,55.586],[37.293,55.593],[37.315,55.599],[37.319,55.599],[37.319,55.596],[37.316,55.595],[37.313,55.593],[37.309,55.591],[37.309,55.59],[37.314,55.588],[37.32,55.588],[37.323,55.584],[37.332,55.585],[37.329,55.588],[37.332,55.59],[37.332,55.588],[37.335,55.587],[37.338,55.586],[37.34,55.584],[37.34,55.581],[37.344,55.583],[37.343,55.585],[37.346,55.586],[37.348,55.584],[37.35,55.585],[37.353,55.582],[37.357,55.585],[37.36,55.582],[37.366,55.58],[37.372,55.578],[37.377,55.576],[37.374,55.576],[37.372,55.569],[37.368,55.567],[37.369,55.566],[37.374,55.569],[37.377,55.568],[37.376,55.565],[37.379,55.564],[37.377,55.562],[37.379,55.562],[37.384,55.561],[37.385,55.56],[37.389,55.559],[37.389,55.557],[37.394,55.556],[37.392,55.554],[37.396,55.553],[37.397,55.553],[37.401,55.552],[37.399,55.55],[37.4,55.549],[37.405,55.549],[37.406,55.547],[37.402,55.542],[37.4,55.54],[37.397,55.542],[37.397,55.544],[37.395,55.545],[37.392,55.544],[37.388,55.546],[37.383,55.545],[37.377,55.547],[37.375,55.546],[37.37,55.548],[37.366,55.548],[37.365,55.548],[37.358,55.549],[37.357,55.549],[37.354,55.55],[37.352,55.547],[37.344,55.547],[37.342,55.545],[37.336,55.541],[37.333,55.54],[37.329,55.54],[37.328,55.538],[37.319,55.538],[37.318,55.539],[37.314,55.539],[37.311,55.544],[37.305,55.542],[37.297,55.544],[37.288,55.544],[37.286,55.544],[37.29,55.54],[37.282,55.539],[37.28,55.543],[37.271,55.542],[37.268,55.544],[37.269,55.546],[37.268,55.546]]]}},{"type":"Feature","properties":{"territory_id":2607,"name":"Щаповское","region":"Москва","type":"внутригородская территория города федерального значения","in_panel":true},"geometry":{"type":"Polygon","coordinates":[[[37.428,55.315],[37.424,55.316],[37.418,55.317],[37.414,55.319],[37.41,55.32],[37.411,55.322],[37.41,55.323],[37.401,55.326],[37.393,55.328],[37.39,55.327],[37.388,55.328],[37.391,55.329],[37.389,55.332],[37.391,55.334],[37.395,55.332],[37.398,55.333],[37.398,55.335],[37.396,55.336],[37.395,55.339],[37.398,55.341],[37.397,55.343],[37.394,55.343],[37.391,55.345],[37.386,55.347],[37.386,55.348],[37.389,55.351],[37.384,55.352],[37.378,55.351],[37.374,55.352],[37.371,55.353],[37.373,55.356],[37.373,55.358],[37.371,55.358],[37.373,55.361],[37.37,55.362],[37.374,55.364],[37.377,55.364],[37.379,55.366],[37.377,55.366],[37.351,55.356],[37.347,55.358],[37.344,55.356],[37.343,55.357],[37.34,55.358],[37.34,55.356],[37.338,55.356],[37.338,55.354],[37.334,55.352],[37.331,55.353],[37.327,55.351],[37.325,55.352],[37.324,55.354],[37.316,55.354],[37.314,55.355],[37.317,55.358],[37.314,55.359],[37.314,55.358],[37.308,55.357],[37.299,55.357],[37.298,55.355],[37.296,55.354],[37.293,55.351],[37.289,55.351],[37.291,55.353],[37.287,55.355],[37.286,55.357],[37.287,55.359],[37.285,55.359],[37.287,55.362],[37.286,55.364],[37.284,55.364],[37.286,55.369],[37.294,55.373],[37.3,55.373],[37.298,55.371],[37.301,55.37],[37.303,55.37],[37.309,55.373],[37.313,55.375],[37.31,55.378],[37.308,55.379],[37.305,55.378],[37.3,55.379],[37.3,55.38],[37.303,55.382],[37.306,55.383],[37.302,55.386],[37.304,55.401],[37.317,55.401],[37.319,55.401],[37.318,55.404],[37.321,55.404],[37.324,55.419],[37.326,55.42],[37.33,55.423],[37.333,55.423],[37.337,55.426],[37.342,55.428],[37.342,55.429],[37.344,55.433],[37.343,55.435],[37.346,55.434],[37.349,55.432],[37.355,55.435],[37.359,55.435],[37.362,55.436],[37.357,55.438],[37.355,55.442],[37.359,55.444],[37.361,55.444],[37.363,55.454],[37.366,55.453],[37.37,55.454],[37.371,55.453],[37.379,55.453],[37.384,55.453],[37.387,55.452],[37.384,55.451],[37.379,55.452],[37.373,55.45],[37.371,55.448],[37.374,55.445],[37.379,55.446],[37.388,55.446],[37.39,55.444],[37.389,55.442],[37.395,55.442],[37.399,55.445],[37.4,55.444],[37.396,55.44],[37.391,55.438],[37.387,55.438],[37.387,55.434],[37.427,55.432],[37.425,55.427],[37.43,55.429],[37.434,55.427],[37.429,55.426],[37.427,55.425],[37.429,55.424],[37.432,55.423],[37.434,55.422],[37.433,55.419],[37.435,55.421],[37.439,55.42],[37.439,55.419],[37.436,55.415],[37.438,55.414],[37.443,55.414],[37.444,55.413],[37.45,55.416],[37.452,55.413],[37.456,55.412],[37.46,55.413],[37.466,55.413],[37.468,55.412],[37.466,55.409],[37.469,55.407],[37.462,55.405],[37.463,55.403],[37.461,55.402],[37.461,55.399],[37.468,55.4],[37.469,55.399],[37.464,55.399],[37.468,55.392],[37.471,55.39],[37.464,55.388],[37.467,55.385],[37.469,55.38],[37.464,55.377],[37.468,55.371],[37.465,55.369],[37.462,55.368],[37.457,55.374],[37.454,55.38],[37.449,55.382],[37.447,55.381],[37.445,55.375],[37.441,55.374],[37.438,55.375],[37.435,55.373],[37.434,55.37],[37.429,55.369],[37.431,55.367],[37.43,55.365],[37.428,55.365],[37.443,55.353],[37.441,55.352],[37.42,55.351],[37.422,55.346],[37.423,55.343],[37.417,55.342],[37.41,55.339],[37.406,55.336],[37.406,55.335],[37.411,55.333],[37.414,55.332],[37.415,55.331],[37.421,55.329],[37.423,55.324],[37.425,55.322],[37.425,55.317],[37.428,55.315]]]}}]}